# Rhino

mtllib ????obj.mtl
usemtl ??? 006
v 599.12745478916781 -115.58563988791236 83.903576601981626
v 592.31852329317508 -114.50971829437135 83.479908105483275
v 592.11007978028886 -108.94448700098384 83.488247400833245
v 599.12812456405436 -109.29590353160283 82.267708253008038
v 592.57466434619187 -103.49472011391978 81.715755440249666
v 599.12812456405436 -103.64247723798441 81.910860266668976
v 593.7826033539651 -97.875428418980349 81.183906339318298
v 599.12769399448439 -98.42634218364482 83.666797724310584
v 585.30459284085521 -114.97327427741301 79.375144872604977
v 584.56119055792169 -109.95921987453822 79.322069697950809
v 583.83348014375724 -103.13474003296649 76.45344777967307
v 586.35857930686382 -97.232635892209345 77.04060413986906
v 577.77106059981384 -96.682822472001234 70.659040600099388
v 580.53335575486244 -91.989135749650529 72.50134986494939
v 573.11186728411712 -103.14784848431619 67.965330841936805
v 575.69121821302883 -107.45081724253031 70.608524174816239
v 577.48525808753857 -112.09520374912948 72.989617999745775
v 579.71221174403343 -116.30488243386908 73.707027634964078
v 572.59714528385439 -115.7150499641936 67.363213310462271
v 575.53334270407208 -117.87313641003887 68.194045884130162
v 570.4440582291262 -113.30189888925636 66.034794059883097
v 568.60672219231151 -111.18445342670167 64.22887941675603
v 599.13687947864196 -126.99951293379662 81.247941602572439
v 592.61619038915376 -126.98939454890437 80.16449102169139
v 592.60767467988285 -131.93161559520382 75.436816961434829
v 599.13032525296694 -132.29836518661688 75.625574624281512
v 585.93590351242938 -125.92268236005255 76.780786800142948
v 585.60187720832732 -130.35542000252286 73.315527768448959
v 580.48283559199615 -123.71680269195031 72.291371700453709
v 579.54500722772912 -127.18283988843977 68.904545102006892
v 576.36592072903454 -120.98177694299436 67.259358958435058
v 574.21173332984995 -123.26537441846033 64.780217677417937
v 574.77955891039801 -119.2988479380459 65.441266989341045
v 571.70648820802126 -119.43801759124456 64.427733412754804
v 569.22334565744643 -119.52597338615885 63.277538007771646
v 566.99371290140573 -119.71595024860362 61.487149471604447
v 571.29864314321594 -125.74954555189647 62.62615812693425
v 568.90357599021377 -128.12069217323847 60.112892128473327
v 562.26491083857786 -119.93566033190187 57.702075361043626
v 565.26220129665558 -130.71776821611047 56.440626497704983
v 563.16097395456643 -107.15468106057789 60.750689749227028
v 569.73003035907118 -97.925111363238386 66.546790614569744
v 575.27485743895272 -90.911922447399903 69.714057754316116
v 581.23815029969637 -85.04294824299204 74.050670740310153
v 591.80700664415485 -138.18618876997294 74.826760429757201
v 599.12965547808051 -139.02534494114201 76.113217087671671
v 584.1159816226633 -135.66391222960215 71.116745770600289
v 576.95857582144583 -131.34192664871824 66.078299526839942
v 574.47337610514842 -135.53172737164829 62.523721229927126
v 571.79231507561758 -140.3178669488654 58.073660263676828
v 582.2548207363152 -141.56465290005468 69.440557870480347
v 580.85398656123471 -148.40417875604072 66.000242907570737
v 590.91802400553775 -145.24941943804441 74.286408327337341
v 599.12922490851065 -146.49974562791942 75.916657593920661
v 590.76713329182576 -153.09956383613923 71.449916915695496
v 599.12869865681409 -154.44554823212314 72.560995710643908
v 591.46877032648058 -159.44922112425741 63.670229555929659
v 599.12793319980096 -159.89184664209643 64.110301884052546
v 581.45850623734952 -155.2660463885972 59.261140862989485
v 570.03946635662669 -146.13612962615377 51.749070945221945
v 561.58499364667045 -132.72458121973705 48.322939923191001
v 582.14913982744076 -159.17951712978942 48.594233137981206
v 567.56995850909811 -150.59116120413137 38.92271068775554
v 581.73938112010273 -165.41097111070906 36.71439860059013
v 571.27189998881988 -161.12416067163133 28.586641482247217
v 583.9016058179252 -174.01175375256457 24.431914238863897
v 574.40644645756333 -171.43551249276857 18.559097799058122
v 584.61113662802791 -191.05500099748298 13.437251500389863
v 575.20634903627797 -188.8753621526119 9.6545632759829783
v 592.75512083703575 -192.1302528161375 15.290195684112661
v 599.12764615342098 -192.29492175608584 15.754224097654628
v 592.8147308019328 -174.62995597278899 25.645982882875046
v 591.27802800702284 -167.63370279336584 39.376716398531954
v 591.76093570017747 -162.47480957128897 51.957494275159675
v 599.12740694810441 -163.44189274577639 52.799037266878386
v 599.12735910704123 -168.25865060351839 39.677718913643886
v 599.12769399448439 -174.88491295948847 25.44119622126621
v 564.14817429617983 -186.30694290666878 4.5134430089295545
v 566.12496703257307 -167.93898857867822 9.6286872408595325
v 562.47512447080703 -155.80717665581267 16.064718578736006
v 557.09554042363379 -144.83389588257626 20.782523177132987
v 556.50288533122261 -133.25863100958111 36.446730841379775
v 551.16707585698737 -130.17553760443855 22.458009906668735
v 553.0002497212929 -180.63316024060759 -4.9942148292248607
v 556.21196382517201 -162.95185673418683 -1.5054949885886533
v 556.66851109243726 -149.62469996346709 2.1306889495993726
v 551.81690102006633 -138.9980037734544 6.0790238656862794
v 547.24109467773678 -126.01470464534897 9.9222400053926645
v 556.72166251378599 -119.47435287883623 48.42448706518789
v 552.1125109503223 -117.65600974415983 36.145942116019427
v 547.58325396260329 -115.11024324169883 22.983837013754595
v 543.92599603602275 -112.56143883171701 11.109481773146966
v 545.24578744983876 -122.73873999343088 1.6764978547026441
v 541.83352360852132 -110.94905147463432 0.89027183996455328
v 549.2694122393259 -130.62782701706834 -5.3943216020379783
v 543.16934177854955 -113.59789154801877 -11.436504376196902
v 551.09497937456354 -142.12329299644534 -9.4829683767102626
v 549.55818089752688 -157.70712468424756 -10.463578611851483
v 548.64087634942416 -175.49208781461749 -12.355602964174048
v 547.81403925206018 -135.63549463798989 -17.946178060855438
v 546.99294308229469 -152.66973580273833 -20.546471415235693
v 546.68063662093994 -169.12215787591731 -22.983255975453162
v 545.52709290216194 -128.67323253405578 -33.052914744696402
v 546.51525006504176 -144.94517419585918 -35.951485168612635
v 547.85561313608559 -160.95236341324824 -38.625621204227755
v 543.8162007957028 -112.28563510167568 -28.577909522782655
v 543.12341435776216 -104.71519348028284 -45.53096440307651
v 547.5002018766794 -122.95256562594078 -47.135027415141536
v 549.7231368838552 -138.50952259642287 -49.297957768647919
v 551.16205254533861 -154.0035924891705 -51.969677830565331
v 549.09847612008275 -103.60836655983694 -56.018526820688038
v 553.19735490217249 -119.78154034641562 -55.856560900817342
v 554.67923183851758 -134.49606403289124 -58.013977571776053
v 554.74970172478834 -149.86172851168732 -60.822642677447746
v 593.24735753753805 -93.955786180619796 90.209704502611316
v 599.12778967661109 -95.214652000297463 92.743875527349985
v 593.37576295148961 -95.42359784434872 80.159587312701092
v 593.05336202577428 -92.912516112794904 86.136357898002075
v 588.86841717077141 -93.023172492254673 83.972038658626133
v 587.64478629422911 -92.857833777419827 85.906263313896858
v 588.74202108147915 -95.492369372871565 78.954937378031104
v 582.58674203363125 -93.954829359353397 78.865908149258559
v 584.72428074278048 -91.701132548462581 83.93849160800599
v 592.76373222843358 -85.627589957297303 95.925416870606284
v 599.12822024618094 -85.502389894588191 98.518707489343001
v 588.62705900632068 -86.053231897657653 88.71304467770031
v 584.25979185900405 -86.867702080153421 83.858039384866885
v 584.32624309595599 -83.863139780451149 81.563341287677446
v 588.3226941614771 -79.81081035297187 82.151275065152419
v 593.95459197660148 -76.88202829756888 90.836440372505479
v 599.12769399448439 -75.895162843398566 93.66313856898239
v 580.89843090905924 -89.52426848526413 76.635773062053005
v 581.97777313862775 -85.325641086151492 77.205735045085106
v 599.14252472411363 -122.5407258323484 82.168043357846102
v 592.86793006434493 -122.23643274909988 80.590994101191598
v 586.31427848222916 -121.9318765400031 76.85412864524605
v 581.11955230372553 -121.14711565782919 72.357978420861343
v 577.42177299651269 -119.9012147663113 67.881844075101554
v 576.24215589822506 -119.19546340021084 66.184473796679896
v 599.13697516076854 -118.61280709003343 79.346764656823439
v 593.12057871973934 -118.074068875984 78.000336235970678
v 586.24921463611372 -118.23890525965389 75.012383755439942
v 581.06750122683309 -118.5334866070484 71.00466462447352
v 578.12321866691434 -118.86779995753038 67.491397085737759
v 577.53769189293769 -119.23548244967824 66.082463381261192
v 592.83759883020002 -117.18341180015072 80.501800418763821
v 599.14214199560706 -118.08040781687394 81.529354697288056
v 586.05383173351379 -117.24443307641572 77.224070132602577
v 580.75835227565767 -117.79711696042297 72.686847607840775
v 577.00450324223334 -118.4181178828516 68.249653645073835
v 594.55825051357647 -67.617462862410619 84.907941420094573
v 599.12764615342121 -66.411915907803404 87.217725897595471
v 594.81506134147969 -60.930884885859541 80.906230827674619
v 599.1275983123578 -59.708067307393712 83.142873794524974
v 594.38343926820426 -55.843848940889671 78.335450924263228
v 599.12764615342121 -54.778954712444019 80.687423744446448
v 594.21934442101576 -51.366834394316399 75.875146501290999
v 599.12774183554779 -50.608362176437055 77.636790500766779
v 593.70017320186435 -42.88375272849462 75.941162683573225
v 599.12826808724435 -42.83359137360334 76.793303218334017
v 588.168789460776 -44.260785974573274 74.996518462816255
v 590.99868403829589 -53.397735373324764 71.931876757783158
v 590.89764371256354 -58.321107040676004 73.907951130709847
v 590.76091395359413 -63.46438015557888 76.504251998852709
v 590.38129511614795 -70.106298499520506 79.471674683086178
v 585.55547137690678 -76.910996061409264 75.696445179457555
v 585.93317657182024 -72.176668355768015 74.574919839823082
v 585.9935041526669 -66.69518284372262 72.449215813712755
v 586.46000236110285 -61.820776504679657 69.262422418723901
v 588.57103712117271 -56.267338033400591 67.845449359938925
v 586.68031045769271 -51.225751098584944 67.38445810640124
v 580.6989336750139 -80.068793286926336 72.567805587000919
v 579.89639983781649 -75.347167383596613 71.17757119751235
v 579.19131824660246 -70.581264576163989 70.23766697960707
v 578.70247826159607 -66.592300637052389 68.692735895564255
v 578.55933780014198 -38.92064688410759 76.504391036943019
v 579.03564342655841 -47.17851674434926 69.418986783539196
v 569.29989135875894 -36.141607356896969 74.149570925975581
v 570.7348362119867 -45.55029399530752 71.142606107874713
v 558.89173314599316 -35.932852877099002 69.379807942746254
v 561.02037341736479 -45.268510132351167 68.994290077937706
v 549.93019300590549 -37.355287292268635 61.184115393213709
v 554.20426576187424 -46.715319569282471 63.621544406192292
v 546.50740413065751 -41.415032084562554 52.255035040830492
v 551.22969980887365 -49.282160060136029 57.69127748354893
v 549.69763759710554 -53.186708443019057 51.750814901483238
v 544.64165050223062 -47.957249652544732 45.069188474985779
v 549.04388946683434 -57.842887771726623 48.811108638277659
v 543.69841609780838 -56.41595629660489 41.198433823205661
v 549.80183543301723 -62.36030409627385 51.827353875146116
v 543.9058071073016 -69.61025843448428 44.959427620430077
v 553.12114408830337 -67.160700310360383 57.239704939352322
v 550.82309861171461 -76.202565595762835 55.298983990944379
v 558.17526538170887 -70.022289592330054 61.76950312910008
v 557.41679316382942 -78.051455249369255 61.328289483266467
v 564.49483064099854 -70.70227854583257 64.939717353098672
v 564.44435831919577 -76.786130886143368 65.258440683950312
v 571.49536559558896 -69.434155480402467 67.226877118990444
v 571.79709918194976 -74.079163920824783 68.085526280912632
v 573.77240884538003 -85.111887215236536 69.028991667968683
v 572.62848118032935 -79.476138194514945 68.275037066748354
v 565.30267483622447 -83.831923486634636 65.024847348331463
v 566.96740031657964 -90.978421525415044 65.531250423071867
v 558.28152038334315 -87.209048066943424 60.291266224908803
v 560.05556269338501 -95.936980294838349 60.060444680896062
v 551.28792238293431 -86.835648567728811 52.786621015913511
v 552.96853109631172 -96.494161238797759 51.089627485865549
v 554.32472955931439 -107.07930746531677 49.936372308500637
v 546.82789141383978 -93.54894577814423 39.504386256134879
v 549.06680533616463 -104.19152520117926 37.720681546335612
v 544.64380335007991 -83.063213281204668 41.900215876083749
v 541.23211360152231 -52.186016921549154 32.990034612503536
v 538.85953174828069 -65.404574478531927 30.769357105503076
v 539.47323690855296 -77.969718792686578 28.770082059415884
v 541.9846056864867 -89.013254167408704 26.524470388226206
v 544.82827849024284 -100.48860297965952 24.509318089249575
v 540.72772527093684 -97.322648852846314 12.288237732294874
v 538.29381117451862 -84.368724137619566 14.179380015012441
v 536.39155481477837 -73.073640451959506 15.925525005005682
v 537.17586120685075 -59.475392295935492 18.197622684875995
v 540.39293350982166 -45.827437275121724 21.796433782411583
v 538.82054128167476 -38.712897066639279 10.413645467419597
v 537.52046038594665 -53.388358524913919 7.4742666164912617
v 535.78402115167455 -68.831645128947059 5.3528383854150814
v 536.56119922531207 -80.154596233991171 3.60734522990961
v 538.32304206420724 -94.011162211412923 1.6496829387116332
v 535.86822142311826 -32.215004243823259 -2.0712514431481868
v 536.26042246021768 -46.861856746232391 -5.1989686001026616
v 536.29979565533017 -65.586609724465475 -3.5730960432965606
v 536.33639406877023 -77.050691966304342 -5.132822349929457
v 537.79018830094628 -92.005282108521044 -6.4033374685256508
v 585.02955456782718 -57.913261975870796 64.4777353597282
v 583.216186903736 -54.975557562158585 63.599057985156968
v 577.44779853495902 -51.920714304906696 65.131184576793402
v 569.96942703992602 -51.46005270619591 66.527589902812821
v 562.09617540824752 -52.314900746133958 64.243025981804038
v 558.60085948100595 -53.982688054541534 61.797570415738925
v 557.07099795815066 -55.498843112755559 58.00183625105916
v 556.56330859419609 -56.743547977690426 55.601391089774864
v 556.58722912585631 -58.018631917833645 54.294831467549926
v 556.65478070726431 -58.845612538387655 54.890854869825688
v 557.58002687187832 -60.687828363660891 57.482152235510171
v 560.14516900498393 -62.545209806006667 60.03640305154439
v 565.09796292627721 -64.007280542137124 62.425448023821893
v 571.61803008194215 -63.706384174384354 64.077293325713413
v 577.61605555465621 -61.809868742242628 64.771225613184299
v 582.79939556008981 -60.176216032514077 64.698210619720783
v 560.81106876533863 -60.061541003735371 59.598286927681578
v 564.70092994178231 -61.071322327236089 62.691560738235374
v 571.3930814022101 -60.988581208223721 64.049426747285594
v 576.9580974108128 -59.264867696794767 63.36759670708161
v 580.83925151373228 -58.680106379831244 62.61790598734941
v 583.11122361081129 -58.253746823521084 63.121788249187027
v 582.26635043257556 -56.77715632467293 62.90842399794743
v 576.99814038081195 -53.718366179697128 64.649801256894506
v 569.98325310722544 -52.72049728096313 66.542137697403547
v 562.54650333728102 -53.216322061214299 64.351344689931494
v 559.32818716666384 -54.702863501233075 61.578888728422861
v 558.06924958539116 -56.151179931658952 58.111509646170987
v 557.85439537002003 -57.204807589692706 56.196348533358503
v 559.25503818084724 -59.212266447674125 57.375501423828581
v 558.10776164136405 -57.936345288922794 55.285954028839114
v 558.24047275101441 -118.25560179075264 -62.23597533032067
v 558.69749842891292 -132.09389248198607 -64.504969321208137
v 557.9888287579497 -146.64999048727668 -67.731920803754662
v 562.23453176336966 -117.06077123432918 -67.459023418310068
v 562.14296396817463 -130.17388708775411 -70.090365622785157
v 561.02577945752 -143.96986235848078 -73.750577735025757
v 566.15261916717236 -116.24438740930059 -72.419519750797861
v 570.57605172282683 -115.43190263093265 -77.192060505766165
v 576.01271015854115 -114.82135498083947 -80.678214869381861
v 582.17052478274513 -114.44348234220442 -82.680375329600537
v 588.18256768701212 -113.88886089513268 -83.221553437879294
v 593.8088202566646 -113.44898623843453 -83.133119232331808
v 599.1275983123578 -113.37875555748042 -83.018958494983792
v 599.1275983123578 -125.06862369765925 -86.711415483902215
v 594.00228951673171 -125.0565199086392 -86.796740020333942
v 588.40507647251468 -124.97906522712371 -86.66132589060598
v 582.09723227373843 -125.05061153731911 -85.743483130540938
v 575.3254732839456 -125.88962418529819 -83.453726118172483
v 569.55531479582578 -127.22063432846276 -79.666818909994021
v 565.44772894021162 -128.61280927108237 -75.011405038299557
v 599.1275983123578 -136.24379375810707 -91.079184962383636
v 567.72840811081494 -140.28440212507286 -82.855055012048638
v 581.26728550725852 -136.93428382500838 -90.169917712918817
v 588.49195584350423 -136.3785141924169 -91.278706116960819
v 563.94279261134614 -142.08588128492892 -78.424111409452763
v 573.86856938265373 -138.32688933719783 -87.32021693518422
v 594.17040301323914 -136.30220769642114 -91.224095543180738
v 542.66945050791628 -75.300928995897522 -61.881520892180902
v 546.07664319652179 -88.19077060680678 -58.916487271046961
v 599.12759831235792 -98.544988020679043 -83.143070173502366
v 599.12759831235792 -81.083310875695801 -87.631088164639294
v 599.12759831235803 -59.582101787671462 -96.247670317656315
v 599.12759831235803 -31.819215126974889 -99.585218378333337
v 540.18511193075847 -61.444099892627506 -63.267643940290455
v 536.5894732937345 -44.794022466340792 -60.946945720219674
v 599.12759831235815 3.4440020768187054 -91.364341620304089
v 533.01354517479831 -31.09836990539678 -52.059044936847613
v 599.12764615342144 33.763299876564986 -64.048744981120251
v 599.12764615342144 47.435271111165562 -27.151013928458369
v 529.961763745599 -25.712279473611929 -36.070035323520244
v 547.54612929746713 23.67914526513583 -31.419716525069326
v 550.29388076926625 8.0008872786052052 -61.552852787170735
v 555.50649950545176 -17.243454444659605 -79.985308828782848
v 559.14361634437455 -44.365605744307906 -85.699983643717019
v 563.50801302789171 -67.195098034887636 -82.891474021501153
v 566.12424941662346 -86.073420826378779 -79.297234735579138
v 568.59256123756882 -101.42750776785132 -77.068451158412444
v 570.10008098385379 39.930060779609903 -29.026347729815079
v 570.49319100115633 25.935664698762466 -63.642490631670455
v 572.02936754436996 -4.5933204815165709 -87.005937029967669
v 575.21352519577636 -36.517662035125909 -94.597919090120371
v 579.14204195138279 -62.804771495050758 -91.569364497163122
v 581.91935920031369 -84.071033121109309 -86.296489941725667
v 582.20209988453644 -100.13622962777417 -82.891414220171953
v 534.04791680484573 -0.14620659951842185 -34.125744609520318
v 538.77853682807961 -11.727332002770325 -57.686433731754022
v 543.42136850012082 -31.190942362921483 -71.167877931681545
v 547.85633075203555 -53.542980841565019 -74.635780929640589
v 551.81470033115374 -72.004918938448256 -72.603767645910011
v 555.25830006894603 -87.44421081369417 -69.495473960663531
v 558.88264334396217 -102.29094327865533 -67.334971541120638
v 581.25188068486977 44.499121532011273 -28.141939892877993
v 580.64066325989006 30.425237524457231 -63.84207158757679
v 580.37490615314596 -0.20933288256956928 -89.022784696625649
v 583.40716842851066 -34.207082199947337 -97.256566581485572
v 586.47588559412532 -61.111724105210101 -94.158498923523837
v 588.52075616362322 -82.478428043709542 -87.304357622693544
v 588.48344013423332 -99.286141773636487 -83.340701606078397
v 530.78424730620077 -13.603491062469246 -35.6013483864375
v 535.3570875026046 -21.266481220855198 -55.290457598548699
v 539.2796241252961 -37.975857645127356 -66.018050591103844
v 543.75118479065077 -57.552516437904316 -68.74857928010772
v 546.86042333689761 -73.766666095216806 -67.324793354899242
v 550.53753530475615 -87.979432709589545 -64.459795397167966
v 554.55891156426719 -102.89225760352765 -62.28776328136486
v 558.04757758370738 32.846186692715676 -30.193005880075809
v 559.40989970281521 17.876454853958137 -63.116705385515004
v 563.46356868006728 -10.426820537472409 -83.954035998110044
v 566.66719764424511 -39.855030691815543 -90.676841619860369
v 571.02633181079727 -64.807087438725233 -87.776285791816292
v 573.68878266669617 -85.261988551403832 -83.695443090598047
v 575.02072571059557 -100.85236250461512 -80.918903258945988
v 539.93480748746697 12.557605036669997 -32.543766228310552
v 543.79495936358876 -1.8433204797413083 -59.597947337246595
v 549.11416798885193 -24.063676431595837 -75.992362121149796
v 552.99336060817507 -48.954664061177176 -80.393165853853873
v 557.20820612775333 -69.692234096483602 -77.762768510379374
v 560.28290342628293 -86.747333964839626 -74.355252894596362
v 563.32583425876805 -101.82733945455038 -72.241586876043925
v 590.57313778006244 46.703542047682177 -27.485100033889573
v 589.99335193368415 32.828772545667022 -64.062547127888223
v 589.34601450589776 2.3443513158708669 -90.719527808607808
v 591.177035522354 -32.517479366665725 -98.918684723889669
v 592.97504620511927 -59.924715562639491 -95.71347700462232
v 594.02941539963444 -81.273192056013897 -87.667889902598404
v 593.95487902298146 -98.55469975653304 -83.25217171840427
v 543.54432003285388 9.626048199594436 14.489814694764675
v 541.13982819037778 15.266389962394769 -8.0458407749684699
v 530.99938856795211 -26.664890726444973 -20.437800439903768
v 545.98153516264119 -0.78782702023811169 31.654090859684032
v 550.06577457935509 -25.856998690155784 52.869004821984305
v 548.37569333544025 -14.063411124698632 44.413595473710146
v 531.81780563817176 -13.504460061396358 -16.529759659398387
v 537.03166824200366 -18.634768248139387 3.2379464396151416
v 540.10191632164469 -25.960718115434062 16.456408314471219
v 542.4210118660942 -35.025403588040305 28.388400076113896
v 543.70477895923 -42.74226278372484 38.240467224144041
v 546.04717310151659 -33.888747764614237 44.934847779116055
v 544.57835677545791 -24.276066832206112 36.418761759736142
v 541.73693250167776 -12.741658227286507 24.284967422809217
v 538.84958080711021 -3.7153173669314299 9.4487091606486882
v 534.80217900915295 1.8181474604114385 -12.033883773611139
v 599.12807672299118 -23.042652458214917 75.250027509833785
v 599.12812456405459 -2.6007401942277824 68.460923518279174
v 599.12769399448462 18.679778068700202 57.73162282401853
v 599.12764615342144 36.11349211217275 34.641995499151491
v 599.12716774278829 45.578942172212734 4.7622942799227541
v 586.02450516169858 -22.577182832640453 74.089297166325025
v 584.91746295646794 -3.1082621144607288 66.697247768645553
v 583.66345300471721 17.404287479518757 56.127271270540319
v 582.60477811450323 33.764304538894734 32.798831822811252
v 581.90117959625218 42.942803901139897 3.4688393714644956
v 559.90438493329316 32.650851631179066 -1.1674918960980722
v 561.12811149196227 25.198194707680642 25.63001592799192
v 561.86304590668806 10.778443732852836 47.377204328177015
v 564.39010655339075 -6.1884132942090133 58.828154198134541
v 566.94745059317518 -21.864207465978566 67.009750453111394
v 557.65293665237834 -22.819521738889186 60.658712314927349
v 555.151614497742 -9.2722243153012869 51.865416673633661
v 552.80812001099912 5.4104133024714116 39.267495250971734
v 551.2740484745716 18.215815436620417 19.951138188687125
v 549.59578397329688 25.112583124869118 -4.4759645505422743
v 571.37528452665538 38.84100681418748 1.644653646930136
v 572.47701637385751 30.602249458742193 30.253259674670019
v 573.29385468898772 15.062754476372007 53.281373109823107
v 575.09014309347333 -4.0789094481654757 63.905892157696449
v 576.78075058908462 -21.876335175530286 71.865521202957979
v 593.0215955597298 -22.972613141514032 74.588840094216039
v 592.53533899214267 -2.6991492614775581 67.9593738820368
v 591.78222497335537 18.390770205182534 57.31440053704415
v 591.02112149699337 35.482277122725264 34.106633070132574
v 590.69671124661863 44.902708742180963 4.3988158212141553
v 531.09114772740031 -37.054510527174116 -22.372349517385103
v 529.86522047981862 -35.69300170614283 -36.034016982973014
v 531.95362641693794 -40.336814119982172 -49.303555173056452
v 535.21011975608462 -52.005010258476908 -56.325283718697648
v 537.8797467714819 -65.150418829643016 -57.811430469944
v 540.1213876344159 -76.635479377747814 -56.418848878286184
v 542.44144000013193 -88.078774677574074 -53.037215277759387
v 535.57653446005452 -50.581762545230852 -13.015564452544099
v 531.56730983062687 -43.784288983903409 -23.983684371074723
v 530.17685716628682 -42.444691369872793 -35.642366118101727
v 531.78934020549627 -46.429923706045436 -47.040912083324784
v 534.98115242703398 -57.601984097377468 -52.572212102552406
v 537.12873775948037 -67.721445413537126 -53.022647673978426
v 539.40592453246131 -78.154026489127872 -50.339409876066696
v 540.96516046819534 -87.682004818927481 -46.22074881429382
v 541.75324630426985 -97.545038035690538 -38.791390488632445
v 541.7582217748552 -104.11835229483096 -26.748341678624676
v 536.78700904418372 -108.62373659195306 -15.51911121662498
v 536.68745179141422 -89.724028845157775 -11.323910433672618
v 535.94184881956789 -74.177740431796124 -11.45511454982846
v 536.98330092698677 -63.250985092638729 -9.5614038000238981
v 534.76644173485261 -87.746877300789748 -15.118466231849462
v 535.19485845688541 -72.621111834013178 -16.267907579447822
v 536.76342339996688 -62.162385617317881 -14.500156369232608
v 535.21466465710023 -52.729060831297403 -17.059635316467713
v 531.86291976088273 -47.602914817063244 -24.918020337719405
v 530.6430204872795 -46.838940876901972 -34.720851556426844
v 532.08428036086559 -51.289499315459125 -44.114761286404331
v 534.92020291236395 -60.550357068210097 -49.03393490044931
v 537.14356848910961 -68.544263861582266 -49.453823952945385
v 539.17466083237127 -77.305541310611403 -46.782187612888748
v 540.9590846531537 -85.621011811090696 -42.363754448351173
v 541.73272248810554 -94.195350305195916 -35.026831037157407
v 541.64483845478617 -98.503605500906914 -29.860713814519137
v 531.64945293634764 -108.06509649556236 -29.247247859563501
v 536.43078448670099 -104.47720811079617 -30.760514513579473
v 538.40901245499379 -98.048110737034705 -30.39809453839689
v 540.06622688840753 -92.186432294783216 -33.41696131603193
v 536.37122236286734 -90.945865681825552 -36.24499009208246
v 533.53759618240838 -93.586524933382279 -35.715198156873917
v 532.09346584502305 -96.979006495016861 -38.871464468364692
v 528.40271917411815 -97.551831466682017 -38.741946749690953
v 532.21847454347881 -104.56274793201281 -17.637112831540755
v 533.9429056708575 -91.473935338754586 -16.920519484465366
v 532.53422556139253 -96.530281241604513 -19.870895799824524
v 534.73572777220102 -89.356154988756643 -17.757636430310356
v 534.83590695879354 -84.897200443586812 -18.029002901728624
v 532.84198712173179 -90.888839134347805 -20.604233519061999
v 528.67895347372939 -89.694750114405792 -25.90681139468844
v 529.02594470599115 -95.593266175413902 -27.055451404476187
v 526.44161830649409 -88.818612801290186 -33.351496801011088
v 526.71560407612924 -91.602532116959409 -34.901278146606316
v 529.35757895692723 -103.93026515438729 -28.354802723988598
v 527.34528815155045 -94.704809788493321 -36.72044055949214
v 525.85590016826416 -85.628977348133489 -42.896691933473072
v 525.50278527989735 -86.788261994510037 -44.677910403012966
v 525.30792862899398 -84.33741216167644 -40.092236841373605
v 525.87905524291114 -88.244543961978735 -46.830243960993954
v 529.36901297106078 -87.957067012487315 -46.607818897352217
v 535.77631874047984 -71.782649358262304 -20.727501998839578
v 535.27805406599941 -61.345212414744537 -17.645688342140922
v 531.25883065433777 -61.230346021712592 -20.971341918450051
v 534.16881117185585 -68.967944318346483 -23.037220694878386
v 532.61871287921622 -60.686751939736148 -23.746153491689711
v 535.3362287989969 -67.179406166118568 -24.858565856278204
v 532.71051987972783 -52.840099939263737 -21.051792646555917
v 527.15732061376525 -54.246196631309488 -23.651972378410818
v 528.1639922681502 -55.517740332767019 -27.15235945836433
v 531.54032747091424 -49.27589288084107 -25.208654797390039
v 523.68621226456389 -53.430889230205587 -33.25896620441678
v 522.94936420730517 -49.90485934031247 -32.158268920208783
v 528.69086589849621 -48.556411129567628 -33.104409669227763
v 530.40611154171756 -49.458621822192761 -34.499484976311088
v 523.41380525001819 -79.222437035727538 -48.172520674570492
v 524.25695614997449 -79.344766634637452 -50.654837966803001
v 521.67377793599712 -71.328972554796266 -49.048885232736879
v 522.81244308408259 -70.261160021488067 -51.877452220749717
v 521.04122339677656 -64.703607218763437 -47.096910047941151
v 522.36020151251614 -62.870074546482826 -50.201364487856139
v 521.61187160006068 -57.816025014672263 -41.478419690812352
v 521.74362588844474 -54.107314024490748 -43.221377269961863
v 528.05510600803336 -53.849259328941272 -44.37427513438513
v 527.25515558825521 -63.323583906227228 -49.692909666888369
v 527.48852429513136 -70.256328074092735 -50.735533880358425
v 527.83431950081024 -78.722450082967526 -49.684525520541484
v 530.374967009496 -56.408827978170166 -42.131510006463039
v 529.32758261022559 -64.627276802235983 -45.782787800128595
v 529.55138310443772 -70.452452513174123 -47.507960463988766
v 529.61252398336092 -77.712620918403474 -46.45811224995736
v 530.83366712461066 -86.160443720558263 -43.202791016861866
v 535.43511627687985 -85.154704966908099 -42.030601243654736
v 539.82888737327585 -84.250604552281843 -40.228488189709708
v 538.18569037141492 -76.519440878664554 -45.052565730139762
v 536.46857892672415 -69.225448841667784 -46.467010687734913
v 534.78452565678765 -62.793863732613673 -44.860735026491369
v 532.07169816121234 -55.316831787353578 -41.801215305299955
v 534.0830321453227 -77.258082975797691 -46.241368312584889
v 533.0464119852993 -69.989111814917422 -46.791971110337748
v 531.97778615391462 -64.372307855270648 -43.956550890004323
v 531.4991841564588 -58.288718640808121 -42.063372372029164
v 530.72970849401577 -63.708273896385421 -28.212571242737511
v 527.99611797695934 -59.750956820660171 -30.998972313566497
v 523.1119281404674 -58.156725147107487 -33.846891011692378
v 521.26191422187298 -61.472445722644736 -38.858092891166734
v 521.37635004533513 -66.742976065979462 -43.487660628402388
v 522.44899452603863 -72.076202122795394 -45.731215133869341
v 524.11635126487636 -78.754073025822194 -45.500884334513934
v 524.01870765463968 -78.051120361925967 -42.109658600791477
v 522.10195545271336 -72.960328893485453 -40.953651067252395
v 521.07566896236722 -68.599998700350326 -37.8948609222766
v 522.67485218597358 -63.707221392992366 -33.688680615292299
v 527.00164579372108 -65.699705998154542 -30.937783593579837
v 529.49679645118931 -69.516872678883104 -33.634052101113461
v 532.83691596901986 -67.492430243422987 -27.951311195945557
v 526.71526918868608 -72.9220799633609 -37.321503718782004
v 527.73031302915206 -76.638230238888724 -39.592596736322648
v 527.99339103635009 -83.378653332206767 -39.147005072557747
v 529.90755982085693 -88.090806704999068 -32.957525644568726
v 532.38701860955609 -88.890781045308842 -25.908354268980489
v 535.80578883548515 -89.634781341533852 -21.453047604888795
v 539.4235778848265 -86.981205002880657 -23.162157631739191
v 536.44901193182613 -87.17610949484741 -26.946678766884638
v 534.0490649903652 -85.166258583699928 -32.588587324508666
v 533.08167084896627 -81.016716115553891 -37.535801781792195
v 532.90839051762032 -74.746164025635778 -38.136553974170553
v 536.50307233337799 -70.400855926383215 -32.692731339223975
v 536.77040819521153 -74.576447853507162 -35.399668403878032
v 535.61858675471308 -78.617749915891125 -34.55052541074086
v 536.57579074962473 -81.817049263838513 -31.645885151915877
v 538.16382700547751 -84.137508278592733 -28.153463609005243
v 540.3432744860952 -83.001426547926556 -25.519250940730934
v 538.33160561454167 -79.275612377607999 -28.981448891889023
v 536.54191927679403 -77.309392516208646 -31.02730020318495
v 536.72352395315784 -71.327441640770047 -26.837236354406649
v 536.2306174777691 -68.893862431795029 -29.159800375946972
v 537.99069019732156 -73.660219729329199 -29.621538398582437
v 537.65570707195297 -75.520184589094256 -31.904238854111156
v 535.86305458827951 -73.123466919407576 -25.574758534448279
v 536.79576395877143 -75.513128032254514 -28.080320603321525
v 539.24560912927518 -76.99998043918491 -26.17875793899951
v 539.08007905018712 -74.127650838499832 -23.708454733793275
v 542.25308973383994 -81.641018071351652 -22.846221229705151
v 541.46265968566263 -85.823355588403743 -20.312522635466728
v 537.59791506746205 -88.311975940728658 -18.602390005887848
v 537.35741804215115 -84.633763628413803 -18.363328212476475
v 541.93996997440888 -84.515213473506208 -17.210460248717737
v 542.79747319336116 -79.079464017994979 -19.827928544829952
v 538.22448947376756 -76.605913600615921 -19.160964320816412
v 592.13232587473271 -91.259726977738225 82.706827917925636
v 589.85356034666211 -91.65250210759757 81.953988985252153
v 589.94957736074593 -92.472641456096781 78.900521158570768
v 592.6093491170991 -92.46223602482462 79.656546007054658
v 599.13821902841482 -119.20232859279737 79.349949077600684
v 593.24984527283073 -118.83746872338538 78.098797629383398
v 586.51162286842532 -118.91513868968578 74.822220761358182
v 581.36674707790121 -119.31597503871458 70.870774681122271
v 578.45456587147044 -119.38575122956716 67.318152261430924
v 564.54544648599153 -53.59402725612776 61.194261249341587
v 562.01068342809413 -54.606248473857811 58.567547107105241
v 570.69177925499855 -53.257321852479777 63.111980983045633
v 576.60632207221897 -54.162833578474007 61.386380494403134
v 580.93804330948853 -56.967635518282535 60.480714406228081
v 581.41803269778075 -58.221645470033195 60.86812610437925
v 579.48343577923606 -58.442360215661225 60.982878501127452
v 576.48700646029818 -58.830853570353369 61.091209730158162
v 571.83967772830488 -60.235778156347777 61.686806113567989
v 566.33455873097932 -60.396835096015415 60.321866938793328
v 563.65383258889187 -59.879553598865115 56.97252605600778
v 562.26830755407377 -59.084961378178917 55.288474654862853
v 561.04276303499864 -57.685490673403024 54.385116524234661
v 561.02510968263346 -56.843942449067995 54.822216399260213
v 561.13480924082683 -55.837199033088098 56.0726412613283
v 599.1275504712944 -118.36372259385654 76.582271802928688
v 593.3157224170227 -118.04423997300378 75.347247278150064
v 586.17309950437118 -118.30157705260346 72.192784724249748
v 581.02788882640391 -118.78381497087169 68.244022602417715
v 578.57718251676033 -119.21381044799416 64.852718753209047
v 577.89956169589209 -119.54783675209622 63.726477050935806
v 599.1275504712944 -119.05335152161808 76.44974906746512
v 593.43030176367461 -118.73798323221088 75.158213034156006
v 586.41153936395938 -118.87578941510488 72.02709019150646
v 581.40688573002694 -119.28937540750852 68.074652904239855
v 578.78983604321877 -119.55898371984983 64.760841486135718
v 599.1276461534211 -117.34913324349209 73.843927827721529
v 593.35787039380784 -117.31533353225632 72.587809131601716
v 585.93346361819999 -117.63273506685458 69.377137065883147
v 581.28776148235954 -118.23426467651184 64.827510811059824
v 578.80806348834381 -119.05717880668364 61.164914681456871
v 577.58601136689117 -120.01201466896104 60.044015573866083
v 599.1276461534211 -119.43531457116698 73.761695020006925
v 593.52067353228654 -119.37529795723171 72.529241204865059
v 586.49162530395756 -119.64870963410699 69.426950825548772
v 581.84534907535726 -120.11812614740539 65.168030791990986
v 579.09597100740518 -120.31109307630766 61.620450371863676
v 599.12774183554779 -108.36814571116469 75.996758484251131
v 592.39779593509684 -108.31738634298185 74.766361834832082
v 584.36575981425835 -108.73432120981792 71.084038181138112
v 579.01928178290268 -109.77890690688412 64.959595314908285
v 574.94776808903202 -114.18758049450436 58.28186980386289
v 574.76023112081668 -121.27669317783214 54.817350066100602
v 599.12726342491442 -128.35250604555682 72.190577307687477
v 593.45733196445053 -128.21450849840954 70.865143638466122
v 587.41199168011258 -128.45699092784832 67.680581954329483
v 583.4587889358329 -128.73882263186795 64.107467581369434
v 578.8497330544958 -126.23506058300215 58.805228611088154
v 599.12769399448439 -124.00435140303672 71.662327499254332
v 593.51297112109205 -123.94239722603699 70.500744986805216
v 587.05217904288099 -124.20559483589339 67.619405568367029
v 582.92086401985989 -124.58370667984506 63.732208400977633
v 579.32450776688597 -123.42745994098938 59.438498897466893
v 576.34027791909489 -120.68121546268485 57.085384619413503
v 577.00512517605648 -116.38549462556374 58.877667082362848
v 580.05020885639101 -113.79813031854577 63.724345040112034
v 584.91846761879742 -112.970360320447 69.057949714093098
v 592.83281472386784 -112.57641308453633 72.489197487349429
v 599.12769399448439 -112.59499933763624 73.745328891251688
v 570.27513143454246 -50.756645552198123 68.734811736996136
v 578.0964276714551 -50.345547295087144 66.605019542521717
v 584.47694244541481 -53.277104132162719 65.081082275714607
v 586.74834044973409 -57.386747153499684 65.615791001454227
v 584.37580643755564 -61.132511047222735 66.402540838459771
v 578.15838184845484 -63.890691870825677 66.696344768575329
v 571.53851823470382 -66.106570321161797 65.589529621516107
v 564.99228201740266 -66.781799088863934 63.531096951523175
v 559.47769048953967 -65.404359193746998 60.858343915084241
v 555.80483637631664 -62.684642585053552 57.51079632465661
v 554.14389033996395 -59.583680542760959 53.815555210107846
v 554.07198522179351 -58.063937404797926 52.814098979141477
v 554.55106562988271 -56.715848002027968 55.121964581493273
v 555.63557469428952 -55.208543540528211 58.537159435455777
v 557.69479758278351 -53.296766809187304 62.987245738796297
v 561.89251600169314 -51.761451405113533 66.519626234561514
v 558.5577068418911 -58.50287916076131 56.04133825558452
v 561.38851039961423 -58.433461777883622 54.679246371594047
v 567.81146019673895 -55.395195449072226 58.75123884985635
v 565.35338636334404 -55.792611162073619 57.460192439929614
v 571.85493902750409 -55.191177234542991 59.608470720277658
v 575.69691129956414 -55.606868233732733 59.505782867927188
v 578.33663765038614 -56.767683794135522 59.765762792516959
v 578.26033115439031 -57.501422182278347 59.915091570263307
v 577.73537116657712 -58.015450487122862 60.050073074750735
v 575.74685736967047 -58.269343010163489 59.272854074578412
v 572.59992006552716 -58.923880517979612 58.607076906948492
v 569.09340932946861 -59.178036166868495 57.64724501737885
v 566.5337210775815 -58.794805329141553 56.26415875551524
v 564.40235386560062 -58.309673026542455 55.325822827467022
v 563.11858677246482 -58.056234993603375 54.81993348351989
v 563.10260785731589 -57.469129464537147 54.98931551572187
v 562.87167904466878 -56.849061442843265 55.213465847709585
v 563.81381310463485 -56.360795550596677 56.20269420189797
v 575.61792570402235 -57.0628153137582 58.831464949219651
v 572.69531514578773 -57.050328796231611 57.921221443056396
v 569.62344046999374 -57.155052883839645 57.286019573746103
v 567.15311932438885 -57.255112467773969 56.645500618757723
v 564.86861286871977 -57.346967309348855 55.872809139839603
v 584.87608043669547 -201.53841320285153 8.1034483607476187
v 574.89509507831633 -200.31705477681692 5.5119996229486912
v 592.88448307225372 -202.44220265056617 9.8587429541008742
v 599.12759831235769 -202.78699319391529 10.511540243238782
v 563.56958447638453 -197.79934705799326 0.73950072891082463
v 553.35977531214462 -192.58273359302041 -8.5499001982436358
v 549.91933308453156 -188.31746359270267 -15.45826934434738
v 548.17012028635281 -182.05363317218104 -25.929876767341653
v 550.27594037052086 -173.14550757929038 -41.481493479130613
v 553.75216771349756 -165.79990699523694 -54.738060760921321
v 556.66616688033446 -161.33128855527639 -63.580476653341599
v 559.35272963214709 -157.62379751220953 -70.799884472622153
v 562.06106006777031 -154.34123079355322 -76.984071482981278
v 599.1275983123578 -144.90838441816601 -92.922836019556541
v 568.21657832093479 -149.70251345295753 -85.336487244609685
v 581.2938372974013 -145.57461906596393 -92.570725793519472
v 588.67777053344003 -144.89431914554984 -93.574275818522693
v 564.68777364936909 -151.9915408891103 -81.312073077577764
v 573.98879397477754 -147.30206418033185 -89.612796570288594
v 594.12141376439922 -144.8844399659742 -93.208889697414236
v 605.95647953175489 -114.50902459895326 83.48096060887633
v 606.14932685799909 -108.94458268311051 83.48868694060252
v 605.68220671573999 -103.49476795498312 81.715818231645244
v 604.47235406543393 -97.875428418980377 81.183969130713876
v 612.96127234098071 -114.9726523435899 79.37460516560941
v 613.69754630547959 -109.95931555666489 79.322132489346473
v 614.42190784521176 -103.13471611243487 76.453535986633597
v 611.89633027147192 -97.232564130614406 77.040666931264639
v 620.48451875340834 -96.682774630937971 70.65966776653886
v 617.7226541679297 -91.987915802535909 72.501612990797639
v 622.56402625274995 -107.45079332199873 70.608574258429428
v 625.14337718166178 -103.14820729229116 67.966309341185024
v 620.77252195459619 -112.09544295444614 72.990232458402829
v 618.54944342423028 -116.30476283121085 73.707667509186081
v 622.72405460955611 -117.87313641003892 68.194334051785063
v 625.65819486405121 -115.71512172578866 67.363326185471067
v 627.81247794536239 -113.30189888925646 66.034706226680953
v 629.64885716091067 -111.18497967839831 64.229657020914203
v 605.65895595896609 -131.93214184690032 75.436867045047961
v 605.69402345838 -126.99018392644918 80.166183399306362
v 612.67456084850255 -130.3561376184727 73.318525310072573
v 612.38607923668133 -125.92287372430583 76.788350173247181
v 618.72913445806125 -127.18307909375646 68.905874560305563
v 617.82733041447432 -123.7174246257735 72.295272242147519
v 624.04647728185478 -123.26558970324534 64.780493697927795
v 621.89884410834497 -120.98127461182956 67.259559666646055
v 626.54980876115076 -119.437993670713 64.426955902036354
v 623.4765945355839 -119.2988000969827 65.440965927024649
v 629.03438654362515 -119.52587770403231 63.277011265517437
v 631.26320600158942 -119.71606985126199 61.488202909393344
v 626.95798871339923 -125.74968907508652 62.625505988767877
v 629.35324723065469 -128.12081177589693 60.112064440702049
v 632.99687045418898 -130.71822270621209 56.439209206204168
v 635.99564398522944 -119.93644970944679 57.70459636082569
v 635.09599278949202 -107.15496810695794 60.752708978481671
v 628.52621876903731 -97.925972502378258 66.549273491004442
v 622.98215714616913 -90.912161652716577 69.716051381126704
v 617.01781178203237 -85.042134944915659 74.052301074046113
v 606.4528784047659 -138.18568643880809 74.82777630483622
v 614.1433293334976 -135.66381654747562 71.118100270705554
v 621.30020888301863 -131.34166352287008 66.079127401490439
v 623.78182051956719 -135.53132072261019 62.523294818418428
v 626.46517792013719 -140.31846496215701 58.074186889131681
v 616.00291146475615 -141.56467682058644 69.441762119746045
v 617.40518087173632 -148.40707314037161 66.005434971095099
v 607.34047365254673 -145.24968256389275 74.286169869537389
v 607.48945072372589 -153.10142963760876 71.451772999448963
v 606.78656982142479 -159.45013010446053 63.670818972780118
v 616.79692959268255 -155.26705105092702 59.262093946672842
v 628.21659140722863 -146.13727781167358 51.749296695239494
v 636.67350401141425 -132.72549019994023 48.322576630116487
v 616.10605679727473 -159.17907459995382 48.593730806816339
v 630.68452049966754 -150.59288348241097 38.92594593966264
v 616.51672448481577 -165.41024153449342 36.712616520981456
v 626.98530596055502 -161.12361049940324 28.588887022156882
v 614.35363864785359 -174.01178963336213 24.431812576604344
v 623.84779334588575 -171.43259418790609 18.5601772130493
v 613.64367726818091 -191.05502491801468 13.437251500389863
v 623.0488954295007 -188.87538607314366 9.6545871965146528
v 613.37868561844994 -201.53841320285153 8.1034722812793216
v 623.35962313576579 -200.31705477681703 5.5119637421512504
v 605.49969305917307 -192.1302767366692 15.290210634444961
v 605.37028298289169 -202.44217873003458 9.8587309938350369
v 605.44041798171918 -174.6298722509282 25.645779558355912
v 606.97735998194594 -167.6320403164155 39.373970022490667
v 606.49426092453791 -162.47351786257934 51.955713690584233
v 634.68565998939403 -197.79937097852502 0.73948876864502999
v 634.10663960002898 -186.30699074773219 4.5134669294612006
v 632.1282202674829 -167.93756530704451 9.6285736183342419
v 635.78045488241492 -155.80650688092624 16.066073078841328
v 641.15946483682842 -144.83449389586787 20.782448425471642
v 641.75719108195176 -133.26128618859548 36.448034510355342
v 647.09003441026107 -130.17656618730012 22.458222201387258
v 644.8949429019375 -192.58273359302058 -8.5499241187751895
v 645.25451633385251 -180.63318416113941 -4.9942028689589524
v 642.04246734253036 -162.95135440302209 -1.5062484853359042
v 641.58467620761894 -149.62371922166921 2.12902049251616
v 646.43733878338276 -138.99817121717615 6.0788504418318023
v 651.01348001315557 -126.01513521491906 9.922216084861132
v 641.5378876476916 -119.47502265372289 48.424084901249444
v 646.14613023095239 -117.65667951904648 36.145789622630161
v 650.67366494039175 -115.1104824470156 22.983325712390425
v 654.33049229740254 -112.56213252713533 11.109583435406604
v 653.00912212849698 -122.74070147702717 1.6742672651254491
v 656.42320393022055 -110.94952988526771 0.88956020414772574
v 648.98396642498346 -130.62868815620828 -5.3971681453054732
v 655.08508938915293 -113.596551998246 -11.435463833069599
v 647.16026509121525 -142.12307771166053 -9.4840089198374233
v 648.6972070914419 -157.70713664451358 -10.463566651585582
v 649.61388970572125 -175.49209977488346 -12.355602964173984
v 648.33538512955056 -188.31743967217119 -15.458299245011903
v 650.44043975670547 -135.63525543267349 -17.946154140323706
v 651.26230138348421 -152.66973580273844 -20.54648337550146
v 651.5741294342057 -169.12216983618333 -22.983267935718878
v 650.08459792772942 -182.05363317218126 -25.929876767341604
v 651.73956383116729 -144.94517419585935 -35.951497128878408
v 652.72815156361708 -128.67323253405596 -33.052902784430472
v 647.97930409525793 -173.14550757929061 -41.481493479130556
v 650.39915291906004 -160.95238733378005 -38.625645124759316
v 654.43875662369624 -112.28508492944769 -28.57705436377573
v 650.7550425890995 -122.95256562594095 -47.135051335673097
v 655.13206931333343 -104.71519348028302 -45.530988323608135
v 648.53167701235384 -138.50952259642304 -49.297957768647869
v 647.09271350980703 -154.00361640970232 -51.969677830565267
v 644.50264618271149 -165.79990699523705 -54.738072721187109
v 645.05788956360652 -119.78154034641578 -55.856572861083123
v 649.15628993506311 -103.60836655983712 -56.018526820687995
v 643.57601262726143 -134.49606403289141 -58.013977571775982
v 643.50554274099068 -149.86170459115579 -60.822678558245201
v 641.58907758544433 -161.3312885552765 -63.580488613607386
v 605.00779124611427 -93.955834021683145 90.209716462877111
v 604.87909878578284 -95.423597844348734 80.159662064362578
v 605.20216948638449 -92.91261179492156 86.136381818533778
v 609.38668377181762 -93.023172492254702 83.972138825852483
v 610.61098442324646 -92.857857697951545 85.906400856953894
v 609.51341474855303 -95.492321531808287 78.955025584991631
v 615.66898084278091 -93.954853279885114 78.865831902563912
v 613.53163349788497 -91.70122823058928 83.938829485515726
v 606.12301427317277 -91.259703057206607 82.706965460982701
v 605.6459910308065 -92.462259945356308 79.656632718981996
v 608.30585846928625 -92.472617535565149 78.900534613869866
v 608.40201900656007 -91.652454266534264 81.954139983608286
v 605.49270826392842 -85.627637798360638 95.925291287815014
v 609.63134296963744 -86.054404003709038 88.706873180531943
v 613.996983520801 -86.867749921216799 83.858565636563469
v 613.93187183362227 -83.862063356526505 81.564232327481761
v 609.93274166855508 -79.810714670845272 82.152178065222529
v 604.30108305874739 -76.882123979695535 90.837205829518609
v 617.35906208669576 -89.523742233567674 76.632261228998686
v 616.2780932609744 -85.322483575972427 77.204506127771083
v 605.43558603432393 -122.24026003416553 80.588210349319638
v 611.99722707401429 -121.93804803717147 76.851782938110148
v 617.19621110715343 -121.15223465160449 72.356711380200011
v 620.84514468871635 -119.90099948152645 67.88272165960683
v 622.01495436902337 -119.19536771808428 66.184536588075503
v 605.03396030775048 -118.83806673667692 78.09972454998524
v 611.76122710865536 -118.91576062350897 74.822496594988877
v 616.9078730185222 -119.31686009838607 70.870297765522253
v 619.80589327021039 -119.38563162690896 67.318390719230877
v 620.71927485112087 -119.23538676755167 66.082613818979894
v 605.46098963894701 -117.18384236972064 80.506378210510263
v 612.22485485329207 -117.24448091747907 77.226954051700829
v 617.50995280040775 -117.79704519882806 72.688365066567997
v 621.2558123762575 -118.41816572391498 68.250744645572581
v 605.16528402656445 -118.07471473033885 78.00151432215489
v 612.02454432116997 -118.23938367028715 75.013687424415366
v 617.19841179606624 -118.53377365342838 71.005116124508618
v 620.13728831582966 -118.86772819593547 67.491911377168378
v 603.69756804496228 -67.616577802739215 84.907440583962909
v 603.44013528323603 -60.928564594288531 80.905139453417632
v 603.8722357671445 -55.843250927598191 78.335751425942249
v 604.03628277326982 -51.366834394316413 75.875209292686577
v 604.55531046923136 -42.883417841051404 75.940811350764534
v 607.25641690429325 -53.397735373324778 71.931852089734889
v 610.08693341563639 -44.261431828928117 74.996845127576762
v 607.35764859427877 -58.320269822067942 73.907762756523027
v 607.49428267112148 -63.461844579222927 76.502836202385083
v 607.87390150856777 -70.105437360380762 79.471223183051052
v 612.70077775120194 -76.910972140877647 75.697838550426752
v 612.32283335097191 -72.176429150451469 74.575597089875771
v 612.2628406575684 -66.694752274152776 72.449880355982941
v 611.79543346892933 -61.820369855641474 69.262397003159094
v 609.68396813928985 -56.26736195393228 67.845449359938982
v 611.57483832595972 -51.225798939648328 67.384470440425389
v 617.55836795648793 -80.067932147786635 72.568734002636006
v 618.36181077388835 -75.347143463065024 71.177708740569415
v 619.06698804722896 -70.581790827860587 70.237767146833505
v 619.5553974626655 -66.592492001305743 68.692635728337962
v 619.21988808560059 -47.177583843614592 69.417846073185672
v 619.69657644052381 -38.92026415560111 76.503136704064048
v 627.52040825379231 -45.55031791583928 71.142618815657158
v 628.95597504084344 -36.14167911849205 74.149846759606305
v 637.23515809479431 -45.268510132351302 68.994490786148674
v 639.36351131978586 -35.932805036035823 69.379607608293753
v 644.05107438603159 -46.715271728219314 63.621657281201117
v 648.32610396326675 -37.355167689610489 61.184579414152118
v 647.02592738541205 -49.282112219072886 57.691440442170915
v 651.74798385831173 -41.415056005094392 52.255198746969143
v 648.55789391505346 -53.186660601955907 51.750939736757886
v 653.61383316886509 -47.95727357307657 45.069225850816593
v 649.21145068107148 -57.842887771726794 48.81160947440938
v 654.55678052690746 -56.415932376073421 41.198269369550559
v 648.45503562891486 -62.359921367767456 51.827479457937386
v 654.35182941164339 -69.610210593421144 44.960795575834425
v 645.13677947702161 -67.159312919524254 57.239692231569961
v 647.43468143042037 -76.202756960016288 55.301291574733085
v 640.0826103425527 -70.021667658507042 61.768336816302586
v 640.84136960681201 -78.050809395014582 61.329405712450999
v 633.7633799707063 -70.701991499452774 64.938877144424168
v 633.81466559058549 -76.785030541687121 65.260196413598351
v 626.76274933398929 -69.434083718807571 67.225723327096205
v 626.46197256889491 -74.078972556571586 68.086705114613551
v 624.48532335569166 -85.11181545364164 69.02924245979284
v 625.62972943137561 -79.476018591856743 68.274999317159313
v 632.95534441122709 -83.83022512888688 65.024809785621642
v 631.29037972555545 -90.976962372983891 65.532090631746485
v 639.975398519652 -87.207708517170602 60.291517016732932
v 638.20197814343328 -95.937123818028439 60.062739556902237
v 646.96784833454115 -86.83660538899538 52.787097931513586
v 645.28838780668343 -96.495094139532668 51.091633820458611
v 643.93592094661972 -107.08019252498835 49.939042437847263
v 649.1915009576669 -104.19049661831805 37.721737039795187
v 651.42811850895237 -93.548371685384566 39.504562670055975
v 653.61225441377553 -83.064481069382836 41.900843790039886
v 659.3959519228149 -65.404981127570338 30.769709933345155
v 657.0233222285101 -52.186064762612673 32.990136274763188
v 658.78306006061916 -77.970412488104927 28.770258473336952
v 656.27116503098887 -89.011723253382669 26.523782672941053
v 653.42782711467589 -100.48649797287361 24.508690175293594
v 657.5272799895256 -97.322601011783192 12.28768157993386
v 659.96124192700722 -84.367958680606648 14.178955425575566
v 661.86392885631722 -73.073640451959719 15.925572846069088
v 661.07900053042181 -59.475368375404045 18.197658565673621
v 657.86235879702076 -45.827461195653584 21.796484613541423
v 660.73435351026274 -53.388334604382472 7.4742666164913469
v 659.4345118198512 -38.712897066639485 10.413669387951371
v 662.47079274453472 -68.831645128947272 5.3528623059468412
v 661.69366251196038 -80.154596233991384 3.6073571901755184
v 659.93253728901493 -94.011186131944797 1.6497367599079222
v 661.99453495918169 -46.861784984637623 -5.1989566398367675
v 662.38678383734441 -32.215004243823486 -2.0712514431481015
v 661.95497039981569 -65.586585803934028 -3.5730960432964896
v 661.91841982743904 -77.050691966304569 -5.1328223499293859
v 660.4654867344027 -92.004923300546352 -6.4034391307851184
v 611.50680833391834 -57.386723232968066 65.615878647777265
v 613.22583342114194 -57.913214134807532 64.477898411789681
v 615.03886619778973 -54.975533641626981 63.599120683112965
v 613.77806281504763 -53.277104132162769 65.081145067110242
v 620.80720672550342 -51.920833907565068 65.131222139503279
v 620.15862543007074 -50.345571215618875 66.605056918352489
v 628.28557822053654 -51.460124467790976 66.527577195030403
v 627.97992166698339 -50.756693393261529 68.734811736996221
v 636.3626806230227 -51.761523166708628 66.519739109570338
v 636.15882985221504 -52.314876825602425 64.243000846557919
v 639.65419362051989 -53.982640213478348 61.797595550985186
v 640.56035120086892 -53.296814650250781 62.987358609972624
v 641.18419866656507 -55.498747430629066 58.00192408426139
v 642.61990897680607 -55.208567461060035 58.537159435455919
v 641.69265348753288 -56.74347621609558 55.601492004517809
v 643.70427451802311 -56.715848002028132 55.121989997058279
v 641.66854159161937 -58.018631917833787 54.294982465906088
v 644.18359413142878 -58.063961325329743 52.81401151969763
v 641.60113353340114 -58.845827823172733 54.891067912060862
v 644.11245447027159 -59.583656622229441 53.815279376477235
v 640.67622225623052 -60.687756602066059 57.482164569534376
v 642.45284798369175 -62.684594743990374 57.510658407841305
v 638.11170205694793 -62.5451380444118 60.036603759755415
v 638.78061580429198 -65.404885445443654 60.857679185934948
v 633.15919518203464 -64.007065257352295 62.425912044760416
v 633.26554586579573 -66.782540625345504 63.53014382112007
v 626.63984564231964 -63.705929684282907 64.077857700757306
v 626.71950101274774 -66.106737764883505 65.589015330085488
v 620.64124607684539 -61.809796980647718 64.770661238140519
v 620.09920682942686 -63.890954996673997 66.695931018129272
v 615.45704493227231 -60.176455237830723 64.697771640589053
v 613.88034700842627 -61.132367524032816 66.402628671661944
v 637.44465411107365 -60.061564924267159 59.59829963546408
v 633.55517566313642 -61.071250565641236 62.691498040279434
v 626.8634069312152 -60.988533367160485 64.049150820215345
v 621.29834308154921 -59.265178663706429 63.367521441502554
v 617.41671056799669 -58.680225982489603 62.617918531612581
v 615.14454710666428 -58.253579379799532 63.121775704923884
v 615.98913323852014 -56.777084563078006 62.908499246006663
v 621.25743897241045 -53.71846186182384 64.649851527386886
v 628.27227840493356 -52.720616883621517 66.542150031427752
v 635.70850192318142 -53.216274220151107 64.351307127221702
v 638.92729650443175 -54.70283958070155 61.578901249326258
v 640.18594703932445 -56.151156011127441 58.111547395760113
v 640.40104046001238 -57.204735828097867 56.196348533358531
v 639.00106742407161 -59.212314288737574 57.375514131611112
v 639.69801603452129 -58.50292700182478 56.041300879753862
v 640.14786555292153 -57.936321368391276 55.285991404669886
v 639.55726762623294 -132.09386856145454 -64.504993241739754
v 640.01477171476449 -118.25560179075279 -62.235999250852316
v 640.26641570782908 -146.64996656674515 -67.731932764020428
v 638.90203642299866 -157.62378555194385 -70.79989643288792
v 636.11228049760439 -130.17388708775422 -70.090377583050952
v 636.02071270240936 -117.06074731379765 -67.459047338841685
v 637.22898659762586 -143.9698623584809 -73.750577735025701
v 636.19423223907188 -154.34123079355334 -76.984131284310394
v 632.80703711493425 -128.61280927108248 -75.0114050382995
v 632.1021468879735 -116.24438740930073 -72.419543671329507
v 628.69940341825668 -127.22063432846285 -79.666818909993992
v 627.67866649125574 -115.43190263093275 -77.192048545500313
v 622.92924493013697 -125.8896002647666 -83.453738078438278
v 622.24200805554142 -114.82137890137122 -80.678214869381833
v 616.15748594034403 -125.0506115373192 -85.743483130540938
v 616.08419343133744 -114.4434584216728 -82.680387289866331
v 609.84964174156789 -124.97906522712374 -86.661337850871774
v 610.07215052707033 -113.88886089513268 -83.221565398145145
v 604.25242869735075 -125.0565199086392 -86.796740020333942
v 604.44637636805101 -113.44898623843457 -83.133119232331808
v 604.08479361147647 -136.30220769642114 -91.224095543180738
v 630.52631010326763 -140.28440212507297 -82.855066972314319
v 634.31249969549617 -142.08588128492903 -78.424123369718529
v 616.98795895852049 -136.93428382500844 -90.169941633450435
v 624.38614883142873 -138.32688933719788 -87.320240855715866
v 609.76276237057823 -136.37851419241696 -91.278730037492437
v 605.28019826065997 -59.924715562639506 -95.713488964888171
v 604.22530281444824 -81.273192056013926 -87.667889902598375
v 607.07820894342535 -32.517431525602447 -98.918636882826377
v 658.06960628332422 -61.444099892627705 -63.267643940290391
v 654.50358126449532 -57.552516437904501 -68.748555359576017
v 658.97523761197681 -37.975929406722535 -66.017930988445414
v 661.66591469523473 -44.793974625277684 -60.946993561282845
v 662.89825264530134 -21.266265936070461 -55.290637002536052
v 665.24160360885435 -31.097939335827128 -52.059367864024892
v 607.68172395721058 46.703542047682149 -27.485111994155396
v 608.2619882142219 32.828772545667007 -64.06254712788818
v 604.30031760173438 -98.554699756533054 -83.252195638935916
v 647.96136369651322 8.001317848174935 -61.553450800462173
v 650.70887596299576 23.678714695565745 -31.420003571449193
v 658.32029345512251 12.557557195606478 -32.54375426804463
v 654.4601894200639 -1.843176956551531 -59.598090860436542
v 642.74850575501102 -17.243502285723082 -79.985284908251117
v 634.79162794464878 -10.427203265979117 -83.953031335780196
v 638.84548828615448 17.876909344059541 -63.117159875616494
v 639.11162812140481 -44.365605744308056 -85.700007564248637
v 631.58804682153414 -39.855030691815656 -90.676793778796934
v 634.74723143788742 -67.195074114356103 -82.891474021501097
v 645.26188385760429 -48.954640140645672 -80.393201734651342
v 641.04699049696262 -69.692234096483745 -77.762792430910935
v 637.97176694673635 -86.747333964839754 -74.355264854862128
v 632.13046879745912 -86.073420826378907 -79.297234735579082
v 629.66263538714702 -101.42750776785142 -77.068463118678153
v 634.9288839553144 -101.82731553401884 -72.24159883630972
v 627.76176641824327 25.935999586205611 -63.642634154860467
v 628.15492427660911 39.93010862067311 -29.026383610612498
v 640.20704494824895 32.844751460815942 -30.193424489379858
v 626.22578123928292 -4.5934879252382643 -87.005805467043473
v 617.88014694838023 -0.20995481639282332 -89.022390007853261
v 617.61467688801622 30.425285365520452 -63.842143349171742
v 623.04133654149632 -36.517662035125973 -94.597919090120399
v 614.84807603726881 -34.207034358884059 -97.256446978827285
v 619.11315467333316 -62.804771495050815 -91.569364497163093
v 627.22838640328553 -64.807087438725333 -87.776297752082144
v 624.56593554738629 -85.261988551403917 -83.695443090598047
v 616.33535901376899 -84.07103312110938 -86.296489941725611
v 616.0530967401794 -100.13622962777426 -82.891426180437776
v 623.23399250348712 -100.85233858408355 -80.91890325894596
v 659.47651627344635 -11.727188479580548 -57.686672937070497
v 664.20732766093374 -0.14620659951864923 -34.125756569786077
v 667.47085363638848 -13.603538903532836 -35.601210843380379
v 654.83387596565831 -31.190942362921675 -71.167901852213106
v 649.14088511267414 -24.063772113722649 -75.992134876099016
v 650.3989137137437 -53.542980841565196 -74.63580485017215
v 646.44001788292883 -72.004895017916766 -72.603791566441544
v 651.39477328781823 -73.766666095216991 -67.324805315165037
v 647.71723075038972 -87.979432709589716 -64.45980735743376
v 642.99641814513666 -87.444210813694312 -69.495473960663475
v 639.37207487012029 -102.29094327865546 -67.334971541120581
v 643.69585449087867 -102.89223368299614 -62.287763281364775
v 617.00302889346665 44.498930167757948 -28.14203557500462
v 608.90899075456514 2.3440642694909144 -90.719515848341928
v 611.77883261995748 -61.111724105210143 -94.158498923523837
v 609.73444046109273 -82.478451964241245 -87.30433370216187
v 609.77180433154581 -99.286141773636515 -83.340701606078397
v 668.29343287911706 -25.712183791485543 -36.06989778046313
v 655.58526770616641 -75.30090507536606 -61.88154481271247
v 652.17812285862408 -88.190746686275304 -58.916487271046904
v 659.406094228239 -3.7153891285266241 9.4486074983892063
v 661.22376758802898 -18.634768248139629 3.2379045786848035
v 666.4372953044176 -13.504723187244821 -16.529394871290457
v 663.45335250300627 1.8181953014745318 -12.033895733876905
v 656.51864685154464 -12.741801750476654 24.285006293673234
v 658.1530889388182 -25.960765956497596 16.456369443607372
v 654.55022630123244 -42.742214942661711 38.240479184409935
v 655.83389771224188 -35.025403588040504 28.388438946977885
v 653.67655280287818 -24.276066832206283 36.418776710068528
v 667.25599942101712 -26.664938567508528 -20.437812400169442
v 652.20831056957923 -33.888747764614422 44.93493449104335
v 649.87950328927559 -14.063363283635482 44.413683680670658
v 648.18937420429745 -25.856950849092627 52.86906761337994
v 652.27366146207476 -0.78756389439006114 31.654180561677791
v 654.71102011505218 9.6262874049108405 14.489964198087648
v 657.11589468603484 15.26770559163586 -8.0457032319112916
v 605.23465356837903 -22.97148887652606 74.588163591680086
v 612.23212669491681 -22.577182832640496 74.087453790353948
v 621.47535501583423 -21.876478698720312 71.862749411351842
v 623.16734990228201 -4.077904785835841 63.909152825168398
v 613.33859480738784 -3.1082860349924175 66.698790269179312
v 606.47311517455068 18.390818046245798 57.314274954252994
v 605.72086229490287 -2.699197102540893 67.960577757544286
v 607.23431433303938 35.48227712272525 34.106633070132617
v 616.3539213463373 42.942803901139783 3.468839371464524
v 626.87976857487092 38.840767608870777 1.6445400244047885
v 607.55815049065427 44.902708742180934 4.3988158212141979
v 640.60307327041392 -22.819497818357661 60.658963106751536
v 631.30808091898393 -21.864087863320407 67.008521535797456
v 645.44707661371694 5.410389381939595 39.267495250971791
v 636.39210287696471 10.778491573916028 47.377017449023469
v 633.86666882641475 -6.188126247829203 58.829483656433297
v 643.1041562197338 -9.2724874411496785 51.866269590090695
v 646.98129167333434 18.215839357151935 19.951138188687139
v 637.12751570232376 25.19829038980717 25.629992007460288
v 648.66008242630562 25.11291801231215 -4.4757373054914371
v 638.35152930737263 32.650995154368857 -1.1673304325092904
v 625.77808456873197 30.602345140868735 30.253220803806087
v 624.96182034636172 15.063137204878458 53.281435901218728
v 615.65041851021283 33.764304538894677 32.798706240019982
v 614.59203066637872 17.404550605366992 56.126944605779897
v 667.16438378475868 -37.054510527174365 -22.372295696188793
v 668.3904545555306 -35.693001706143079 -36.034046883637508
v 666.30180941309459 -40.336742358387426 -49.303626934651319
v 663.04545959713778 -52.005034179008803 -56.325307639229159
v 660.37564121748733 -65.150418829643215 -57.811430469943886
v 658.13333057966679 -76.635455457216352 -56.418860838551936
v 655.81342173714074 -88.078774677574273 -53.037239198291019
v 662.67832727721793 -50.581738624699412 -13.015534551879428
v 666.68803031727907 -43.78428898390365 -23.983672410808865
v 668.07814809417584 -42.444739210936348 -35.642431899563675
v 666.4657128960298 -46.429899785514003 -47.040840321729704
v 663.27447476725183 -57.601960176846035 -52.572200142286476
v 661.12679375267862 -67.721445413537339 -53.022671594510001
v 658.84941561544451 -78.154026489128086 -50.339433796598229
v 657.28989263333051 -87.68200481892768 -46.220772734825445
v 656.50209384363575 -97.545085876754072 -38.791246965442369
v 656.49769246581036 -104.11871110280605 -26.748377559422053
v 661.46804405734201 -108.62457381056137 -15.520917216765222
v 661.56841460818794 -89.724172368347951 -11.323874552875091
v 662.31315644089455 -74.177716511264677 -11.455144450492925
v 661.27199137985554 -63.250985092638942 -9.5613918397579756
v 663.48952034687636 -87.746996903448263 -15.117736655633729
v 663.06024248570361 -72.62106399295007 -16.267949440378175
v 661.4913426551791 -62.162385617318108 -14.500156369232529
v 663.04029276229915 -52.72906083129763 -17.059635316467634
v 666.39242038702309 -47.602938737595125 -24.917906715193972
v 667.61198477318317 -46.838964797433881 -34.720785774964696
v 666.17110762810375 -51.289642838649314 -44.114402478429376
v 663.33551996404844 -60.550070021830393 -49.033564132208454
v 661.11172381773281 -68.544263861582479 -49.453823952945285
v 659.08067931553455 -77.305493469548296 -46.782187612888663
v 657.29601628943556 -85.621035731622555 -42.363706607287767
v 656.52319175256002 -94.194919735626215 -35.027130043803112
v 656.61121930906927 -98.50377294462875 -29.862256688811179
v 661.82498623077458 -104.47938487917745 -30.76009590427536
v 666.60454766178509 -108.06514433662592 -29.247684409266213
v 659.84690178567166 -98.047799770123348 -30.396539703838904
v 658.18930462375147 -92.186551897441703 -33.416937395500184
v 661.88450051354494 -90.945626476509176 -36.245163515936923
v 664.71731339592748 -93.58640533072419 -35.71603537548193
v 666.16249623670592 -96.978671607573872 -38.870962137199754
v 669.8520947220909 -97.551305214985717 -38.741839107298361
v 666.04059720736575 -104.56518782624235 -17.634451672393439
v 665.72183220246302 -96.530974937022876 -19.871374210457603
v 664.31257800023809 -91.474940001084548 -16.920178616889132
v 663.52032999165465 -89.355867942376946 -17.757558688582378
v 663.41943318911217 -84.897009079333756 -18.028058040727984
v 665.41387927787036 -90.888815213816386 -20.603157095137263
v 669.22839077958474 -95.59544294379522 -27.056103238963786
v 669.57815679351916 -89.694104260051205 -25.906901096682063
v 671.53954470752319 -91.60255603749134 -34.901421669796221
v 671.81420025204466 -88.819139052986941 -33.351586503004718
v 668.90149279391733 -103.93526454550448 -28.354497737209847
v 670.91100881762156 -94.704809788493577 -36.720416638960359
v 672.75260270907165 -86.788238073978633 -44.677922363278704
v 672.39943997964156 -85.628881666007103 -42.896548410282968
v 672.94755504210173 -84.33731647955004 -40.09230860296848
v 672.37618922286788 -88.244687485168953 -46.830447285512989
v 668.88623149471823 -87.957090933019217 -46.607783016554663
v 662.47911708955246 -71.7828407225158 -20.727639541896508
v 662.97733392296971 -61.34518849421309 -17.645688342140843
v 664.08638545285999 -68.967824715688408 -23.03720873461247
v 666.99689222207462 -61.23039386277614 -20.971401719779074
v 662.91944623635209 -67.179477927713776 -24.85862565760727
v 665.63705783825958 -60.686991145052986 -23.74642857780367
v 665.54491595030481 -52.839956416073996 -21.051655103498803
v 671.09959828923024 -54.246675041942929 -23.6519962989424
v 670.09072594593249 -55.516998796285797 -27.151982709990563
v 666.71544324656156 -49.27565367552468 -25.208373731142927
v 674.56874515483537 -53.431152356054106 -33.258852581891283
v 675.30645435123392 -49.905887923174106 -32.157868251303412
v 669.56409152090305 -48.556052321592979 -33.104499371221387
v 667.8490850829985 -49.458478299003033 -34.499449095513533
v 673.99800126942478 -79.344742714106047 -50.654730324410409
v 674.84139137469765 -79.222460956259468 -48.172568515633742
v 675.44251433531667 -70.261399226804926 -51.877093412774698
v 676.58184925828868 -71.328924713733215 -49.048909153268397
v 675.89442101943996 -62.87033767233136 -50.199522606918194
v 677.21435595644584 -64.703607218763707 -47.097771187080824
v 676.51094880244796 -54.107385786085985 -43.221975283253265
v 676.64346854784503 -57.815761888824284 -41.478479492141389
v 670.20028198093587 -53.849067964688246 -44.374538260233294
v 671.00023240071391 -63.323488224100842 -49.692754183432491
v 670.76681585277436 -70.256256312497996 -50.735629562484974
v 670.42111632922217 -78.722450082967768 -49.684561401338904
v 667.87999040990326 -56.4088279781704 -42.131354523007161
v 668.92799674299704 -64.6279465771227 -45.78268015773601
v 668.70429193091127 -70.452380751579383 -47.507876742127849
v 668.64319889305125 -77.712573077340394 -46.457992647298937
v 667.42186438754834 -86.160443720558504 -43.203078063241698
v 662.82008034783598 -85.154681046376666 -42.030517521793826
v 658.42597436399683 -84.250389267497098 -40.228177222798024
v 660.06969761755431 -76.519488719728088 -45.052601610937174
v 661.7867133801185 -69.225472762199658 -46.466986767203124
v 663.47095801430805 -62.793911573677207 -44.861010112605356
v 666.18335494031362 -55.316783946290485 -41.800952179451592
v 664.17206879726655 -77.258106896329579 -46.241428113913976
v 665.2091673679231 -69.98913573544931 -46.791863467945227
v 666.27760183505438 -64.372379616865871 -43.956479128409249
v 666.75615599144703 -58.288790402403329 -42.063216888573294
v 667.52658847515647 -63.708154293727347 -28.212744666591938
v 670.26022683327619 -59.751339549166985 -30.99902015462969
v 675.14312496105856 -58.15672514710775 -33.846735528236508
v 676.99376081347611 -61.472373961050025 -38.857722122925892
v 676.87946851320396 -66.742976065979732 -43.487218098566579
v 675.80644130399378 -72.076273884390631 -45.731095531210919
v 674.13898888302947 -78.754001264227483 -45.50074081132383
v 674.23711090389929 -78.051048600331228 -42.109694481588896
v 676.15405447007879 -72.960328893485709 -40.953746749378958
v 677.17943198022203 -68.600190064603865 -37.894777200415696
v 675.58072716724882 -63.707173551929316 -33.688381608646424
v 671.25465117545104 -65.699729918686458 -30.937604189592278
v 668.75902210734967 -69.51718364579493 -33.634064061379199
v 665.41909395377252 -67.492430243423215 -27.951209533685912
v 671.54059721091619 -72.922079963361156 -37.321856546623899
v 670.52483575450037 -76.638254159420626 -39.592560855525036
v 670.26194911155562 -83.378390206358759 -39.146718026177709
v 668.34806737342865 -88.090615340746027 -32.957914353208125
v 665.86856074366619 -88.890852806904036 -25.908754937885689
v 662.44983835880043 -89.635259752167272 -21.452826339970883
v 661.80695014990283 -87.176563984949155 -26.94636779997294
v 658.83171442201581 -86.981396367134153 -23.161996168150417
v 664.20675356817367 -85.166378186358457 -32.588712907299836
v 665.17343009362276 -81.016787877149099 -37.536040987108699
v 665.34675826603211 -74.745685615002799 -38.137068265601158
v 661.75212429133785 -70.400784164788462 -32.692689478293524
v 661.48459706525091 -74.576495694570696 -35.399620562814611
v 662.63646634681288 -78.617749915891338 -34.550316106088793
v 661.67950155721746 -81.817097104902047 -31.645645946599217
v 660.0916566656183 -84.137436516997965 -28.153349986479817
v 659.92378237442745 -79.27544493388659 -28.981550554148448
v 657.91211350287381 -83.001378706863449 -25.519071536743397
v 661.71308598366863 -77.30939251620886 -31.027312163450702
v 661.53191187687457 -71.327537322896902 -26.837308116001537
v 662.02472267013673 -68.893814590731921 -29.159734594484846
v 660.26503267909084 -73.660124047202771 -29.621640060841926
v 660.5998722812692 -75.520088906967828 -31.904220913712322
v 662.39185499005634 -73.123299475686167 -25.574746574182363
v 661.45904993743784 -75.513032350128086 -28.080320603321439
v 659.00953965437725 -77.000076121311764 -26.178728038334839
v 659.17497405133872 -74.127555156373404 -23.708430813261593
v 656.00239393725565 -81.641018071351851 -22.846233189970924
v 656.79320671393953 -85.823116383087338 -20.312600377194542
v 660.65771212682353 -88.311354006905717 -18.602976058913434
v 660.89796994681774 -84.633620105224054 -18.362909603172348
v 656.31565721987681 -84.515213473506407 -17.210561910977212
v 655.45786695454444 -79.078913845766991 -19.827814922304526
v 660.03128124370801 -76.606033203274436 -19.161412830784968
v 632.90171457924509 -55.792611162073747 57.460205147712145
v 630.44359290478678 -55.395195449072332 58.751226142073904
v 628.63204320110185 -57.155100724903079 57.286094699165858
v 631.10246002883355 -57.255088547242423 56.64546249541047
v 633.71008502616746 -53.593979415064553 61.194198457946065
v 636.24436967343172 -54.606200632794611 58.567509357516229
v 627.56327384652718 -53.257417534606503 63.111955906199277
v 621.64873102930687 -54.16292926060072 61.386418243992175
v 617.31720115629059 -56.96763551828262 60.480726927131393
v 616.83740313225167 -58.221621549501592 60.868176187992439
v 618.77214357398623 -58.442360215661282 60.982928584740641
v 621.76890778036727 -58.830973173011742 61.091172167448342
v 626.41609298917069 -60.235873838474511 61.68685629062076
v 631.92092494011649 -60.396835096015536 60.321841896986818
v 634.60189028752052 -59.879529678333583 56.972538763790226
v 635.98703259383183 -59.084937457647385 55.288474654862853
v 636.86711679467157 -58.433413936820436 54.679246371594076
v 637.23003910101897 -56.843918528536463 54.822190983695407
v 637.21243358971708 -57.685490673403145 54.385116524234746
v 637.12072227133217 -55.837127271493259 56.072628553545883
v 604.94100512171917 -118.0442399730038 75.34722261010171
v 612.08726395518306 -118.30160097313517 72.193186140671628
v 617.23094371912407 -118.78376712980842 68.244336185637508
v 619.67825331327185 -119.2137626069309 64.852731274112386
v 620.35577845201351 -119.54781283156466 63.726514660365517
v 604.82628225187716 -118.73798323221088 75.158162950542874
v 611.84853704921488 -118.87578941510493 72.02742881653279
v 616.85252090826077 -119.28932756644527 68.074954153435499
v 619.46612603850986 -119.55893587878658 64.760891756628098
v 604.89718270771777 -117.31533353225635 72.587783716036824
v 612.32249846352875 -117.63271114632295 69.377224525327051
v 616.96743514235595 -118.23426467651193 64.82754837376973
v 619.44698961318181 -119.05717880668372 61.16495224416672
v 620.66913741676126 -120.01199074842945 60.044015573866083
v 604.73490582093541 -119.37529795723175 72.529241204865059
v 611.76486302946773 -119.64875747517037 69.427025577210259
v 616.41046948318149 -120.11807830634213 65.16804331289427
v 619.15917777624713 -120.31109307630773 61.620437850960336
v 605.42219053659437 -112.57638916400468 72.489184779566983
v 605.85725716642878 -108.31733850191854 74.766361834832082
v 613.33715957548816 -112.97036032044703 69.058074923126071
v 613.88938896939385 -108.73432120981796 71.084088264751301
v 618.20484424513461 -113.79813031854586 63.724395217164776
v 619.2361540471295 -109.77890690688419 64.959620356714879
v 621.24992792546914 -116.38549462556382 58.877692124169471
v 623.30766774100016 -114.18762833556777 58.282020428460783
v 621.9152057520007 -120.68123938321656 57.085472452615704
v 623.49463061645565 -121.27666925730055 54.81733735831817
v 604.74203413937016 -123.94225370284708 70.500656779844746
v 604.79781681920144 -128.21419753149803 70.864980679844223
v 611.20311326396131 -124.20530778951353 67.619368192536342
v 610.84310926247622 -128.45665604040511 67.680544204740499
v 615.33509806186885 -124.58356315665517 63.732233489504033
v 614.79693394057904 -128.73865518814637 64.10758045637823
v 618.93059317570282 -123.42743602045779 59.43847385566027
v 619.40527220596641 -126.23506058300221 58.805241318870571
v 626.40059248465502 -55.191272916669718 59.608483054301807
v 622.5580939608983 -55.606916074796132 59.505807909733782
v 619.91889386177286 -56.767683794135586 59.765800542106028
v 619.9949133113887 -57.501446102810064 59.915053820674295
v 620.52035170983527 -58.015498328186261 60.050047846065006
v 622.50876982461523 -58.269390851226888 59.272916865974075
v 625.65570712875865 -58.923952279574692 58.607089614730967
v 629.16169161312052 -59.178060087400254 57.647245017378907
v 631.72190611670419 -58.794805329141667 56.264158755515268
v 633.85327332868508 -58.309696947074229 55.325860203297808
v 635.13694473969417 -58.05621107307185 54.819958899084753
v 635.15254092633654 -57.469129464537275 54.989315515721927
v 635.38342189792024 -56.849013601780065 55.213453139927196
v 634.44181408965096 -56.360723789001824 56.202681494115581
v 625.55969011467482 -57.050376637295017 57.921258818887111
v 622.63760580813664 -57.06288707535326 58.831477657002097
v 633.3870143255657 -57.346967309348983 55.872846515670361
v 604.13330444968324 -144.8844399659742 -93.20890165768003
v 633.56684888258656 -151.99156480964206 -81.312025236514359
v 630.03813989314745 -149.70251345295765 -85.336487244609629
v 624.26539798760837 -147.30208810086361 -89.612760689491068
v 616.96088091668116 -145.57457122490064 -92.570821475646085
v 609.57742609127558 -144.8943191455499 -93.574275818522665
v 595.96755255686469 -115.0838588952778 83.951120153689374
v 592.07692592340788 -111.8678151751683 83.852282011902957
v 595.84369204392851 -109.01864064913025 83.296768029993586
v 599.12783751767438 -112.52218523926284 83.258517604835845
v 595.95889332440379 -112.10599190890822 83.92139739806845
v 592.33053140006859 -106.19221454870096 82.687225042230125
v 595.91114794321015 -103.50486241934367 82.529857844571097
v 599.12822024618094 -106.38661670950286 81.676739558078737
v 595.83063143364211 -106.2047249867592 82.842010317503195
v 593.12421464055171 -100.83690984116274 80.82801068914597
v 596.46065039650659 -98.59969427658578 83.235767684193775
v 599.12783751767438 -100.9245307486338 82.241622913232675
v 596.1794884673734 -100.88561204362279 82.168769943995301
v 588.64748714035841 -114.49579654494516 81.796973120401901
v 584.79130607249215 -112.69314527903778 79.733498357405352
v 588.30580626612505 -109.34752403892537 81.895371722419043
v 588.31403492901609 -112.12706589730081 82.218584451177549
v 584.55109609356111 -107.02280716953565 78.208933737279636
v 588.88855825842916 -103.59449265147417 79.620877504283044
v 588.59634504366909 -106.51320416304824 80.869672780131708
v 585.70138662003342 -99.56572494768011 76.178807185483777
v 590.44616759801011 -98.650023075198675 78.426588149888346
v 589.6458822907889 -100.74797330445037 78.644830110556057
v 580.03882268332086 -99.676811896709708 72.864870184588398
v 579.58227541605561 -94.005469124877862 71.48700121493485
v 582.63271729548205 -94.976307822835892 73.490013844093909
v 582.01111835976189 -97.036320088874618 73.232228254525609
v 579.23614532293345 -105.19204927892757 73.540655852168271
v 574.4702664360326 -105.33837117109258 69.260340584952871
v 575.5223392595085 -99.743956829079707 69.504455590677452
v 577.30953786196335 -102.4212862556714 71.366241400915101
v 580.92034211605994 -110.79579262828794 76.20765235659934
v 576.70616637136823 -109.67824930965828 71.82421044478096
v 580.45212162934456 -107.96752464692077 75.078789393878253
v 582.39719574075639 -115.6225731887956 76.567886593201564
v 578.55618028996264 -114.42927354639828 73.62332745213547
v 581.57724775651047 -113.45243079499362 76.721404080296566
v 577.29781680144993 -117.09258554143716 70.809597921401433
v 574.05137008560041 -116.9714998101736 67.885606326221676
v 574.56623560905302 -113.80643074303184 69.940313840606478
v 575.91817621742018 -115.65926728436219 70.57842541833827
v 571.40810349609274 -114.45812170758042 66.761070363422846
v 572.64924420181023 -110.23220098184358 68.054938274810468
v 573.54320231101258 -111.93936148536373 69.033619543328314
v 569.58622012273054 -112.23882262121688 65.162913853886437
v 570.65336288115236 -107.00292920772604 66.106517344637012
v 571.71476471197548 -108.63595998363144 67.062900379427077
v 599.13118639210666 -129.17888865281941 78.400703144565568
v 595.99415218807064 -132.20368772230609 75.590133366560622
v 592.69029619623689 -129.29327663521815 77.757161606147008
v 596.0569196631468 -127.07223135004337 80.991649551199714
v 596.04237597989754 -129.30236643724896 78.240890072544289
v 589.07733909429089 -131.32314903136506 74.735535744688349
v 585.89696088688663 -128.04185010088673 75.095381272650997
v 589.15503298112299 -126.58870172306551 78.627761316183268
v 589.24133825935269 -128.81381349862249 76.626203354355766
v 582.42570901449517 -128.94429999882846 71.258060796482198
v 580.1039343704997 -125.39784197489759 70.726148904155309
v 583.03166392250967 -124.97932835297193 74.729979453693659
v 582.80571058044802 -126.91095912559076 73.132300233515423
v 576.74281262587147 -125.2675707594765 66.674799097199099
v 575.44722879009555 -122.03514147517983 66.110229699023165
v 578.23904188121264 -122.2853502363448 69.629077823043673
v 577.6249539924338 -123.70761720779279 68.275915025011898
v 572.49227767305638 -121.29886751068103 63.93930203901774
v 573.34638417651308 -119.37211652652091 64.885325988565739
v 575.21319030833297 -120.06538137509477 65.783755929034442
v 574.00352902228008 -120.62275368330747 64.831373416285459
v 571.70983708245353 -117.60008354113849 65.581214620456024
v 574.75401178258494 -118.57321861013587 66.361505913913447
v 573.28285124442368 -118.17819495030049 65.993809218949906
v 570.3336888960464 -119.47394622979807 63.912438627886381
v 569.35586540284339 -116.42773828447551 64.45168720890436
v 570.39655205324925 -116.99295652707272 65.091278402334666
v 568.20954568462673 -119.60849922038629 62.471135772094947
v 567.36816490401338 -115.43938975734225 62.669375286076836
v 568.43430300010527 -115.92540711961277 63.648307463218224
v 572.74846656713635 -124.51993454243913 63.631188631952107
v 569.84212197043053 -122.63614483314059 62.588609643237156
v 571.06283454211029 -121.9725892848886 63.270276608019707
v 570.08127944596868 -126.94394553875007 61.461715872877299
v 567.55316629587287 -123.96040938637705 60.563737339004
v 568.75531653498433 -123.29733224875825 61.687859644796355
v 567.27516187691879 -129.3938146297856 58.642782038034369
v 563.31172114508854 -125.42001630774651 56.806668190884295
v 565.04610321363793 -119.85488069648564 60.167521763926992
v 565.72190607409993 -124.70022358956155 59.160459718990239
v 562.25682569887681 -114.24013390256162 58.970321766715074
v 566.89745668200533 -109.83734476572978 63.116081975991641
v 565.49528295715186 -114.88345268102917 61.374115241794406
v 566.85239040035765 -102.02133496631401 64.350491866914069
v 571.45235647966399 -100.78552853915672 67.195549071440155
v 569.02662320507352 -105.03312126657765 65.327429926687074
v 572.50175020359393 -94.250080481634328 68.219203555787089
v 576.33549381276293 -93.812095546937371 69.835067986401583
v 573.93128901666648 -97.092700781997536 68.608232879891773
v 578.08379763073845 -87.914249260815737 71.415416033875402
v 580.142350744346 -88.836313994718751 72.71315869763373
v 578.53790500377431 -90.940603164860391 71.101207142737167
v 599.12989468339708 -135.64125948612008 75.434170752619934
v 595.53071580768733 -138.80919901706102 75.799998656047421
v 592.28718739670035 -134.96497821502481 74.700633446446318
v 595.81015545854098 -135.45491854448767 75.264424679826675
v 587.97747304855807 -137.15798863709392 73.190704454113444
v 584.94793771380262 -132.94802290597431 72.046842570524802
v 588.62217921786191 -134.16835274914752 73.676251628433647
v 580.42824893874763 -133.68298124123186 68.650208554097361
v 578.39208544277415 -129.19800115761575 67.45228103634048
v 581.57696071013049 -131.22708417621794 69.807214022316629
v 573.73571474981327 -128.70547741073369 63.843662427384707
v 575.34843699433918 -126.96434975225615 65.287310523114257
v 575.70777122093773 -133.42607473120205 64.40266348086061
v 571.13167783222821 -132.01000317745405 60.468775070863181
v 572.37420592878198 -130.36348122169227 62.182260686215891
v 573.07823501660289 -137.80853141612278 60.453474713920876
v 568.12285767789035 -135.68673241680597 56.649614202686649
v 569.74304312829429 -133.74873878276554 58.725353470775303
v 578.28248156670747 -138.75320105244464 65.861862818796027
v 581.35780079906033 -144.8991271724135 68.115612703366423
v 576.03840080954399 -144.75213550536199 61.953207299314919
v 577.08855999048694 -141.59876357820201 64.102902590845048
v 583.21011108869425 -138.50048063545535 70.319925202886623
v 579.34976784831906 -136.16287059950088 67.368768853940367
v 591.31429153301951 -141.58912360394299 74.743123038324228
v 586.54166705619036 -143.73254676388063 72.29394241009058
v 587.24100771980602 -140.3101884582025 72.861935434360362
v 599.12941627276393 -142.62830326085412 76.348841799690092
v 595.12133982885575 -146.1774164637992 75.539580312963324
v 595.27117803917486 -142.36577542588412 75.961994476582731
v 599.12922490851054 -150.55657211535083 74.773046128397766
v 595.22080139949867 -154.17108405185473 72.483428154119679
v 590.72756873245976 -149.13100411053369 73.313734476091071
v 595.10493034413696 -150.20003659095659 74.520791414259349
v 585.82491224552632 -151.19891015202029 69.237527872915308
v 586.02818892357413 -147.38774752473842 71.161756736018475
v 599.12869865681409 -157.47173469244615 68.773676994569257
v 595.57334219510562 -159.88489772764922 64.127031959959311
v 591.00184154847489 -156.68075447204063 68.189455758359628
v 595.35939695993738 -157.43365320604318 68.848234675445724
v 586.73896360132312 -158.00901375406431 62.135795333784834
v 580.94321014432694 -151.92640528139981 63.019225921228006
v 586.0887557097376 -154.86288974799743 66.211763385721099
v 575.71834409593134 -151.54896321233463 55.497851068483982
v 570.66728463057848 -143.15467456003518 55.265398816976983
v 575.66701063498874 -148.07830935323472 59.05708190880469
v 565.46758298148939 -139.45096296097063 49.440264966969153
v 563.33195791487287 -131.88085622702096 52.993576970737337
v 566.63873221156928 -137.66094173577977 53.618670546629687
v 582.10177717475381 -157.45611458527202 54.378669940952278
v 576.54613801456185 -156.1321609989472 45.19633208089229
v 569.64654770357743 -148.64343191370529 47.127822320387622
v 576.32937015665789 -154.18531676819254 51.07245852426658
v 581.61303287187388 -162.09044250830812 42.653806810471195
v 576.51087915089488 -163.42005330037063 33.353495130813343
v 569.91957665194604 -156.54734966697202 33.423773652830818
v 576.12346222012741 -159.57511488238464 39.021711788163941
v 582.9885112833947 -168.33856909979488 30.063411385082915
v 578.87341438083922 -173.03369105404516 22.131548470704189
v 572.86223261571195 -165.60516994699179 23.609873208097667
v 577.79144089278816 -167.19138824243834 27.598439468370429
v 584.4963659171226 -181.91826688351648 18.367129552352679
v 580.06068604925804 -189.95606785248492 11.645959496954589
v 575.27442686938275 -179.40450605241671 13.537607100903443
v 579.8872621947221 -180.75702075354377 16.245853814665907
v 584.73006951144203 -198.5501886262731 9.7743692588026629
v 580.08010952096606 -200.96377027078023 6.9019439759910295
v 574.93241110770623 -196.97753327227787 6.8725635829793656
v 580.00992668107529 -197.77552220845979 8.4069939273818175
v 588.89697828557337 -191.78175459038107 14.642101769512493
v 592.78138558079854 -199.59649660161881 11.638472370544946
v 589.15077512648736 -202.0467245006293 9.1034461867994008
v 589.00122396254824 -199.17575837024879 10.866359469486367
v 596.0896429504578 -192.26105028325509 15.640673333863987
v 599.12764615342098 -199.87775421287864 12.278340612320534
v 596.1346613910423 -202.69150243152814 10.332142235920712
v 596.08399770498613 -199.81166178390174 12.107177248026488
v 588.68705169972418 -174.42871253993229 25.412653046862772
v 592.92734866498881 -182.81241635697216 19.888583008329462
v 588.96204213168903 -182.52780987127989 19.46842783991859
v 586.7391549655764 -166.7882914031677 38.54030361333767
v 591.97995208805764 -169.95523823204474 32.17373749940225
v 587.74774026249418 -169.2776293714424 31.509240080216159
v 587.13164304905581 -161.21436499652168 50.646432360366418
v 591.29692522703431 -164.88220775836186 45.838882412280299
v 586.65921254876821 -163.8177799802836 44.69287665104153
v 592.00066726847524 -161.01626711357835 58.160972446786218
v 587.3854398899698 -159.74613472348875 56.802491815559762
v 599.12764615342098 -161.67758609212012 58.793552775329886
v 595.63587046486532 -163.19887210437525 52.617954357111543
v 595.82130242629455 -161.53608418708467 58.687165463254814
v 599.12702421959784 -165.72254799584812 46.538734377260042
v 595.33188834852831 -168.08525066951415 39.638716486772083
v 595.36523356966245 -165.5079090652618 46.390008471663165
v 599.1275983123578 -170.37499572161676 32.194596203009851
v 596.15671612123288 -174.8162729938897 25.551182825839504
v 595.69040927705032 -170.29439549018792 32.260826175043874
v 599.12769399448439 -183.06168025713646 20.018985786674648
v 596.21082436384813 -182.99366222536094 20.020190783457025
v 569.43485099838517 -199.41716437576281 3.681116149549494
v 563.58274076879775 -194.40366014511619 2.0368068429663406
v 569.9845926569983 -187.83419709157312 7.5152006262946411
v 569.49546562561181 -196.02418048296335 4.9922543110374118
v 565.46710457085601 -176.7281812881547 7.0355999466419501
v 570.25561228070751 -169.84929419732202 14.481212273566427
v 570.67556113453281 -178.19479692530058 10.690417978993208
v 564.65500252099469 -161.29351803578504 12.876168519703356
v 566.51716806967261 -158.52576899951811 22.711669204525663
v 568.51013108546795 -163.6313433565245 18.635787023560482
v 560.44159223331621 -150.41137448817381 18.601248765909716
v 561.10280356946544 -147.71935785514285 29.051919743568405
v 564.55960744073411 -153.40990881389774 26.267575838462264
v 560.66123055501942 -141.83550508004231 37.786385266672994
v 559.3635895535208 -133.29685601917396 42.731875950643769
v 563.73525807866281 -141.08253458444472 44.251059946179225
v 553.75652125025965 -137.91363823223736 22.010474699706364
v 553.69997311341513 -132.09664334312697 29.548064460930576
v 556.95498337959884 -140.43416857379691 29.960609910206983
v 557.69508462916326 -195.29510659849421 -3.7329808769128778
v 552.99120776032532 -188.89949796905694 -7.347444972353431
v 558.02274807184381 -183.69611255809224 -0.075328261559876708
v 557.57423810321632 -191.7506818197545 -2.5008402712324642
v 554.27621872110763 -171.47816280071851 -3.0061136614893673
v 561.33444999806215 -165.62706919372658 4.0440205154981594
v 559.60356032713514 -174.40494749172791 2.13101785690972
v 557.19160527878103 -155.74663379018085 0.1057202624427287
v 559.26570673796755 -152.96505868661427 9.103787054375486
v 560.92823152940991 -158.69012697255482 6.5492716174597927
v 555.02407022292994 -144.26341512301383 3.9916106306308148
v 553.9877371092864 -141.89107247508878 13.137640861213811
v 557.09310052940452 -147.53086406566098 11.1987053562393
v 549.11474208161144 -132.74661202939603 8.2615271942235875
v 549.02039950474386 -128.03051176887976 15.799849521729868
v 551.16257879703517 -135.24625974681624 14.716862401149797
v 558.74132084291409 -126.02793269935701 48.057154410815599
v 559.38282166097554 -119.82433417755566 53.593613042199024
v 560.98018692417565 -125.8722817998446 52.987080303841708
v 553.84368766762918 -125.18894397190964 35.901587904978328
v 554.34152177253986 -118.74982389538259 42.529385660074269
v 556.46418191099633 -125.80518470853791 42.249652982707772
v 549.1491876472021 -122.58528978283111 22.683311414242553
v 549.83408030969485 -116.3691808229715 29.533918456520041
v 551.36532922338642 -124.07879209756302 29.32407858259802
v 545.59469232463334 -119.42122537801912 10.731890200758896
v 545.57703897226827 -113.83659453345523 16.845951182489998
v 547.18354187856266 -120.97230441245689 16.434057567701331
v 545.94345367623805 -124.13684722790212 5.0639620848215241
v 543.79720789356463 -118.0001783536858 1.332239543182963
v 542.64605622795261 -111.50628025965703 5.8342331049422693
v 544.39541254932124 -118.20328758801193 5.8244795081578911
v 550.67517404392834 -135.52933531848225 -0.53798722466422255
v 546.42994944914176 -126.01166673782815 -1.3805102106644558
v 547.73912014690075 -129.98991427875598 2.6366679955403196
v 546.65470676462041 -123.98418639484719 -8.0689181078875212
v 541.8390731718664 -111.29903277335363 -4.125169953746509
v 544.37450600465013 -119.76510694116512 -3.3543368011317529
v 553.69255774860039 -145.95567313530972 -4.3009380203851482
v 551.31246484841745 -135.92811450178823 -8.2971080196593352
v 553.2902144060771 -140.54487279431999 -2.9424073055455313
v 552.19943816237515 -160.18370104888163 -6.2460599728602819
v 550.36334599320685 -149.44409994943305 -10.034246929482551
v 553.42675280079311 -152.48286860940937 -5.5087873261646525
v 550.16179159343858 -177.9899893332265 -8.8208301199591137
v 548.87711552009978 -166.38670155739152 -11.137826637755596
v 550.84228287810606 -168.81827144170705 -7.2290682413003697
v 551.1490397761155 -190.40153991359148 -12.19482709075338
v 549.31457420310016 -184.26977474836548 -14.332628925750841
v 550.60795734996327 -186.5379434809106 -11.016513661441211
v 549.45407874374212 -138.75521037710405 -13.376208328250913
v 546.91658874523557 -125.95033449465156 -15.970946139153115
v 549.04192798323811 -130.74432000625319 -11.631211523777369
v 548.03319916313035 -155.41320549937024 -14.95994486853772
v 547.57095880933002 -144.61212863355519 -19.385326947522614
v 548.78990126166696 -147.10249518469135 -14.272397027030665
v 547.48991604806542 -172.58176044939029 -16.850701432682321
v 546.5706500163667 -160.58993147779978 -21.567190401838033
v 547.53459960120654 -163.74799182916513 -15.665815837296579
v 548.80396653428306 -185.61025742206749 -19.837610380019413
v 547.52565332236577 -177.85156121650937 -24.895947667130059
v 548.20169538814423 -181.42713052747064 -18.75841167364095
v 546.33259288528507 -148.97042558149917 -27.926463743683534
v 546.14390773155003 -137.10081856642614 -34.732375272554123
v 546.33388459399475 -132.19641588068134 -24.817703608069728
v 546.45755374267765 -141.05481068825065 -26.600769938680415
v 548.6919706050503 -177.71928067642887 -33.556669181192895
v 549.39040228846272 -169.21296021409921 -40.513142516465265
v 546.74852308979143 -165.09986067593741 -30.623461827432799
v 547.92048561794786 -173.62755413330535 -32.551438738840524
v 544.62437987837188 -119.76426972255702 -30.742340889650762
v 545.78911840596697 -125.53610264789309 -40.797772922689141
v 545.29980001032732 -114.40965871043697 -46.097558076244198
v 543.11867809249338 -109.4917887653675 -36.808091367627775
v 544.20792342216907 -116.97539885683413 -38.958762448658355
v 547.69271431548009 -141.42036425308078 -43.266993723837679
v 548.98504495895031 -130.93075663001224 -48.175582502622959
v 547.01408883228214 -133.68934410265342 -42.141915437735172
v 546.91520135439919 -152.73451260247396 -37.138703015835304
v 549.43609050393366 -157.1484845878569 -45.883565000012709
v 550.19834216581535 -146.03599828062448 -50.491149768652718
v 548.30450583321954 -149.08455043804969 -44.42247500568029
v 552.09619714772998 -169.07869426989089 -48.660344036981314
v 552.80190067276726 -161.99924548135391 -53.801069615262392
v 551.14382510021369 -165.23284687170184 -47.716966109369167
v 550.26460203851389 -121.06621641975461 -51.992246852186675
v 551.16300936660514 -111.80490417690206 -55.586641621564482
v 546.02420939112278 -104.17420673625735 -51.950720809224734
v 548.06826666254415 -112.79475969752995 -51.513357808350918
v 552.23235281393954 -136.22197823323296 -54.092493452477719
v 554.42112930190478 -127.26321287481777 -56.724493471573467
v 551.67648749922148 -128.80862274325216 -52.898763240510632
v 552.9753245273032 -151.67528754003172 -56.829827532738832
v 554.48887224756629 -141.92922572308669 -59.311379367958196
v 552.37946408364928 -143.70566008629459 -55.344135271594041
v 555.2475836707622 -163.3305905119617 -59.573560355219115
v 555.89028051540663 -157.6700598204402 -62.651785932168785
v 554.36922174820222 -159.59506460578916 -58.647608534921339
v 544.0293327327945 -114.05518035176546 -20.625241725992552
v 545.54240204242433 -122.60332586370288 -22.677641282830436
v 546.2829338615586 -156.74931071577851 -29.116695577895371
v 594.49730099890644 -96.160350219480705 85.5884551302604
v 595.75523391784941 -95.112894058615254 92.180385543165301
v 599.12769399448439 -97.283371339860494 87.264768613171555
v 596.3009569271436 -97.125137022928726 86.80933365062856
v 593.1921967915298 -96.354202208054389 80.650639946886031
v 593.8285786158159 -94.244913646795794 83.312105575887415
v 593.29672951488442 -93.615277412437862 87.571251920100167
v 593.80150057397668 -95.199821270668181 84.273869422146902
v 590.68202404017904 -92.403726404383946 86.162317654986254
v 588.47607261048188 -93.491727866413285 84.813582397861467
v 590.31752297874209 -92.53380625555171 89.073530079884875
v 590.64226811655999 -92.948803559323309 87.417697057174422
v 587.84858922397348 -93.607694603901606 80.966228006177857
v 588.18122813723915 -96.828450668748118 78.842895102768352
v 586.4626336195854 -94.943106124891685 81.192245634668268
v 587.2600006219443 -94.390206956099433 81.149693998911374
v 583.79109296165552 -95.533010356162123 77.584832115934489
v 583.54471148555615 -93.063598190760274 81.655457760067378
v 585.9104999078063 -92.249319372517789 84.77348710169943
v 585.01391054012129 -94.608792774409693 81.489761732290873
v 590.95998061806972 -96.273350811043159 79.13934374666556
v 590.86817361755811 -97.555826195469365 78.740105588158315
v 592.58619404245201 -91.720364655917351 81.262766352068752
v 591.25080644199363 -92.406214139676592 78.850180399692078
v 589.84021268999572 -92.107016129671692 80.465104828163959
v 590.9056810112013 -91.292785152492542 82.433616575503009
v 591.09838481425527 -91.723498245564841 80.630347860872092
v 592.43051922240784 -90.34160913155911 94.486546060119565
v 595.97166688831021 -85.531429420023585 97.969136264517942
v 599.12822024618094 -90.785047947474595 97.081831053183578
v 595.67203830873541 -90.747468792236546 96.521187612266317
v 588.12506272890118 -89.3967959720473 88.40367745167336
v 590.4496599956326 -85.796755957197746 92.285405647352633
v 590.01708110109075 -89.759550834673149 91.391540230210381
v 584.53569127117203 -89.505825755354167 84.271523715011028
v 586.75599501986517 -86.325949879114802 86.160711989298591
v 586.51272321288161 -89.189859452655512 86.279277094538514
v 584.29409390140472 -84.863376811819478 82.758397594118435
v 585.78195097066487 -82.877781319775423 81.980853237339801
v 588.85765293152429 -83.085842104155233 86.970676141642883
v 586.72293684511101 -84.080314287393463 84.68158441906121
v 591.64185929357336 -78.011771087345167 87.431354185719158
v 593.33390202108444 -81.15036012593913 94.58252420333946
v 591.03533029279924 -82.030587849968583 90.85358541357283
v 596.43443349380709 -76.129344848351238 92.951445940830808
v 599.12812456405436 -80.499625982656966 97.459901036204826
v 596.18876963365756 -80.629825436483046 96.815129085438912
v 580.77007333617098 -90.706397239376074 74.023543362374369
v 581.40449367686097 -92.269340857517321 77.448332592082437
v 581.83520676993339 -93.679934609515158 74.837721265873881
v 582.04317187218646 -85.166736994333249 75.971124644510809
v 581.26010934776036 -86.951854510533764 76.70032261673785
v 580.95741894013315 -87.757880745353461 74.421013644088646
v 584.49182101610734 -81.929810650084477 77.476863806220052
v 582.96951838125665 -84.392190179178243 79.432521257858241
v 583.81821884455803 -83.349207157733261 78.784476679354611
v 581.85199898315864 -87.987804895670678 80.597277725852024
v 582.19549781779824 -85.791062870662643 79.972522774985976
v 582.38647934257256 -90.717998697231252 81.290846066171355
v 599.1408024458342 -124.75636507736793 82.360563271812964
v 592.63805375509116 -124.57358829495287 81.045739853416137
v 596.13255638425619 -122.42117101511109 81.747560777158185
v 596.05203987468826 -124.7288564659588 82.039582627665027
v 586.04306749426678 -123.83963462202509 77.380271204343217
v 589.48953769585819 -122.1033628314746 78.871363525510333
v 589.19785073279456 -124.29283301485792 79.393305041234697
v 580.8878580340654 -122.3014248336204 72.749177038180989
v 583.5242355104549 -121.64126600086415 74.701699405138413
v 583.27106060336428 -123.19040747223745 75.2030356253874
v 576.95608808615327 -120.30949040068641 67.76154809514108
v 578.96383399051467 -120.46612204199694 69.924800628308247
v 578.70376997030576 -121.21351905371772 70.097080034907634
v 575.62558027415344 -119.23569773446317 65.883584156576603
v 576.58689860051084 -119.5284611214515 66.606562043055504
v 575.97462867213812 -119.72377226245648 66.318126029747788
v 593.11656007042041 -120.19404991489468 79.468677141462535
v 596.3326277110616 -119.11626251988419 79.018171303474674
v 599.14238120092375 -120.47619258582593 80.967156421812945
v 596.26483692433681 -120.37256884267423 80.566086847600445
v 586.48487971402938 -120.17244967480552 75.923881594482083
v 589.83963859723599 -118.8195283246403 76.627758188913646
v 589.73362280091817 -120.15077767312148 77.846881540271283
v 581.2946027544142 -120.04385289660065 71.716079923961104
v 583.67077268740502 -119.13597303797211 72.882528769569831
v 583.67330826376087 -120.17280848278044 73.870478122831059
v 577.98754141133804 -119.55376904394792 67.819062397209649
v 579.64231595052252 -119.42639221285773 68.890511225088545
v 579.33862088056549 -119.8061306529623 69.570673602445567
v 576.96771346454011 -119.1781449352889 66.406717213784333
v 577.79565090636061 -119.33087752993883 66.371839957348953
v 577.25810871889416 -119.37226004971085 66.742158193079092
v 599.13620970375541 -117.19415211886614 82.600540025560349
v 596.06237354436541 -117.62211435079753 81.2245772232734
v 592.66101746548497 -116.1557618394999 82.005458494218658
v 596.02496183284893 -116.70928294211528 82.490101920951929
v 589.36290240124958 -117.07677407000985 79.184655213762767
v 585.78826599102308 -116.44560692162567 78.378241765336782
v 589.05571493367006 -116.11923518765487 80.641309444505396
v 583.20059071709352 -117.49899537434275 75.042645470539782
v 580.41877640821031 -117.31406574407829 73.325146812242735
v 582.9623422217586 -116.88849556531292 75.895951383702368
v 578.56895385386917 -118.08684243989045 70.33343208059182
v 576.42959718431382 -118.22785397402693 68.290600736417986
v 578.12297946159765 -117.76401094460535 70.66685364375283
v 599.14118517434076 -118.5765435640367 80.508710462347096
v 596.26722897750278 -118.38087361505684 78.941417792543461
v 592.99030750431825 -117.80182930516007 79.163022082942632
v 596.14614324623926 -118.18936583858586 80.072011256226915
v 589.66927657075246 -118.07543234628862 76.731325120802637
v 586.19879015537413 -117.86459678023624 76.138988470468973
v 589.55637166131669 -117.71772471584303 77.904833513317584
v 583.39415565928721 -118.37362569396377 73.018437755296588
v 580.98894620086116 -118.19816859423672 71.909265127714804
v 583.36229351111592 -118.00324018173831 74.077395954307491
v 579.28513457177337 -118.70186322940405 69.090243179350921
v 577.58749443985403 -118.63311562141284 68.046473022910988
v 578.96459944752769 -118.3955608214961 69.842140988606872
v 576.27617089424575 -118.79807160774111 66.758587113229879
v 575.65859060784442 -118.71741157498315 66.598936999830528
v 577.598832771861 -119.04622320318329 66.449996930723586
v 576.9732630278852 -118.90014051633489 66.827714459661252
v 594.35616986211176 -72.095601673971871 87.498724868106706
v 596.77200003659482 -66.735417177974995 86.597574154040785
v 599.12769399448439 -70.899981740003611 90.102038189609004
v 596.64172882117384 -71.213077578903054 89.413799642750291
v 594.73454483191176 -63.939178788500797 82.707454336848514
v 596.88653154218355 -60.051709665223129 82.496674087025553
v 599.12711990172465 -62.744946245368808 84.893192917292879
v 596.87136592511115 -63.06926081361685 84.287852467935465
v 594.63307393660943 -58.26355424150178 79.562109243093744
v 596.58417602199961 -55.07963579541186 79.967053943435189
v 599.12683285534467 -57.110704218141819 81.872345220629711
v 596.73932459034722 -57.433631395553576 81.183303840927124
v 594.20948916197187 -53.560945160841861 77.066903269396164
v 596.5361914354894 -50.780853130238242 77.138839783264302
v 599.1276939944845 -52.593479257847918 79.231460219055521
v 596.50499906220455 -52.85304094689198 78.596509141569243
v 594.2114984866314 -48.685892967444012 75.092484645770298
v 596.29918680780088 -42.828759426207988 76.515514084164977
v 599.1277896766112 -48.21834225561517 76.411748312856503
v 596.54413305200046 -48.334428595761779 76.043499203115005
v 592.38832340455951 -52.216754804732474 74.093950457249491
v 590.56112967316881 -50.072063856616893 72.048360029252024
v 591.20172151102724 -43.21210986659316 75.590033199334243
v 592.2039439465234 -49.183966277671246 73.820550740640044
v 592.490129187305 -56.937543489454143 76.309097836336832
v 590.97098406263353 -55.975076977577118 72.739495202991549
v 592.36966538986462 -54.608425242238916 75.10342006632203
v 592.8061194105353 -62.109305957564175 78.822803351207028
v 590.83439782685412 -60.781859973616889 75.179458203853301
v 592.68106287101614 -59.403822065208509 77.51931676978387
v 592.49256908153438 -68.903741611370791 82.350857516091878
v 590.60662652438646 -66.516903121259716 77.963301272827891
v 592.70283055482696 -65.194719654277691 80.448601156351742
v 589.94560655249029 -74.302557765998785 80.868744364496706
v 592.19418436960586 -73.333680551636874 84.50963167722233
v 586.67801408665332 -77.729700178008912 77.479823972013008
v 585.81754472177511 -74.940231298994476 75.33611077562901
v 588.24767937419097 -71.108807981396538 76.785301800493698
v 587.84973740949306 -74.574677734164425 77.628688915700138
v 585.95637948753051 -69.346797698779667 73.580286192996198
v 588.6257194565477 -64.973335133763143 74.220090148342933
v 588.43693862068596 -67.864992524029603 75.571321363443019
v 586.12415809659467 -64.299732962213895 71.110701351256438
v 589.29468104495493 -59.912946661062684 71.35329889825374
v 588.89578225899049 -62.372886295927117 72.784493460627317
v 588.21715677579266 -58.645110642012483 68.346898455196651
v 589.77600998302012 -54.995004954398269 69.626394238398035
v 589.68496843952153 -57.451380430045347 70.276632778164895
v 588.23270512137185 -53.955346886854045 67.499662003184568
v 587.46399491594184 -48.851925377696972 70.401104759691634
v 589.41729769024482 -52.048402102908497 69.562007642335146
v 581.07343351868485 -82.385951268311459 73.407028287148648
v 583.69631981521798 -78.153954727532934 74.413112393474648
v 584.28983604676932 -80.061760650618254 75.710353473584661
v 580.28793110002948 -77.744076417536604 71.793145149320566
v 583.16466207854 -73.583650107485198 72.765719580857166
v 583.37812890307509 -76.02139148896903 73.531764142040231
v 579.52032123905587 -72.9241132085521 70.710936193536071
v 582.74724880107078 -68.631286755761877 71.249256545798005
v 582.94555000853325 -71.056589460782433 72.029573441699483
v 578.93182831915351 -68.436214820073502 69.580618563483313
v 582.39111992571475 -64.65036011528808 69.041332419755491
v 582.6037734521733 -66.446002665419044 70.269961192381516
v 583.26627649703232 -48.806978698707589 68.206937929420093
v 579.12247495648467 -44.824760349524134 73.15338169707411
v 583.42759656254827 -41.390752744927589 76.525723666084133
v 583.64187668515956 -47.020736917519038 72.149593214270936
v 575.000632464001 -46.056261080982594 70.524159449717416
v 570.31689668282104 -41.664164421802816 73.503496053750894
v 573.96922697987964 -37.176864046615734 75.528593313765157
v 574.82735213265505 -42.831438525753853 73.620355326076691
v 565.85882719732263 -45.266309443438445 70.698345023683373
v 559.78741353347505 -41.117341068052234 70.532912869271712
v 564.19788116096993 -35.785263196756006 72.311538203676378
v 565.15345855972873 -41.092487635657363 72.58851179721924
v 557.06745771946498 -45.79229801411303 66.454775430681082
v 551.26065297684181 -42.516692170169826 63.554850086181453
v 553.886361896111 -36.411861523593103 65.548406863767582
v 554.9799607625489 -41.563554665640297 67.278221045165623
v 552.38257375276521 -47.868408797959042 60.744293810195209
v 548.04334146855444 -45.501878839227402 55.759937868651392
v 547.73136989464297 -38.961024741549828 56.548330934054547
v 549.19698086945914 -43.749556371932933 59.626454848744622
v 546.61652959609091 -50.65823648494829 48.651972816309026
v 545.49671382695362 -44.525299213670912 48.43349165032474
v 550.39841349262088 -51.064383192005678 54.54899234905514
v 547.24391730047273 -47.888286759768597 52.012424786050715
v 549.22190606344896 -55.497742768299133 49.659862922775375
v 546.09716701268621 -57.40844307571534 45.321092603832184
v 544.03650889229266 -51.726910157396262 42.391030799985415
v 546.248296931715 -53.764795931649381 46.14773684190969
v 549.15842097242296 -60.051446539374751 49.646906964814889
v 546.97954758456513 -65.304730179382517 49.461886137523479
v 543.3100901868379 -62.223263370392928 42.276992655362065
v 546.10496510600751 -61.381475940741282 46.595370721065095
v 551.15401524670096 -64.875978569906394 54.558273515339266
v 551.78422557381873 -71.147726686407509 56.419569702194508
v 547.50221120133892 -73.846656353088306 51.045657811091175
v 549.11986107538678 -68.675802865181339 53.050326189551129
v 555.49386946473487 -68.893718908605123 59.662109522458955
v 557.65480245384788 -73.656416364795291 61.690254968347567
v 554.0929874485912 -77.591726551393222 58.663638125333819
v 554.63359146411017 -72.787407370114423 59.300319703782257
v 561.19695478207996 -70.602864816253074 63.502841524296478
v 564.3696305782895 -73.51829921498971 65.241948785524642
v 560.87091793555226 -77.693819380518661 63.471137242290148
v 560.91129579299457 -73.855889678309111 63.632354991469519
v 567.9574711219924 -70.304025614223079 66.165423709520752
v 571.57999643660241 -71.611761080082374 67.788311432485642
v 568.09807600709064 -75.549702525162928 66.778602991854882
v 567.94570222041557 -72.748656108825031 66.611014252010733
v 575.0762213440471 -68.172132150545664 68.087532989263906
v 575.51095308643824 -72.413960029836502 69.217925744736391
v 575.24816212562018 -70.162033338288552 68.774768368826273
v 574.46619994565037 -87.997636234182934 69.455807956930244
v 577.27102580599058 -82.433935854821669 70.72676336281225
v 577.72857773558553 -85.064979052651012 71.24748866900498
v 573.16922871903819 -82.270869590494556 68.55889566206784
v 576.32023251356372 -77.350224863752558 69.714709588803856
v 576.79117994088847 -79.88367229240859 70.139105418968057
v 572.15609852110515 -76.732381451503073 68.187072675392955
v 575.87837245273784 -74.840865410478301 69.470920500323189
v 568.93074971417968 -81.658814946906816 66.755777945793142
v 564.75857842308324 -80.284987052070576 65.11901949141091
v 568.43176742374953 -78.560675527350114 66.765622739604453
v 570.33268423371669 -88.003042274338128 67.392860566905114
v 566.02961979337579 -87.387519153659667 65.175981939338982
v 569.55813741856173 -84.809196807609254 66.972804070687374
v 568.19332756416122 -94.560258015671224 65.991489114258002
v 571.30050894468548 -91.185429806401814 67.841561526027533
v 561.76927742257999 -85.808381335584514 62.916625972159402
v 557.65308017556822 -82.715026022359837 60.782519567304739
v 561.16619297836496 -81.77734118128275 63.16240934152767
v 563.58092280839173 -93.768895066759157 63.148626513392223
v 559.10577406328798 -91.516848772552905 60.032665655351643
v 562.57233751147396 -89.752494277833392 62.911960627529446
v 561.26996024470645 -100.77375963757993 60.269770637145676
v 564.94525425215875 -97.951376107001209 63.583720018784952
v 554.79438527792945 -87.568047406098657 56.955770844854754
v 550.71985759706968 -81.638434653932364 53.979570073018664
v 554.18981776075134 -82.695698232778454 57.788810835084945
v 556.46542577864284 -96.875765480371811 56.021623252396921
v 552.15590279475373 -91.702687383020461 51.798408536804061
v 555.62060044147029 -92.196000507447309 56.341876562879037
v 558.02695808541603 -107.62103574582376 55.430617181636876
v 553.67882736342756 -101.52440984160647 50.524318046241405
v 557.33221016387915 -101.91510388521137 55.813200669975714
v 551.39728705368441 -105.89438000900059 44.001991895367865
v 547.87618479331331 -98.568573664895851 38.601441502194476
v 549.75815654220571 -95.29055184725496 45.538782897238377
v 550.54585964977377 -100.30104209091242 44.745950330662481
v 545.71946181777275 -88.491475610306281 40.61031167154384
v 547.83633318756756 -85.259763941959406 47.760891151038763
v 548.83013559591927 -90.389282751157666 46.524099496983737
v 543.88753182111327 -77.11920036897898 43.296182222971439
v 547.23396635930214 -79.692212357000841 49.196839171563099
v 555.2367237493886 -113.13232624031768 49.176535125283323
v 558.42279504332782 -113.74961948033904 54.620139485378473
v 550.49907108984655 -110.60868622964233 36.82966566252739
v 552.62933795737104 -112.08931929834102 43.209610828826925
v 540.82450774203357 -67.941992715443504 37.357813061184302
v 539.77946755486596 -58.496372776149713 31.611276098078775
v 542.12808103538418 -54.617538964801355 37.311410219830108
v 541.25081945728061 -61.072135625312498 37.09711813695283
v 541.8872012815666 -80.536798488856732 35.440118988323988
v 538.79671643214124 -71.952485133049237 29.842873053375868
v 541.08878177581482 -74.531357651327838 36.624289957826491
v 544.22772962238378 -91.355767912353556 33.049456203213737
v 540.64299874779658 -83.596090964997387 27.6280381362334
v 542.99357371191104 -86.114348856049219 34.19513604720855
v 546.98782408851935 -102.22013850494135 31.128652461237664
v 543.46471250348884 -94.477253770810563 25.481203310467748
v 545.58301910518333 -96.507317531210816 32.0545205596746
v 546.19859006692514 -107.50238990878951 23.615452672107409
v 548.45735803052776 -108.95572965086403 30.21006816469108
v 542.30241387012313 -104.96150319478718 11.549870721275823
v 542.6319431142731 -98.940705375932481 18.227245273270654
v 544.08243631308005 -106.24036657893269 17.391632330853824
v 539.61829101254 -90.442458093038127 13.20734529047138
v 539.95494857512472 -86.69829687493629 20.20208848633348
v 541.38487011670395 -92.510340213993047 19.19186762306353
v 537.15433272835662 -78.775290537404743 15.053394380943217
v 537.49701826491969 -75.491001540468886 22.153268313451562
v 538.60185978123775 -81.1461740328985 21.192371586464759
v 536.25917859257129 -66.598448213688968 17.007920092427213
v 537.53481270494274 -62.546668958437891 24.299038675558307
v 537.03276858645984 -69.337444770900476 23.174980002117749
v 538.99023353327175 -52.324349356139663 19.615497248698006
v 540.78920103730343 -49.222574015770633 27.63926284571491
v 539.12040906656603 -55.513913047701422 25.635924299311938
v 537.31024675371737 -56.412894468552381 12.679786934906588
v 538.42551762183939 -45.706040576946592 8.5710588739056686
v 539.75674304978884 -42.234238532326991 15.984782142060737
v 538.83498928279744 -49.016211589138685 13.932819134925666
v 535.91180463180285 -70.831042767759001 10.406194221807494
v 536.26094871191412 -61.417141453446561 6.4664647169853406
v 536.06374784890818 -63.933461781433905 11.561896768567919
v 537.14868748288495 -82.115744942678575 8.6425573430378346
v 536.06810138567016 -74.769558305599418 4.4427937186712807
v 536.38595741037 -76.61301799851897 9.4945827602399486
v 539.28656107947722 -95.558581404506725 6.7081697291451388
v 537.24030311914316 -86.378933856741909 2.5966489460729161
v 538.1977941604348 -88.28676370035889 7.6385946888633764
v 539.95040367410922 -102.57930528781819 0.99096531798792675
v 540.89555172106429 -103.67259318734442 6.0330246833037915
v 537.40191023103898 -50.332845492775569 2.1043763647732572
v 535.8184188762018 -38.866084151390723 -3.7099454049241718
v 537.61882161213316 -35.410524147768392 4.7089455141877163
v 537.50878716649663 -42.427970918242394 3.0415768150842108
v 535.94256643551785 -67.114222717344731 0.55446943638675172
v 536.9435928444309 -57.344216448207874 -3.2820011133915461
v 536.63229104540596 -59.106776903052918 1.4476919892405515
v 536.36246744827974 -78.541228135110401 -1.0381954423421309
v 536.08149688339984 -71.684742622177367 -4.3701161979462331
v 535.99184273073774 -73.201400011556274 -0.28060230400126507
v 537.93098455029781 -92.99229108588132 -2.7341611370453638
v 536.85317323475556 -83.74973253985037 -5.7607004252103611
v 536.90991273585337 -84.970995283758299 -1.9274830677378976
v 539.43041915688127 -101.24408513108135 -7.6946395291344079
v 539.59513593789302 -101.9249591442553 -3.5970584358870514
v 585.95948915664644 -57.691686091103023 64.892700239966615
v 584.71519094074961 -56.557207036058031 63.840201051701847
v 583.744400083855 -54.093918526761172 64.336546010077058
v 586.19108774417964 -55.340824080608769 65.258465725756935
v 585.42094230685018 -55.910539383158081 64.451800083913156
v 580.743904274535 -53.34499060101416 64.07274085609231
v 577.75608634699483 -51.309042389825528 65.860709026901731
v 581.64795684809792 -51.485551992945616 65.474777224767905
v 581.12074833030852 -52.456677737283577 64.803895639936684
v 573.89306400707369 -51.387597415797387 66.175180670129919
v 570.0843412740212 -51.307272270482649 67.326141345247038
v 574.34463580375382 -50.162770512672083 67.951773880618362
v 574.10490423545593 -50.942221036817415 66.934979729999867
v 565.79945643774215 -51.304593170936712 68.03252697919487
v 565.70860625849696 -51.791639116068623 65.566215325830228
v 562.02388756157052 -52.364105279758846 64.937861269345149
v 565.72372403450618 -51.859740869705007 66.409927797643093
v 559.93328093553851 -53.111119562973059 63.137991536119777
v 558.38184309312578 -53.917743811084293 62.118363059458368
v 559.37521493190775 -52.488707329176449 64.806604453268051
v 559.8329103846927 -53.19029652276808 63.629445423207379
v 557.68570778075275 -54.799000117975119 59.922390509365265
v 556.71577806299774 -55.595147173219239 58.074186889131681
v 556.45839314233478 -54.227036285449756 60.79316700708079
v 557.36273276227757 -54.75304877665603 60.121420171768413
v 556.66123925081274 -56.089488880507488 56.589190192196554
v 556.02184343953741 -56.909987036981597 55.372087378247585
v 554.96374264208316 -55.952615598348217 56.693558461896089
v 556.24526120524297 -56.252842191214498 56.54642476668792
v 556.56914520392115 -57.477453809554873 54.806301770540045
v 555.81378265515764 -58.044681376811525 53.539510032200127
v 554.25751286534955 -57.479463134214321 53.766607074681758
v 555.90764682139206 -57.596889024133887 54.325670265476134
v 556.59206107325156 -58.373516925543328 54.246196541585192
v 555.59366592282117 -59.084793934457295 54.242998665508821
v 553.99706611663396 -58.656759940930932 52.759318719089919
v 555.6600214776463 -58.437265142417573 53.398408048553364
v 556.93541638470106 -59.676085556564033 56.128688562041162
v 556.78878352562447 -61.585948645372127 57.418768806743742
v 554.71291194709511 -61.028217529184545 55.592650378002901
v 555.93682987001739 -60.236136964322654 55.77779678808551
v 558.62573683393248 -61.660245816708496 58.769222978323342
v 559.92184692140495 -63.920999184439026 60.308485457000181
v 557.40540699075927 -64.190320450400421 59.276804699885439
v 558.11608598638168 -62.844742703454799 58.922890716257854
v 562.28074623053703 -63.362550452301633 61.2969238730063
v 565.15771641436413 -65.403976465240447 62.740785127770344
v 562.01632867356591 -66.298556508265975 62.281035522688988
v 562.26883380577033 -64.812349955690436 61.594101252162936
v 568.34550998658301 -64.171064422414034 63.334650846698615
v 571.61114096882397 -64.89867915445187 64.677655407858623
v 568.22762960656189 -66.719246898572692 64.627791377700675
v 568.36124969641537 -65.447990243495084 63.765956907325254
v 574.70904118306407 -62.7911846330678 64.586957161365348
v 577.88717086049223 -62.854741485688763 65.710013228146835
v 574.85256437302485 -65.096741156597744 66.314376112651814
v 574.78974905688528 -63.941714364856722 65.35967349521087
v 580.36787351683756 -60.997694930786238 64.712031080645801
v 583.59226550249662 -60.68287681360728 65.589680059234752
v 581.4162147373745 -62.587333862260166 66.714103147024844
v 580.88651848429265 -61.787646568330373 65.758685903700581
v 584.42656580573862 -59.124143209038238 64.783466010865681
v 586.24098597322268 -59.402721720752112 65.945901626650965
v 585.41137409418616 -59.356746458901334 65.289003648245767
v 562.3138522463546 -60.554088671149117 61.154492804819078
v 564.85354293377395 -62.518107843635732 62.58913636213159
v 560.31768387931675 -61.203363662000001 59.969018913857802
v 562.17626134824559 -61.899211927993193 61.31904662720887
v 567.99191668758306 -61.360282349690479 63.704780661522157
v 571.48235282636574 -62.294450872613538 64.076265023170805
v 568.14476888489116 -62.728560681181563 63.52295766358727
v 574.39152004580751 -60.099168000036769 63.87759912104007
v 577.27882389931187 -60.48993380523666 64.094537599611357
v 574.53676551404783 -61.396402352497276 64.251378452134333
v 579.10190329925695 -58.839058312712794 62.809134940123265
v 581.83094891529799 -59.399588131104622 63.751785300470736
v 579.7519198265893 -59.87955359886513 63.81488032798341
v 582.21630868034254 -58.510701174614205 62.887216741358451
v 584.04747321998889 -58.115821037968772 63.998045258400474
v 583.30120047325613 -58.782294891083318 64.020506637629353
v 583.1910225044295 -57.74531592308503 63.002019328299433
v 582.70519650641245 -56.02291804089738 63.325307613175674
v 583.86830843785447 -57.253414110026128 63.60628170539956
v 580.03212493445608 -55.302407706762594 63.522832267675248
v 577.21371221213303 -52.898394274919532 65.133880869221429
v 580.39777418141284 -54.451889283055017 63.986243933290574
v 573.65376300834578 -52.971280134887934 65.992304281126053
v 569.8940295241332 -52.009794364809025 66.743173694399758
v 573.7596831225369 -52.179630139595943 66.348475578049886
v 565.97034471592224 -52.930328184685777 65.731747273709885
v 562.20539655580762 -52.673971846884186 64.47942848485971
v 565.75529913629759 -52.252133271057779 65.741880608934451
v 560.52622307432989 -53.953170118472933 63.060122928958968
v 558.76313636778832 -54.24131684285085 61.839545996504903
v 560.06828841622826 -53.42541142845549 63.280322156761933
v 558.53751791316995 -55.469612223066882 59.773024168909039
v 557.34488804565922 -55.733216481961506 58.222299083588126
v 557.91338340109382 -55.041673911667154 59.994891585156459
v 557.86535097352032 -56.720608187828354 56.972112305561694
v 556.9697662681649 -56.922545316103168 56.073305803598487
v 557.02459212673011 -56.334459045238866 56.948070676210023
v 558.33137077132301 -59.869841863011096 57.607778008931234
v 559.86458116861058 -59.610208412372032 58.343071231631967
v 559.11462466000216 -60.535311053795908 58.722845178775714
v 557.53926628592944 -58.685799466366319 55.723179486655908
v 558.84977653346141 -58.829250894732127 56.640045242505948
v 557.83167086494291 -59.216141573803071 56.588274484343856
v 557.95624899382881 -57.610619409306807 55.568508581424908
v 557.20772771711995 -57.985765107332625 55.036432982959411
v 557.0638696397159 -57.505919242230412 55.388829507859867
v 556.82361181972169 -133.18581691120767 -61.411267160274377
v 558.94545866010185 -125.32258798229476 -63.139011281288091
v 555.88439606461827 -118.91353601406449 -59.216737784444945
v 556.8418871059099 -126.17851244615754 -60.08883252770994
v 556.41815880808235 -148.21506303273566 -64.389253749302313
v 558.10522606500808 -139.10332587435391 -65.978844839712849
v 556.38553120289794 -140.4391440443822 -62.779593332828782
v 558.01241440216654 -159.45187630327166 -67.284032768950397
v 558.7413686839775 -154.11530137202334 -69.783046592281636
v 557.33101413729628 -155.86671485911467 -66.315239276449319
v 560.46182900310077 -131.09401425859261 -67.39266786348486
v 562.64687388812695 -123.77617345153071 -68.552203675443877
v 560.31136885895853 -117.62520009938159 -64.942057235967923
v 560.85479549721322 -124.51792521777968 -65.934316770027522
v 559.52677542050628 -145.21523699830209 -70.891428347285398
v 561.33421079274558 -136.81130837174362 -71.788807092515185
v 559.74770545091917 -137.89007650855217 -69.000330915564689
v 560.71576936720464 -155.88144990661732 -74.098454026959075
v 561.5615036845802 -151.02701721151061 -75.927393957160916
v 560.15985621142318 -152.46923390636312 -73.044814408659477
v 563.76836409448049 -129.35657036199075 -72.601267950351485
v 566.19548475990723 -122.5750757158123 -73.547755547079532
v 564.16276582049272 -116.6263265383179 -69.94016860449122
v 564.39446009015273 -123.15435923102565 -71.073248308434074
v 567.33448479543597 -127.91480815723976 -77.378604771917708
v 570.39478193390642 -121.43554942858704 -78.270386112738947
v 568.262457900659 -115.83517887419079 -74.884231531728517
v 568.16452724404246 -121.99906931343638 -75.977722755773812
v 572.23355320262056 -126.52638873809086 -81.722381957143938
v 575.88521372479272 -120.49817555442151 -81.846063066092654
v 573.14865706181047 -115.07725682853957 -79.139897438584683
v 572.97131024008218 -120.92207129597065 -80.238950186241027
v 578.68989606194282 -125.37516531088379 -84.794627401178531
v 582.21511265375955 -119.957188810396 -83.929194525980904
v 579.06817534961613 -114.62657009153104 -81.858681146543404
v 579.02239145201861 -120.17649224465609 -83.08033857922365
v 585.35171628822582 -124.95416395366549 -86.333829891647127
v 588.27064308458466 -119.70812823475076 -84.636572488234236
v 585.22732952359297 -114.17750995067541 -83.090803811825054
v 585.3134434375695 -119.81074731557273 -84.410403861387749
v 591.28008517274566 -125.02379662132817 -86.79347486776237
v 593.87799843422579 -119.5698675617552 -84.662071774983957
v 591.04308054505714 -113.62549584155461 -83.208564589187887
v 591.12775922713399 -119.62457381766193 -84.697581804233437
v 596.5963754931463 -125.06965228052063 -86.74248825452878
v 599.1275983123578 -119.54893709655262 -84.55873507821218
v 596.48658025282612 -113.38459216720547 -83.054014034131768
v 596.52767572621838 -119.5518793219468 -84.593754736562602
v 599.1275983123578 -130.48375365487942 -89.013790576721391
v 594.11490737978772 -130.50834396142608 -89.109472703362002
v 596.68043224140001 -136.26833622359038 -91.122696409473406
v 596.65823398801933 -130.4983212586605 -89.046394261374189
v 568.43679073539806 -133.51271489687502 -81.181227769396855
v 564.45665347246904 -135.08558553565524 -76.611545083172302
v 565.61483777438923 -141.2177812704511 -80.587424491465782
v 566.2461484459634 -134.31424407174268 -78.88846873030505
v 581.65628119311555 -130.72948927662395 -87.955905064052189
v 574.4999757363546 -131.86116962946465 -85.357692795926368
v 577.49807949250862 -137.53751179241351 -88.956907552433591
v 578.03997521673716 -131.19553299495823 -86.863896912969778
v 588.45583584069755 -130.47100401150459 -89.012785914391742
v 585.0116620101453 -136.55538260351193 -90.945026660567805
v 585.17814891049977 -130.51674006803876 -88.65098787303225
v 562.46436023156014 -142.9641714458939 -76.206761846419596
v 562.86789960066653 -135.89441047267917 -74.286792332985073
v 570.51036594288803 -139.28387804732461 -85.194686332928399
v 571.21693060706502 -132.66710018215775 -83.40471294880092
v 591.51149239602569 -136.32380793651021 -91.312828755373999
v 591.41447071961227 -130.48975770832612 -89.129231062513242
v 593.640515395904 -71.288762141075694 -91.878346004616958
v 596.59977220864198 -81.104647989936637 -87.657783477972032
v 599.12759831235792 -71.059483845113348 -92.157630172014763
v 596.07093709469996 -59.661254826934822 -96.109840214230701
v 596.41309637956647 -71.098857040225923 -92.100531862942091
v 599.12759831235803 -46.708621820417733 -98.528899660487895
v 595.1378449957017 -32.030792229508734 -99.391354429493873
v 592.26618516990311 -47.199877779121799 -97.934964819632768
v 595.70901945068226 -46.836285697887824 -98.363226058209875
v 541.88126898971495 -59.489935979184871 -65.978964442371222
v 541.44811600241337 -47.96935344156477 -68.206133383650894
v 537.78990125456653 -41.323153322455958 -63.447717702627962
v 538.5315334181571 -53.229071704589103 -62.720605301754986
v 539.89442963002466 -50.56487464987881 -65.406007907781913
v 537.54830388479922 -28.742006172620684 -61.914076735770394
v 534.05011749375842 -26.145001891343682 -53.691585341853965
v 534.82088486491102 -37.09873959021369 -57.576088319205745
v 536.03231627030664 -32.836651020606723 -59.736566818217057
v 599.12764615342144 43.538472980540377 -45.828284651346081
v 594.88835385048651 47.239936049628923 -27.232570981153614
v 590.30417532207593 42.63001902915201 -46.065959053921162
v 594.58618969455574 33.536676759616952 -64.054127100743813
v 594.7485144224014 43.311275770832495 -45.891267411207259
v 594.05673264679035 -90.236047825342965 -84.584114762303585
v 596.55427535742444 -98.510064044455248 -83.179285858435861
v 599.12759831235792 -90.173256429735105 -84.457216341846561
v 596.60642211644358 -90.145101963971143 -84.505081325698484
v 548.08290602792044 17.706332032791295 -47.076996205333984
v 543.40256696223605 18.375939475553324 -31.95524340774341
v 541.16704975540699 6.7441982273086012 -46.545996283276658
v 546.78105501284949 3.0812232936612531 -60.586487228633075
v 544.28925322981377 12.310362421430852 -46.819168754835303
v 559.30058287312829 -13.787416030404032 -82.01839853643807
v 561.4436711456226 4.5287264260106639 -75.605543203673903
v 554.50384650038586 12.991140752478159 -62.439132405710126
v 553.03727870430316 -3.9933696269488337 -72.610860083547237
v 556.96766126137913 0.28900355350590701 -74.186876272240653
v 562.70978488639321 -42.041726093526307 -88.282994413972858
v 565.09207847548896 -25.498669125887027 -88.848738908266597
v 557.30795474477611 -31.02199164780599 -84.367574149450206
v 561.02788446430623 -28.183940168989899 -86.675809772526208
v 561.56915825471151 -56.366656080853396 -84.536213897654221
v 555.93764316809393 -46.667956916595408 -83.066440750329235
v 555.30231384720082 -59.919022476104324 -79.320640975808715
v 560.2036786254248 -68.450112648968002 -80.343949359963148
v 558.29773850380889 -58.147324378165123 -81.938910609731465
v 558.76964275239993 -78.583639237743839 -76.06505661686495
v 563.03874003778333 -86.407829858987398 -76.818625125754011
v 564.89597795693908 -77.124582488602542 -81.107337247098741
v 561.6764657597389 -77.850355339702574 -78.576927725963515
v 567.34118254430086 -94.026567033802124 -77.918204125106882
v 561.7760230125084 -94.394847539241454 -73.03342823558927
v 565.83887747391805 -101.63554463169946 -74.697292576804557
v 564.39881362691494 -94.21845753877966 -75.500532069685931
v 570.1469173848443 35.33129072688655 -46.559415701537915
v 564.06823187937221 36.648020312650075 -29.578852209834913
v 558.20272615205499 27.636390579266049 -47.091384405127585
v 564.9179370050033 22.325051808919099 -63.500893044508352
v 564.18649498789978 31.825162719334685 -46.840972319443509
v 576.18852606624318 -2.179260426376274 -88.07992106044415
v 580.3373509184396 16.358984166502751 -78.4914835868735
v 575.76331469545289 28.595747422027159 -63.741174785034346
v 571.15660302621836 11.755549610105774 -77.490612661416236
v 575.82211136227352 14.41307283648284 -78.044719817057256
v 579.39851789184274 -35.279415713739276 -96.072954754410688
v 581.4799390337173 -17.701030294786321 -95.221407747841738
v 573.43948288573449 -21.094588280345619 -92.480497548097389
v 577.46899212601011 -19.266748694600096 -93.938537674643158
v 577.25160233428278 -50.417045764219274 -93.750749540845277
v 570.92648751164791 -38.013077992390571 -92.79885590396205
v 569.00710405123903 -52.947981537050971 -89.584008210435684
v 575.10506950522927 -63.764630668976778 -89.854238456600115
v 573.10253827676979 -51.557624554837602 -91.837023286174059
v 572.54011873637683 -75.687078138487053 -85.824370408349694
v 577.89262474171073 -84.733799291816524 -85.259821940638915
v 580.77457039612329 -74.135640296074371 -89.008025728591349
v 576.72176255801082 -74.945087166921482 -87.665605491824891
v 582.27017771764122 -92.467020131156602 -84.11472216953689
v 574.46773085967675 -93.419296496546366 -81.993090613941632
v 578.63420906423812 -100.50651945787298 -82.138407843776946
v 578.43810854568846 -92.987746184865969 -83.307105219361745
v 535.95093862159911 -4.7399533405930896 -46.401899000556043
v 532.01945572006662 -6.8962696670954955 -34.959273475616307
v 532.69353630224919 -16.28558067486135 -45.92155080428897
v 536.88159082636798 -16.500387049169319 -56.618836483230723
v 534.0251444587052 -10.509848702864687 -46.306312556042208
v 546.15405003697424 -27.612119859654484 -73.685681332631844
v 546.64800901575586 -12.313911280140033 -69.495976291828498
v 541.12614564626813 -6.8021662955445805 -58.645025117502023
v 541.40022709802986 -20.743147829194896 -65.884442461516215
v 543.87284461467414 -16.543898496259104 -67.760565640417639
v 550.28670460976809 -51.280289910770023 -77.585971860879368
v 551.02647097188924 -36.6574057810843 -79.603955752791194
v 545.47767308375228 -42.548219430897888 -74.069199216738753
v 548.12931185934099 -39.597310883709284 -76.937857015813961
v 550.10045935026233 -63.304280037177548 -73.827254999262379
v 545.71726112886017 -55.60832738616395 -71.652699267369115
v 545.4335636233709 -66.089897710594656 -68.333211208095349
v 549.27869340561017 -72.935977792255485 -70.009215219128151
v 547.72361964238507 -64.747429632764849 -71.06549805617621
v 548.58026172219775 -80.941079394444586 -65.949195340720138
v 552.88055138086588 -87.741638704356205 -67.031264510897756
v 553.48028695064863 -79.952372059336454 -71.105756310960174
v 550.98116548492499 -80.490727544879334 -68.580489704131935
v 557.0924785955815 -94.816207704434618 -68.127195629172462
v 552.55886807110039 -95.262493063617626 -63.138592671984014
v 556.80026538082132 -102.58408939415021 -64.88652572171884
v 554.86815619756931 -95.045916569966835 -65.68787549259909
v 580.89642158440017 40.036985556130645 -46.294938343237725
v 575.88913669198519 42.585861727707496 -28.550783639880017
v 575.73408380576416 38.057465879128245 -46.39101515865061
v 584.72380233214756 1.2447005549230425 -89.928308382885689
v 589.5720635300861 18.82255972217952 -79.287295754674375
v 585.36042336175024 31.789808173540976 -63.950957847693701
v 584.89536038521396 17.762593123255897 -78.913202560041583
v 587.31425238774955 -33.265785358589568 -98.206139926797761
v 589.91862419277788 -15.532753702453846 -97.283740305451488
v 585.59934163197158 -16.469984053429428 -96.366244393095542
v 585.15073598121762 -48.610304087398021 -96.43697740521452
v 582.94444966407696 -61.915143002078878 -92.998030210830223
v 581.29809515203692 -49.462066378751928 -95.284797156741092
v 585.43601224179611 -83.283617059921156 -86.910111380137096
v 587.70937172971151 -72.432905090911348 -90.789674767701115
v 584.43158911738738 -73.26000531412366 -89.994341010533446
v 588.66308332700089 -91.225903345970778 -84.610235982876446
v 585.47356747650247 -99.725107450131546 -83.248129148553687
v 585.66201342492104 -91.862715739826754 -84.49107585441152
v 530.22187560687121 -19.899374995415478 -35.939722247168781
v 531.16630603787644 -27.42166458657649 -44.366572723190579
v 531.79292828524535 -21.952593830462725 -45.191986548920859
v 541.1361922695653 -34.626863610050876 -68.609385706377338
v 539.32028902911827 -24.766294208048798 -63.94986946350317
v 543.26669834240647 -45.329938057654381 -71.127535955036763
v 541.43778233273611 -68.731394180759438 -62.87888745975004
v 544.62514533538524 -74.571855111428434 -64.566576650498774
v 543.30152663650347 -67.429758450473486 -65.594286412478795
v 544.3412564656428 -81.589732451472315 -60.510144851839797
v 548.24154699389032 -88.141063742017039 -61.719842018690002
v 546.32905264659951 -81.326319556830967 -63.204661180429348
v 547.51814227542457 -95.610058388639303 -57.261054917241886
v 551.98032609236839 -103.20389428999583 -59.369171372449088
v 550.08816419698894 -95.447039965375538 -60.340332997584568
v 552.48600613166377 28.51518307139591 -30.816608160322524
v 552.75539915922036 22.864675082639991 -47.181540888954643
v 567.78041134664431 -7.3412393970372847 -85.644727215582179
v 566.30016100645219 8.4288255900048625 -76.70794482576261
v 569.30290534574829 -23.142090108326045 -90.785129866685679
v 567.13379153480764 -65.961611899301388 -85.398967673305918
v 565.14336409536827 -54.595747360459001 -87.112730243564329
v 569.69577615773414 -85.700619340455631 -81.655763276470481
v 568.54012743217004 -76.404957214139202 -83.567827054191326
v 571.64065890489269 -101.16354470098179 -79.203717417053895
v 570.69929030193975 -93.767770801771107 -80.156041623507008
v 536.77701026194995 6.3986183064147326 -33.278305954263978
v 538.40494596461178 1.0389122210510493 -46.423618843303409
v 552.17924923365422 -20.637706125637088 -78.026396689805637
v 549.65501120968747 -8.1572165730276396 -71.067327976848219
v 554.03237282136456 -33.829568369287081 -82.041840657464974
v 554.44533687994499 -70.902397713701234 -75.180606918997455
v 552.58924714630894 -61.672325685196853 -76.611664685830618
v 557.70876717327315 -87.101740561916088 -71.926386030358429
v 556.06193425059985 -79.302259849877458 -73.588396530370062
v 561.02410502030375 -102.03559160318345 -69.782651903509247
v 559.36832581878957 -94.5908762961962 -70.571562997926208
v 586.12473218935475 45.821400681119897 -27.783006335184865
v 585.73047398653239 41.527569565999968 -46.195608335519069
v 594.15442409809043 3.1133964087440518 -91.201107912255338
v 599.12764615342144 19.889176228904759 -79.535638714369782
v 594.32947454877922 19.578376761044666 -79.489472088265813
v 599.12755047129463 -14.584137178408099 -98.093450302146863
v 594.44027445142888 -14.874986922863627 -97.868716907199996
v 589.81155589306718 -60.426257349957424 -95.061140185718898
v 588.79000566798959 -47.820639496233824 -97.302063432703193
v 591.35753985426118 -81.755525656408764 -87.553657403655478
v 590.76785090777571 -71.746505434923932 -91.435002870828129
v 591.27621004661682 -98.848730931699365 -83.317929259937983
v 591.43121509177445 -90.629684094342039 -84.625736487392203
v 556.5785698933953 -110.68953762665356 -61.993636424071951
v 554.0492128756531 -111.16297278927084 -59.001177913389725
v 560.76442372860129 -109.81557708191909 -67.093206727631781
v 558.75265917492118 -110.23141160429877 -64.637249861288709
v 565.00787820404514 -109.2220847708996 -71.983914909001101
v 562.82675628621109 -109.49264990450732 -69.528962704987777
v 569.84221765255734 -108.6603589259248 -76.79246802438368
v 567.32936580166074 -108.94570694809848 -74.444679802207816
v 575.62165730696131 -108.12595032810579 -80.366494461052838
v 572.5884860513936 -108.38335916930049 -78.808047902863763
v 582.15272790718996 -107.65383079472984 -82.305277472638039
v 578.88647499112585 -107.89576305194038 -81.523410974795041
v 588.26916001162181 -106.96970358925013 -82.783329297865748
v 585.28488232276732 -107.33279333931922 -82.682779343032365
v 593.84120865653244 -106.37877077511827 -82.684704945831015
v 591.10642211289314 -106.61859802554275 -82.75744728260949
v 599.12759831235792 -106.33537893068683 -82.574287771687807
v 596.49916245247948 -106.32136149913399 -82.609857602266459
v 537.73785017767398 -11.271669795176535 6.4596653058609643
v 534.38242151958093 -15.670440282689455 -6.0995766171065657
v 532.91384439883905 -5.893616662029487 -14.241880408765271
v 536.7633277178403 -0.31068417521350966 -0.84721391756770181
v 535.32431637423019 -8.0706960100128669 -3.3979558906140159
v 530.52997205465374 -12.742112717388025 -26.079093043837553
v 533.76206645150717 1.9911885864407992 -22.892118749828015
v 531.67131630228516 -5.4228845194898128 -24.514971339512108
v 540.78346010970506 -19.483612234630748 20.325946009203179
v 538.77274805941784 -22.042319744719862 10.452073801531638
v 540.35025928134019 -7.8038863998757932 17.564550864158377
v 539.33602873895052 -15.04231104182611 14.062232201273432
v 542.54310225968743 -47.12299719036605 35.293662543168423
v 543.97546369549605 -45.471786810398946 41.783370059056935
v 542.99639633464687 -49.625108722547289 39.095203136590001
v 541.42223398715714 -40.16951392155125 24.780059636778276
v 543.26808573324274 -39.241158087821603 33.74703870775231
v 542.10875324580275 -43.93506009495723 30.4095115775404
v 543.44131822352529 -29.840580509643829 32.361256527218899
v 541.36420277734965 -30.431250197927383 22.453856704359239
v 543.26703322984963 -18.460555016058677 30.67732884007367
v 542.23505365296842 -24.611289162891197 26.508105754504214
v 531.23443171204451 -20.432970295157972 -18.702664874607095
v 529.90760766192034 -25.480633045015225 -28.486168303733123
v 530.05854621669573 -19.440076867009338 -27.458990773582578
v 536.33974294320274 -25.580333820974701 0.26837987773163086
v 533.35087251226946 -29.144971448967233 -10.83740868063599
v 533.74847958952409 -22.693675821825188 -8.6979981898843537
v 539.39037618688235 -32.255884432430449 13.09764872234453
v 538.12928575776027 -28.754253484830684 7.2102317880267019
v 540.5083261545501 -36.145195436645935 18.884820688607618
v 545.47489830207974 -29.492417171330622 41.096861265643852
v 546.09865008564918 -18.689546265641091 40.503371944690812
v 549.37547587670701 -20.227516848729145 48.934063161077233
v 547.66171330644875 -29.474763818965442 48.783354841419069
v 547.04886928531619 -24.430569546198882 44.981776872166719
v 546.29202366358959 -37.645897831407524 48.473196742814125
v 550.13198661099023 -31.580129413031813 57.028334525162364
v 547.82906134594293 -34.17517221071266 52.561142346902059
v 544.82899610619279 -38.412431268456395 41.464507876994176
v 545.0398316722451 -41.512125522570983 44.926758154315209
v 544.33321916700493 -34.543524477746985 37.365590224040332
v 543.39907456461356 -6.1469590128419469 28.051380715487895
v 547.2061707015132 -7.3624569086197766 38.607750542419822
v 544.78129856606256 -12.345916951501309 34.759116402292349
v 540.72667276754396 3.517079301040468 12.020967651923343
v 544.7121682295649 4.9474792532529364 23.774401614922496
v 542.09229592002066 -0.8213157645622573 20.711879867007752
v 537.61131056519184 9.0207391459348258 -9.9834397202364418
v 542.36919999451834 13.227451684748573 3.6126795084697942
v 539.13346967685266 6.9633102973153882 1.4390148163809311
v 540.14583441777268 15.272681062221366 -19.852512871243732
v 536.72912135756633 8.9515848889054013 -21.311372275998764
v 593.27008204261529 -33.436075623478061 76.126285173124188
v 596.09031272534457 -23.014928562020827 75.057143555275672
v 599.12865081575092 -33.675280940079375 76.905672905873928
v 596.14987484917833 -33.584239396580905 76.634919398079433
v 581.63111679380904 -22.190603120481065 73.385608198563574
v 576.08619403180114 -13.091376400157642 67.924985875225502
v 580.2551121305919 -3.4739592024807848 65.582644432860235
v 585.57633008051437 -12.829111691035976 70.486874068508769
v 581.11983935010562 -12.888841258591299 69.462843583304732
v 595.47402414765315 18.606389877566954 57.624608345503987
v 599.12764615342121 7.9278100543833716 64.406864804552129
v 595.88067318587525 -2.6210965666705448 68.310052239999038
v 592.20528349629626 7.7716568237060528 63.933670996361734
v 595.70849319898571 7.8921445416781637 64.290745386795322
v 595.05527132041095 35.94834476159123 34.496501855395181
v 599.12769399448462 28.312121678132996 47.708381098945111
v 591.34395299227833 27.947285729252727 47.273475932699341
v 595.23922020887721 28.22454861172524 47.596262576987655
v 581.65589846460932 44.93385327440248 -11.675781454393162
v 576.86294153586891 41.24616843155016 2.7006793382627716
v 570.50275921382047 40.800433244595339 -13.048233918658932
v 576.30353598246529 43.263721753892199 -12.266259778423448
v 594.89706092401082 45.403126264510846 4.6588320003597783
v 599.12764615342144 41.998469152261251 20.062844081473457
v 590.75541223131268 41.264395876675238 19.597939578459432
v 594.91284847490647 41.800311467988749 19.933066227017918
v 558.32515143309138 -29.554156063545449 65.389872979552649
v 562.20635337707404 -22.211126936645449 64.008379208396349
v 568.05616723562218 -29.374560711841198 71.147471693517758
v 563.19369724187754 -29.314615859500918 68.578535166077415
v 589.74984092138391 -22.883580922675065 74.207699312942935
v 588.94926856778272 -2.8565942008645209 67.460244704591759
v 592.84391385055847 -12.742351922704685 71.642098952152651
v 589.42203395551348 -12.810142709429485 71.09956410121876
v 556.92924488753283 8.0948949680294788 43.400813618519294
v 562.83364539932938 2.2271167902046329 54.434039244095914
v 559.46367305798697 -7.6583060441923152 55.518079615585634
v 553.77527494708147 -1.9445043286636974 46.449089194797239
v 557.89587357191863 0.13849556830035681 50.628974857354194
v 555.92783575011322 21.810736457694688 22.810266645962258
v 561.37721990867067 18.72180644282713 37.588936228150999
v 552.02170861214063 12.274409862345664 30.430944373907806
v 556.33376717238559 15.54365284486731 34.068345269144061
v 554.53432125772065 29.07114406824067 -2.7901830221934194
v 560.79006653854117 29.701641441738289 12.412797920782111
v 550.61699931093131 22.519621413442636 8.0456563562567407
v 555.52831503032576 26.215606680780994 10.231933148663499
v 590.71919654637918 46.754971190751419 -10.952717603503617
v 586.45560098327769 44.101323090503286 4.0100473804078813
v 586.40508082041151 46.023959743217787 -11.253153501022
v 548.30311844238361 25.913442524850197 -17.299803434468338
v 545.17761393460751 20.575862931272198 -6.2262717130443992
v 543.93345924190089 20.967489875611804 -18.526789165575977
v 565.64086331283568 35.895145499179122 0.32336121975245469
v 572.00779122481242 35.635081478970221 16.2037775994757
v 566.79010133591487 28.191083787932769 28.179376490334846
v 566.41019545208883 32.866949714196679 14.44879098296758
v 572.86759081480409 23.724450752100054 43.092500390918673
v 567.47346308438136 13.165545348812131 50.750474712822154
v 567.07738692115322 21.483981995217292 40.655723305867383
v 574.03209013708249 5.4561732795371825 59.983491583028801
v 569.6852032827403 -4.9717432923797986 61.672709819012361
v 568.35933605388266 4.0447183883995734 57.50867674129654
v 553.46239439296687 -23.827126294008821 56.925534171561452
v 551.43670808986042 -11.144388646212974 48.166927225637124
v 556.46829624244208 -16.12813573547443 56.376465651659572
v 552.58116200660766 -17.612787453492061 52.743028089512819
v 571.82953542288101 -21.759076729332321 69.671003039877689
v 577.52640140199424 -30.609314635605436 75.353693861432419
v 572.79271955070772 -29.788218465839833 73.422855456424884
v 553.68777364226867 -30.165708375968329 61.484779189859857
v 565.67081181847402 -14.128833778789115 63.03289588019458
v 560.86331120648447 -15.017314086241313 59.83551730538769
v 549.21764820881367 2.7477232412556987 35.334145052936691
v 550.2450350436161 -4.1651908058635172 42.438085475827251
v 547.13852343797839 14.36408358764298 17.149111030551126
v 548.12079615006996 9.0641549108979405 27.003144147277055
v 546.23724564608801 18.327524319473227 5.8224223424351447
v 558.69218807088453 34.221138852539937 -14.971958955564078
v 553.24337800508692 30.29577960711265 -16.10634232848237
v 564.54262386325581 37.735399840856275 -13.952705101525924
v 582.15119699316392 39.314441976804758 18.441549316413784
v 577.80163103927578 32.42341521615451 31.755600625850263
v 577.29461145020764 37.797593223172584 17.523793268276052
v 583.0960579937389 26.596014895771972 45.972158644491117
v 578.79189320894193 16.455742717068006 55.014674269348092
v 578.26808140664832 25.420655652119862 44.833977887171727
v 584.25237649418955 7.1150621501671765 62.638436017245674
v 579.43631233186568 6.4445696477337719 61.542657065321826
v 570.84171314744435 -13.504292617674793 65.761307070708881
v 586.75508603966227 -32.965415242533318 76.581054845880516
v 582.33916453094912 -31.825745432118076 76.5973342627085
v 590.28125945274542 -33.348048066968772 76.004296441790473
v 599.12793319980119 -12.73563025330823 72.17944080516645
v 596.02611001836885 -12.726205563834128 72.028783316637998
v 587.92460867358955 18.014524162700326 56.840291114440703
v 588.45334810540498 7.5375465803484047 63.401219770797489
v 586.94692870357676 34.752270337521409 33.545212211936416
v 587.37151814054391 27.419048628602056 46.7447125803522
v 586.55946393174588 40.473104689358166 19.115704650257669
v 599.12764615342144 47.336335792219202 -10.684269436947817
v 594.93739094038983 47.178795170705556 -10.756945992264209
v 533.50018447089201 -40.220345051328998 -13.847771709265901
v 530.97546803629189 -32.258467849849751 -21.555816189033635
v 533.29288914352537 -35.112187276903228 -12.360058163195719
v 529.97611606459498 -35.645878258772356 -29.412401190277883
v 529.85115520720251 -31.043831093211658 -36.093567146540906
v 529.87588903693904 -30.909062817838468 -29.089767039378991
v 530.62924226104315 -37.127492069269167 -42.98705174181918
v 532.33654628775332 -35.975455343985679 -50.623657553784
v 530.80735453978457 -32.59981383663979 -43.655833926238913
v 533.552761799481 -45.54555773003873 -53.770379573142435
v 535.71541706687333 -48.433890166404474 -58.556160342384658
v 533.99079457524135 -41.460839902691639 -55.596568642203422
v 536.67434334006452 -58.709337269519821 -57.546450780478949
v 538.81494387726639 -63.37484560557489 -60.543801039885679
v 537.4181761925679 -56.006341112456823 -60.074862937220487
v 541.465243103082 -82.020804352519505 -55.034460068721977
v 544.11128447426222 -88.132380589024393 -56.122174484371371
v 541.13614442850189 -75.929106077824187 -59.2743623452142
v 542.70781904069918 -81.73433206535779 -57.927887578331323
v 542.8014440016168 -95.473185106480074 -50.08389075687316
v 544.96692189174496 -95.742195405529856 -53.877627276840627
v 533.52420068467882 -46.188852587974644 -18.003515575244819
v 531.33422817013047 -40.884259407555909 -23.170589619149446
v 535.84497066634458 -49.147630990079421 -9.9789905013476545
v 533.5484561037822 -43.752618199985392 -15.994609525097916
v 530.46878333466702 -42.598452547384099 -29.833288924970837
v 530.00874366977951 -39.478688967206637 -35.884752865413837
v 530.19307528675245 -39.542915594714088 -29.642421022721734
v 530.6440729906725 -43.475044350601237 -41.597819024593861
v 531.80795037912776 -43.825767185802071 -48.069172017532907
v 530.59321794036305 -40.728249700068524 -42.307995689051467
v 533.41761079560115 -51.743989417001615 -50.534075162716825
v 535.02334824488241 -55.163716464197066 -54.341769312908028
v 533.41474033180202 -48.995568170316005 -52.082068448570489
v 536.16651045291997 -62.850938121154755 -53.315064213257735
v 537.36153237359667 -66.655857489673281 -55.229639646802831
v 536.30989011969086 -61.078881215240628 -55.267780934534926
v 538.21697842682636 -72.940355249549285 -51.921119151295315
v 539.61814748935012 -77.543359236376432 -53.209347423585719
v 538.95363511983169 -71.107061782585234 -57.395811232349232
v 538.43173696007102 -72.202143721985976 -54.474145535115134
v 539.95863233700038 -69.945696049954279 -60.194046986216996
v 540.40168842440926 -82.9019888978154 -48.492433864993046
v 541.36051901547398 -88.040549667981196 -49.448968085018322
v 540.70275223588374 -82.606594252344451 -51.594783298121911
v 541.29732097082797 -92.811308343340798 -43.175282405452741
v 541.90858623687075 -100.17797095552105 -41.488872963147784
v 541.6129284655517 -94.234627818181863 -46.35203665231051
v 542.3794858231322 -101.08757309242914 -33.056275579394679
v 543.03285122489683 -107.19536988493174 -27.045883191812145
v 542.62792446495416 -104.43171125957862 -34.585568989622971
v 540.04326317801383 -108.35381731270016 -21.013657338956797
v 540.26706367222596 -107.69315614877904 -13.441499419417321
v 542.22122758566866 -108.95324191557137 -19.718510052883694
v 536.85580449323822 -99.514941658965569 -11.990767015293729
v 537.46075473892301 -90.882045703356326 -9.1916581620203477
v 538.55454496961397 -100.21488033587262 -10.285370650983497
v 536.23186134541538 -81.258098200536253 -11.341181057531204
v 536.24339104167564 -75.545325067869058 -8.523402229297071
v 536.73443171559472 -82.507013079043304 -8.7962338332796026
v 536.60282095040066 -68.761390527461245 -10.466078307410017
v 536.7118028926443 -64.253685938768058 -6.7991146251083183
v 536.32409891549696 -70.118306606413768 -7.6295756830188157
v 536.96473859441858 -56.795288087671224 -10.19771984284789
v 537.03946633532473 -56.796842922229118 -7.1435104796850357
v 535.67456079879776 -88.545248965478237 -13.23856958907861
v 534.59201321798696 -79.351583986160591 -15.664386585529806
v 535.53142033734355 -73.182765917393013 -14.092945198516363
v 535.40057502916261 -80.127422510025241 -13.640966752798166
v 536.47943884809774 -67.066812223594326 -15.580748446580232
v 536.99626585514659 -62.599987823508314 -12.161087180846801
v 536.67745300918034 -67.776199510507141 -13.198460837617434
v 536.35332980518569 -57.219686160385251 -14.928656813126333
v 535.3744059675264 -51.716480805592447 -15.272484555076092
v 536.72151462849843 -56.967228869244238 -12.771293963363819
v 533.54644677912256 -49.525360105524548 -20.5856831467596
v 531.75408134182908 -45.940844515722425 -24.622613731982653
v 533.54089721577748 -48.011668862071531 -19.515329056962507
v 530.88390024109685 -46.736273955016685 -29.732780831067871
v 530.42768786127499 -44.83468737016301 -35.288802719766274
v 530.71908777795875 -44.936517073440164 -29.912651268886229
v 531.05866364540589 -48.274101014914798 -39.536778175693733
v 531.92267324896966 -48.925409250956825 -45.658317313635024
v 530.85352116588854 -45.995072360995913 -40.617459955035088
v 533.48812852293531 -55.83071656900816 -47.305018673384296
v 534.94680254357002 -59.282425367033241 -50.901374926358173
v 533.45009487759569 -53.928747255647906 -49.021125455745327
v 536.10149444786771 -64.674089282694865 -49.801915529663603
v 537.05257478667454 -68.268292687819354 -51.239180674462489
v 536.08718996993503 -63.944656590250858 -51.625879989280151
v 538.1138809353713 -72.856633388738828 -48.212683247227872
v 539.26991238944197 -77.943190923075491 -48.291860207022879
v 538.15258435559724 -73.054934596201306 -49.892060053224796
v 540.23668459701776 -81.439487592115043 -44.996795010574132
v 540.89086329685892 -86.785080563799255 -44.008147476795138
v 540.2701255002786 -82.391357308466596 -46.455552753069668
v 541.36822142666847 -90.182274470170896 -38.674897499447539
v 541.73190919002911 -95.624578151356999 -36.745054786570378
v 541.2945461891552 -91.458817562745381 -40.73699085174075
v 541.90758157454115 -96.910569853937247 -31.869960732242184
v 541.67655707976746 -100.42985415390218 -29.127842545649003
v 542.15578101104654 -98.574458115684237 -32.424295132934027
v 538.91378351408594 -105.23960329586788 -27.41285404814306
v 534.46848759249394 -106.9951550349364 -30.215371577178104
v 533.84708002102707 -110.66090475025639 -22.857230654401803
v 537.16193945742452 -108.66184199888767 -25.186091755901629
v 540.53750920317543 -98.44849259596198 -29.570898633057965
v 537.48386197250659 -101.40047756707527 -30.604259620642615
v 539.83209272451813 -101.58456997873164 -28.723627421523233
v 538.03073316732048 -91.552681728979721 -34.733152689833091
v 535.06678793037713 -92.001191697607169 -35.630615156923668
v 535.83463699666731 -96.462035964778138 -32.551588242163412
v 539.5570544514901 -95.035582900289612 -31.323837054042677
v 537.15442841048321 -93.832738965759987 -32.949823233374161
v 532.78342966022774 -95.433142136480967 -37.243773951152399
v 534.13139946033937 -101.28185565057269 -34.627304337237014
v 534.99560042815665 -99.10606801129893 -33.538387914871677
v 530.49145999868074 -97.852632152308146 -39.437926578608227
v 530.19790723414758 -102.85939079302659 -34.197039754133357
v 532.38079927132435 -102.77086090535245 -34.849914784999115
v 533.17639615434041 -107.07306420655347 -16.059147119516986
v 534.19818558473457 -96.716143772603729 -15.533607058810988
v 535.16428801742381 -98.199479861380027 -13.7719735245678
v 532.32539931999963 -100.87477604278062 -19.012220474820808
v 533.54472450084313 -93.818912898460454 -17.816642401782957
v 534.28693075719366 -90.731705161872412 -16.201127435185676
v 533.7855085725339 -95.516170301873302 -16.908128649065404
v 534.07671712496426 -90.233177361543653 -17.256333848308998
v 535.0375570406884 -87.790029939904613 -17.163306900682763
v 534.4778644409048 -85.002379021296406 -16.537121203016724
v 534.49011175311466 -88.432487579232401 -16.478952450152249
v 532.40223206769201 -92.85599189648191 -20.23698757661699
v 534.04973476525174 -90.396650274908978 -18.913500440659476
v 533.47243665416613 -91.781314170587265 -18.39692459919312
v 530.82366834237666 -97.221010513822407 -23.259263030013543
v 528.28646539024999 -92.069700100281793 -26.263119674031856
v 530.84500545661751 -90.523453013239333 -22.936066746620668
v 530.3531036435586 -92.809849190909532 -22.929117832173397
v 527.63515715420795 -93.581118893227071 -30.753691181923479
v 526.01913387631294 -90.070350302533114 -33.980074551843067
v 527.1959761929279 -89.217894315761058 -29.485717619816249
v 526.90165797138172 -91.190859767088583 -29.948980576345036
v 530.27990681667848 -106.91219863113911 -22.638937862604365
v 529.50397261068724 -99.963212422276371 -27.970310078216571
v 530.68741699404052 -102.58662497050616 -23.163138373537336
v 528.49246900890694 -99.066001120768206 -32.744238224021174
v 527.33366277316372 -93.102421213644547 -35.853488730534046
v 528.28148991966464 -96.313920032738594 -31.795753262899574
v 526.49003346257427 -90.709482987960143 -41.142037214341762
v 525.93589042613576 -86.177642582821889 -43.913350409826045
v 526.2885747449327 -88.930824015307849 -39.426181597563087
v 526.6865645506939 -89.793422307503803 -40.385861367501704
v 525.39509504636339 -84.987500450603775 -41.54682045109444
v 525.78432993753711 -87.130014630338295 -37.186825145402523
v 525.67434333296387 -87.957138774082267 -38.232176299481885
v 529.72571593917667 -106.81350251750938 -28.594139603514016
v 530.92671799276843 -109.62270583514341 -22.140200757623589
v 527.3360548263297 -96.267322837064668 -37.621748252047027
v 528.88060355562425 -101.42124058855624 -33.453697272528956
v 526.89787852737959 -92.961313997381467 -43.195375652047318
v 525.06915388196251 -87.477723478549962 -45.525187594680617
v 526.06386527051745 -91.752920499506672 -41.958014390332117
v 530.53001989571692 -92.622671030669011 -43.1004470221541
v 527.95229556295794 -88.395889165792383 -47.333460185528118
v 529.03249893166617 -93.287781413478911 -43.818804508439428
v 534.28343835957116 -79.38411590921838 -20.475570959395043
v 535.08745526973144 -72.188652542129674 -18.289646994830385
v 533.94285782979432 -79.009927032458961 -17.863078133868164
v 535.65485028070975 -65.709274210818634 -18.772973297289141
v 536.30065679447011 -61.760879493402626 -16.370598421864798
v 536.25989620852124 -66.341493862595868 -17.459162016388134
v 535.01167502543217 -69.311634517239227 -21.830752799802283
v 533.07688674263431 -65.337381705098608 -21.671268635091252
v 533.47248449522954 -61.035369768150886 -19.049985014179256
v 534.35237733181566 -65.409478187522225 -20.101382082635695
v 534.49542211114328 -68.220021054929205 -24.018751870488529
v 534.15130134268065 -64.130040710616882 -24.215169336082788
v 530.913035448659 -61.141720451911809 -22.872031483366463
v 533.38220840874419 -64.68602562799326 -23.081569360576303
v 534.36132361065665 -57.301279093877966 -18.191734278612564
v 534.74237768000251 -53.516309448763948 -18.678762283345648
v 535.7538812817827 -57.419398679215675 -16.744763378092557
v 529.17516098248711 -57.584139380758984 -21.531483028202409
v 530.10882717424533 -53.057824618434232 -21.882098221010715
v 531.96950964996017 -57.022270012594205 -19.475423630020529
v 530.2272816470263 -57.776914945407988 -24.895349653838551
v 526.78722214791969 -55.165749709388201 -25.714544141337214
v 528.62584989344396 -58.01336940086837 -23.644120463893415
v 532.12566288063749 -50.437880547295194 -23.317623147131357
v 531.77757130391933 -48.805567387339579 -24.960622804606132
v 533.22768177421972 -50.629747131741098 -21.476388063656195
v 526.01152714724503 -53.782736330394428 -30.171686706233778
v 522.69456270406147 -52.397522262487968 -32.51701709378159
v 525.00361162521381 -51.270626015979275 -27.444656394985238
v 524.725942093703 -52.927266356633204 -28.916887376938291
v 526.44334058477375 -48.090534854954939 -32.718601394214417
v 530.09868486882146 -49.601786204178666 -26.91310630069966
v 528.12882908660981 -49.744185129151411 -26.841548030238364
v 529.91430541078523 -49.069650056867395 -33.424998614669747
v 530.83634622415661 -48.778824232943514 -28.711236586123285
v 530.71851368519879 -49.26436318458083 -27.723085403376231
v 530.58632882724487 -48.421929900574376 -34.078902228396892
v 530.88677070489621 -48.049989553791029 -29.295979962688101
v 525.09092156577321 -83.751765785041485 -49.24557180431222
v 523.12537147926037 -79.343235720611204 -49.311018378934421
v 524.34182619630462 -83.061754128773373 -46.896420111831702
v 524.01449764106746 -83.453022265138117 -47.924919251356499
v 523.37998161825089 -74.701958883127858 -51.581650926240584
v 521.28387326993698 -70.831760383708797 -50.648558827242184
v 522.46109831505862 -75.19182745099566 -48.982099108341785
v 522.10444318800614 -75.048806592199739 -50.368389600172918
v 522.5084131266824 -66.564552820326568 -51.38642350709641
v 520.75159359943586 -63.681458980394439 -48.584492031087116
v 521.22249318569709 -67.937758781339639 -48.318938248862182
v 520.88071662933714 -67.169192099099675 -50.020453506910513
v 522.03215534132914 -58.485130126269439 -48.114537305826374
v 520.60864450223494 -56.447124749358018 -41.657213704705988
v 521.14015871572292 -61.271082687129777 -45.18380572709313
v 520.5039682556901 -59.965284784334941 -46.153532120328919
v 521.88231713101015 -51.217354991972144 -37.427561376030098
v 522.33164039771395 -54.79251765389516 -37.099383641918948
v 521.28243803803741 -53.739368406494627 -36.755543939703308
v 525.22631177496964 -52.862226431049329 -44.672061833022106
v 528.15050108829382 -50.061993312787884 -38.95660960080896
v 525.39255947000754 -49.314715903725407 -38.663917975415586
v 524.96457331754459 -62.811086515408959 -50.61229530124551
v 527.58109675265621 -58.824705993716648 -48.285377742943055
v 525.17282546617753 -58.111443580674894 -49.041218702339812
v 525.35596105656759 -70.087496961635523 -51.925233482740829
v 527.35877933140682 -66.876763599554593 -50.609472678509562
v 525.06862763026606 -66.495231119575521 -51.595058384236069
v 526.26695058431187 -79.108479622898699 -50.764190677287289
v 527.6096100263951 -74.273590002158258 -50.333214458366726
v 525.72443292626008 -74.448712214442068 -51.589161973181852
v 528.45199546933804 -83.265198250542781 -48.693294569343138
v 526.98490142155902 -83.661513619087813 -49.535620210957134
v 529.53162474528654 -55.273583466112058 -43.133899885680783
v 530.59135213889351 -52.375778499208934 -38.987562768777153
v 529.68773013490045 -51.253522835842276 -38.694584097003855
v 528.57131108125895 -64.078228839041017 -47.76568027209504
v 529.69911630797083 -60.822955447008923 -44.358619146413602
v 529.01996457307632 -59.977866983988186 -46.292163561565204
v 528.49596140652943 -70.40329582061257 -48.875592941125049
v 529.42240359772632 -67.67370003234349 -46.954774248816626
v 528.56021195456856 -67.374071452768689 -48.695160370812701
v 528.48232670348318 -78.21241650691023 -47.893858440995828
v 529.58697685554807 -73.81173237686447 -47.282533373623721
v 528.42707027534834 -74.03895350710404 -48.522765099138127
v 530.01142276932524 -87.141616088193473 -44.969992054848952
v 529.97252798484601 -81.937680505000557 -45.242076142217172
v 529.04642068109229 -82.648526944344638 -46.970573759978123
v 531.91401401650864 -90.123286439097001 -39.652912356903599
v 531.23294863908154 -91.448890542106412 -41.451640655618796
v 535.97098402713004 -88.66776992864142 -38.818432649674165
v 532.83103151823138 -85.523631326702287 -42.418915194359471
v 533.70685786443539 -89.168067848313029 -39.053176787120861
v 540.08742047945839 -88.492193226256063 -36.576277495309412
v 537.91074778051325 -84.650771126424161 -41.056999724289959
v 538.19544994833223 -88.495948749726708 -37.694693913344558
v 541.45514863872131 -93.092805159917205 -33.688076621867829
v 541.23019995898949 -95.936932453774972 -31.22474027150767
v 540.94602404286718 -84.661798491519477 -40.928546469275041
v 541.32502094649021 -89.126757090135996 -37.063203837783036
v 538.9721974524 -76.789982091740626 -45.668340016400684
v 539.22513315417416 -80.211909827848842 -43.047989296223385
v 540.15391955747373 -80.620639952325476 -43.790183592308026
v 537.13342618368574 -68.856809528253521 -47.608881187062849
v 537.17571768366088 -72.786570151506297 -46.259559876912419
v 537.88893225563925 -72.75047406923116 -46.931475650979685
v 535.00803910461991 -61.717726854287747 -46.804912117965934
v 535.78421251592772 -66.095495115003104 -45.837541897098575
v 536.24305615423236 -65.385820781710365 -47.574339939345663
v 532.16929393038572 -53.468444464912025 -42.631042469121525
v 533.45789297091687 -59.06917382728318 -43.705875678471998
v 533.54472450084313 -57.577202426577557 -45.352577038221142
v 531.04852133998202 -51.94882092960728 -38.820980186296076
v 531.07856552774706 -50.261777593213296 -38.61393602451178
v 534.74462620997849 -81.223724396540661 -44.506830760579753
v 531.6456734923454 -77.484658251682433 -46.257466830392197
v 532.10035495814122 -81.535432844603818 -44.701197040584105
v 536.39083719882865 -76.784384687332135 -45.487488836784244
v 537.23944198000345 -80.630208164989526 -43.644041104130523
v 533.54166267279061 -73.388267204885196 -47.039225685842709
v 531.12999467081636 -70.294409560495652 -47.086779702783062
v 531.37929445177815 -73.634816124706148 -47.087365755808733
v 534.99693997792963 -69.610760765649147 -46.359224772074363
v 535.65078379032752 -73.028645931906809 -46.470263880040662
v 532.49705305519274 -67.192705981721588 -45.606373879135077
v 530.40084902475223 -64.710735537198175 -44.533573914975776
v 530.73530589842426 -67.589260555583223 -46.05206122502662
v 533.69843783729118 -63.725137871205831 -43.933515418015581
v 534.36620339911531 -66.697909784331813 -45.336406758818896
v 531.59036922314726 -61.029222191514208 -42.692338831500599
v 531.01948181454645 -57.365697085638686 -41.939332455105529
v 530.47758609031803 -61.14557165750908 -43.208460182865394
v 531.85076813079945 -56.896328413403609 -41.841652964071422
v 532.81797090794498 -60.252426846383145 -42.818830602919405
v 531.2038612725828 -54.283201693787703 -40.339670820866004
v 532.26621992467244 -62.086916339930198 -26.16182220258414
v 529.9475071087295 -61.542628562535569 -29.530126086843268
v 528.5782958765036 -57.441620853127901 -29.133296426867531
v 530.89313356631783 -59.327467728149266 -27.304183072811178
v 525.02274805054185 -58.685512419986324 -32.376412208683377
v 523.49236027599022 -56.213756042481791 -33.665453779050331
v 525.83929931929219 -56.288364180729722 -31.250574445700636
v 521.947428818189 -59.430947948110955 -35.851006975374318
v 521.85232078430829 -59.879649280991671 -40.651199864941745
v 522.24308658950827 -57.546081814887692 -36.842590754414573
v 521.26244047356954 -64.046677657781288 -41.699911853719286
v 521.73338790089406 -65.736974186481063 -45.606565243388374
v 521.82859161690146 -62.764034829633474 -43.867985121532662
v 521.85093339347191 -69.360073593850956 -44.890695492395686
v 522.66102611867404 -71.665510514722627 -47.698463578130038
v 522.09320053812576 -68.618991602488478 -46.903010218304104
v 523.20981095602065 -75.231176725576574 -45.935101785474416
v 524.11333727788701 -78.995168064424647 -46.993776675688451
v 523.30147443334226 -75.18835897390494 -47.687065444794015
v 525.04853438367149 -82.233146912066459 -44.680075211128234
v 524.99303875021997 -82.637140771274403 -45.92123983737735
v 523.78361666948388 -78.463582089341585 -43.923947205351531
v 524.73302257107446 -81.177390326714971 -41.56666253210652
v 524.68044524248546 -81.762175564210168 -43.222477614418182
v 521.78821375945915 -72.551718371667107 -43.576633045912246
v 523.05992490463836 -75.296360174350411 -41.84011008977933
v 522.73628011127676 -75.313032784917525 -44.094201589442463
v 520.58835989138697 -67.672049515658912 -40.871077391961627
v 521.42452599609851 -70.82465598580572 -39.681688756490779
v 521.07542975705064 -70.109623453421122 -42.516235877418694
v 525.63831901228377 -61.738681240021975 -32.27332667749404
v 520.98390980291902 -62.537387792153723 -36.155993754040921
v 523.00375949630029 -60.542846021268758 -33.856393442894401
v 528.72334998049064 -64.892651180473436 -29.790411371970045
v 525.29477233658099 -64.9017888235676 -32.060978137814153
v 527.71132012701389 -63.244072058988934 -30.943303256260442
v 527.32409456049959 -67.300420135787121 -31.531473248985556
v 524.08477616308483 -69.319049882053832 -35.236231371310232
v 521.25684306916105 -66.109321182302622 -35.767392756956312
v 524.08276683842541 -66.988520323470681 -33.432126933104449
v 531.37087442463383 -65.817610298707379 -27.620735428535461
v 531.4608156236759 -68.174476362648264 -30.132911524412684
v 529.63615746864116 -66.727427720400371 -29.530682239204396
v 534.50082815129849 -66.956658175299452 -26.223728538520554
v 533.04889972059186 -64.816488207667618 -25.842949555288754
v 520.34527944865681 -65.041795695374347 -38.813875788392991
v 527.67151636233143 -71.587099011940708 -36.230428468434347
v 524.39354238575379 -73.08859078424706 -38.384908894131861
v 524.21241612002336 -71.308042089593627 -37.032866623505072
v 527.41121313680583 -74.16061333112745 -38.342294466979325
v 525.38260852883695 -77.505349511568426 -40.142254673074937
v 524.90410221350771 -75.027469477958903 -39.446621691866682
v 527.69926417905708 -79.937349965453848 -39.895394786342393
v 526.21322507020318 -83.812452173863221 -38.998123683505099
v 525.7373978544199 -80.568875921812918 -40.062575382115043
v 528.8561567722677 -86.322385719897326 -36.714328863652895
v 527.8565655952541 -88.415073432183789 -33.046390419686155
v 526.88256938711697 -86.697938066961356 -36.627521254258347
v 530.93886962285183 -88.588951776821276 -29.125785379926278
v 530.37798099648512 -88.790027765956353 -25.815787791588683
v 528.88184742327064 -88.518266605765589 -29.252037946028437
v 534.15264089245352 -89.482072667415579 -23.445454468323092
v 534.08150123129644 -90.156488137041279 -20.984235085014838
v 532.28502146255732 -89.718024791711102 -23.117850826971782
v 534.52958063035385 -88.485208431011344 -26.286131225488909
v 537.99805772107266 -87.312145558398569 -24.878079029979915
v 537.74263428400582 -88.567662503643803 -22.18868169516572
v 536.20755808524871 -88.745918305575088 -24.023829003333375
v 532.10351246832033 -86.87504568337296 -32.762017159177518
v 535.10247736361407 -86.50736319122511 -29.579480123791001
v 533.11448981840397 -87.966778748341298 -29.24017336232501
v 530.80481896342849 -82.424798211727435 -38.949696567159144
v 533.3754149777526 -83.342892137374875 -35.495135245733593
v 531.33767272668956 -85.056271979126663 -36.297573400804339
v 530.54092765815381 -75.597998078584666 -39.288064447757542
v 532.99699216688941 -78.056024070916294 -38.368571171007964
v 530.56432193811759 -79.095993105372102 -39.739277436462537
v 532.10102473302754 -71.710792081155262 -36.691520636715033
v 529.73394460206782 -72.721075735820833 -37.707204351402858
v 533.83220145033454 -69.61013883182595 -33.281756490955978
v 536.85881848022746 -72.259505156906968 -34.473070729225419
v 534.97455036029578 -74.352766961953293 -36.85972383521613
v 534.59024309864412 -71.656301110033482 -35.615192394135782
v 536.06465682911107 -76.701882773636342 -35.35604931439579
v 534.64186360596659 -79.670133706278534 -36.136181573693406
v 534.79801683664391 -77.182996426916532 -36.953755445172071
v 535.83253198988132 -80.303812510487035 -33.319867878023437
v 535.50357683849109 -83.389943823150361 -32.315235448962568
v 534.85025927778963 -81.696083135233238 -34.57295090917227
v 537.48802414501552 -83.184633899911447 -29.69088401986513
v 537.64298134910973 -85.470599508011759 -27.655790967683359
v 536.47149723158657 -84.736550152957363 -29.834915521123683
v 537.51290149794204 -80.471495437424537 -30.448196091958984
v 539.62331432418864 -80.965837144712836 -27.253166558912952
v 539.15710316213267 -83.660987367391314 -27.05532582168496
v 538.60152489379459 -81.983344799939729 -28.758401894424125
v 540.35839226210442 -85.050124402490056 -24.237869920628206
v 539.01630691278115 -85.482057442677018 -25.861147099749161
v 536.19349281263248 -77.921303636606439 -32.773534895171949
v 537.06539619164437 -78.205551314323756 -30.173594368633623
v 536.52613172589827 -79.184905721552795 -31.775665996437894
v 536.08484575783223 -69.635662039107345 -25.629135883044682
v 537.36468988377601 -69.821715934359801 -27.914724742771376
v 534.73146991756539 -68.356415926455227 -28.686927345823669
v 536.24434786294205 -68.463579908292658 -26.927231374644975
v 536.26243178487698 -69.376100350063254 -30.633885199103716
v 533.87664579815896 -68.748353837706446 -30.697406170927167
v 537.45147357263886 -72.525070899397733 -28.233340244351353
v 538.31773170617885 -72.091104614019656 -31.106572845106633
v 537.88108632125477 -70.887997553641767 -29.426562145020689
v 537.99212542922101 -74.764965563520633 -30.931552295082348
v 537.69010479648023 -75.170155449311579 -33.377785465305543
v 538.33390198558095 -73.619483063912 -32.520060981435364
v 536.92316471039317 -76.331162373967629 -31.600890631863194
v 536.7073058326921 -76.565942392211824 -33.391892598852088
v 535.10391259551375 -71.455320803025089 -24.33358792806623
v 535.71068080160444 -72.438837382762998 -26.277328469837983
v 535.07410761306517 -70.80843786534021 -25.071566230445782
v 536.47388928475266 -74.396302329574752 -26.806307106970053
v 536.96579109781158 -74.696337558187722 -28.818125481846558
v 536.44882056757285 -73.613718215781944 -27.550241621733036
v 536.78657847461386 -76.51049459982363 -29.464685492354064
v 537.06156890657871 -75.677653449012894 -30.136649107484558
v 537.64723920374536 -76.130349510680887 -27.254344645097206
v 538.89182446602194 -78.11180675074776 -27.511478400177779
v 537.46400793122871 -77.199549434825329 -28.652565502093857
v 537.09563174366281 -73.48179648367632 -24.732809641207972
v 539.4323806404775 -75.772976767678557 -24.951168214467472
v 537.56753599225374 -74.935303669472461 -25.972114446120564
v 537.67455645090126 -72.404463578767391 -22.413110103333949
v 536.15459802815326 -71.718135684374943 -23.405423458589851
v 541.00061069611559 -79.068364891304682 -24.507436372039109
v 541.36903472474501 -82.29610575139597 -24.08568151807355
v 540.37738516424258 -79.989616327131259 -25.771313543099545
v 542.4406745431188 -83.850461898671213 -21.528463061080267
v 540.57018464942325 -86.345158066037811 -21.697192511277891
v 541.51643304083473 -84.415895426053368 -22.8214634794369
v 539.59925026933854 -87.352260289992586 -19.304104782270578
v 536.97138850221995 -89.147233065237089 -19.850443745255063
v 538.86048856954699 -87.971538934141691 -20.656565662201487
v 535.93548595814639 -88.903458927088693 -18.173524773886243
v 535.29331536519862 -89.786198306942467 -19.330459228027195
v 537.6543196811167 -87.044761855501619 -17.918274760673867
v 535.81071646500709 -84.929732366644586 -18.631961763152638
v 536.1016379710577 -87.529918078632363 -17.641101580195127
v 541.99843175378624 -85.398646548778132 -18.617735026947777
v 539.73038262389935 -84.546262323601056 -17.49636442325253
v 539.80429706672919 -86.519132092801939 -18.102480794855651
v 541.10174670397464 -76.212588298528402 -21.896875129443757
v 542.89530816785123 -80.867643362247989 -21.50106807219651
v 541.44361894246117 -78.019090770033088 -23.263891652889782
v 543.24301701606282 -82.311080004215199 -17.995239071290378
v 543.25335068573997 -83.384322498210253 -19.928436638732904
v 537.16074343084165 -74.833976297360138 -20.394558098795166
v 540.49703566360654 -76.796966886985373 -18.741882586263834
v 539.38013819933167 -74.10246251866171 -20.681951326425754
v 537.22001850829542 -80.292880827518374 -19.380608622652616
v 535.37105709309401 -79.912974943692191 -20.781239473214022
v 540.09670164574266 -80.897376583101519 -17.572425733798845
v 592.65408051130339 -91.815233484481425 84.295402385740658
v 589.26023547936427 -92.041138985479691 82.894532329862642
v 590.70183024039363 -91.372607966642377 84.437832706411257
v 589.32974854436861 -93.757604575815634 78.388123934978836
v 588.76163591744057 -92.786670195730963 80.631050526489673
v 593.15923429890211 -94.035226266263123 79.83701445816456
v 591.30419706865905 -94.51610071422671 78.108830797381643
v 593.57899178847401 -92.98186173407764 82.392280401761013
v 566.39015004655744 -55.565318270239075 58.115811230528465
v 568.97916487025986 -56.293243969188495 57.922901860405517
v 568.34287872810046 -57.197535748068034 56.976489015338927
v 566.52539673256376 -56.51989100666821 57.115784625087088
v 567.6512404756794 -56.392753380894632 57.551404790974487
v 563.31545274802761 -53.424095799214186 63.03531633899194
v 562.84182622115691 -54.03368662804094 59.909109381677574
v 560.43733437868082 -54.724535502917149 60.21274558470116
v 561.4893115200299 -54.092578976988179 61.670853641819257
v 570.23269641137733 -53.059905704688724 65.163754249440132
v 567.37199218907904 -53.348841806611432 62.480303409293263
v 566.4888940012504 -53.146498029298385 64.449204052150947
v 576.86686450306115 -53.955777456423917 63.138380314838962
v 573.78743093926266 -53.449786450217175 62.521902755603314
v 573.69260995176182 -53.218857637570288 64.498754499089159
v 581.80205291305242 -57.0043774549125 61.750315031686078
v 579.11128014766769 -55.651073376240653 60.690278633398513
v 579.72642053983964 -55.552736070585865 62.160388723837535
v 582.35906641329018 -58.349692076009873 61.972470709027839
v 581.6731690884676 -57.799591609421867 60.635310372918489
v 582.58147951666615 -57.916873976151479 61.851547936386275
v 580.15478942080927 -58.494028564047106 61.599995607546468
v 580.62224445051152 -58.370168051110937 61.019273216289996
v 581.45324372038453 -58.467309330182729 61.813497845681063
v 576.70922819942086 -58.760790333120852 62.286428294424319
v 578.13063403172907 -58.506873889548586 60.942420472528276
v 578.60426055859966 -58.478982549632867 61.755319001342251
v 571.5068952918491 -60.347606641858874 63.223949242483677
v 574.41175681559184 -59.542752513090491 61.480389772300207
v 574.35195548644162 -59.497710151974459 62.916563268363397
v 565.24961909700244 -60.45591880921593 61.799890613870353
v 568.93448131711875 -60.53318212647816 61.354638696406731
v 568.2570040194405 -60.672925872436643 62.902818061337562
v 562.00078032798683 -59.86788037941497 58.36114319330116
v 564.65648559395777 -60.164494972000583 58.656702666185623
v 563.21756993247436 -60.134020214665568 60.092800937549463
v 560.646351984327 -59.203511533086512 56.182301948657681
v 562.90392392134663 -59.472856719579589 55.874941057223737
v 561.20590106092072 -59.539164433341455 57.043898194832053
v 559.92978853791612 -58.56098213216378 55.314359660185545
v 561.75018883831535 -58.750791550886902 54.934046379804471
v 560.23061314407391 -58.877211560710684 55.683410855254323
v 559.39970955632759 -57.079009513692078 55.431094097236837
v 561.00535132348227 -57.276808389989696 54.532324971104345
v 559.55313584639578 -57.827746075185814 54.677503162849348
v 559.46352953479686 -57.460135344632924 54.912952208463366
v 559.43702558571749 -56.086450972986654 57.121026959103688
v 561.06347821541635 -56.375076107997785 55.262088065891902
v 559.35937953994869 -56.630643068254614 56.107932268209737
v 561.42673540920703 -55.237415622241997 57.257162068606277
v 559.77779747974762 -55.41375778164047 58.580815527010458
v 599.13008604765048 -118.46093563452328 78.087209626827359
v 596.43352451360397 -118.12226874727916 76.267561328142165
v 593.23018259580601 -118.10365857364759 76.791722968211161
v 596.36085393842052 -118.26854279838086 77.726221893477771
v 589.68319832017869 -118.14001778177094 73.967359266121008
v 586.2373978934736 -118.29325270758572 73.68115533742386
v 589.68640367142098 -118.14980127921993 75.464783800528522
v 583.25666044330478 -118.52193299025656 70.254083939492091
v 581.01391923591439 -118.67602905521112 69.81551594183594
v 583.32004985220419 -118.46703537009655 71.760325432366244
v 579.56577024921012 -119.01591588956991 66.340173284772305
v 578.4384912741948 -119.05454754820101 66.417954257289978
v 579.44205325946393 -118.90358507289393 67.929086751372012
v 578.03251201085914 -119.38931538878457 63.992175944823508
v 577.84688868517651 -119.3150421379798 65.166764125087951
v 577.95051242832824 -119.18410114767229 65.480997684274456
v 593.41523182872879 -118.48483224565175 76.66047848615824
v 596.49136435915807 -118.84117640579272 76.115988879277836
v 599.12908138532066 -118.82471908001055 77.926882263375319
v 596.45041240895603 -118.65873451082091 77.593410616601091
v 586.43373761733994 -118.66545618021735 73.509227263633306
v 589.90077947615919 -118.74331751077109 73.76047881047532
v 589.87939452085493 -118.51461330756858 75.250040217616174
v 581.35095952700567 -119.14183356822885 69.648354033978649
v 583.57274634866167 -119.05280134938984 70.092652494000646
v 583.58499366087176 -118.8818173890832 71.600223818931767
v 578.6890349228031 -119.35862534666457 66.268663229132699
v 579.86061472245296 -119.45813475837073 66.197754924367587
v 579.78387765688717 -119.3386277821967 67.738961506879264
v 578.13876701249342 -119.61223082332529 63.951341635048571
v 578.08384547180174 -119.36178285684373 65.410653754553209
v 599.1276461534211 -118.08799062541017 75.055299431788001
v 596.47969113970805 -117.33011642082228 73.435033249589708
v 593.4053287286215 -117.95496854884817 73.856720079543436
v 596.48629320644625 -117.98472569023339 74.742746289950617
v 589.61971322915269 -117.42701849457745 71.126352106611677
v 586.05210945523413 -118.24766017424152 70.682969354442264
v 589.69740711598479 -118.07504961778203 72.438154062853215
v 583.2160433805459 -117.93262677227762 67.145296519521878
v 581.20279575390282 -118.8382102598668 66.469548975289314
v 583.23733265372357 -118.53949066049513 68.614591256213686
v 579.92079878010986 -118.53590258074608 62.707437967764967
v 578.74582226496409 -119.31143013769918 62.986831877618918
v 579.7781845703521 -119.07715245061985 64.496346654634635
v 577.93156736725336 -119.57960321814089 60.268704491574418
v 577.84999835429232 -119.79567738062684 61.944779610125174
v 578.073416119998 -119.55321887171975 62.167035641572475
v 593.49526992766346 -118.86021714899412 73.841357118084659
v 596.53800939589541 -119.36178285684373 73.376452615070662
v 599.1275983123578 -118.96106611047325 75.084407728751899
v 596.52188695755649 -118.8709813882412 74.759050374826813
v 586.41603642391146 -119.08595520627077 70.672196144995837
v 589.94737667183313 -119.43887873038433 71.131080149197629
v 589.9018319795523 -118.91317720608966 72.42699289228392
v 581.52462258685819 -119.5358525657345 66.549837866048335
v 583.84127823707843 -119.87373007543383 67.336726180506702
v 583.63407859183826 -119.27928094314795 68.640112968461835
v 578.90862540344301 -119.86155452481883 63.157518258560138
v 580.35825746311025 -120.28320173639193 63.153530140622955
v 580.01236657530467 -119.74219107183478 64.636118899664098
v 578.09944165844422 -120.22387881787482 60.542128876232162
v 578.16512743838291 -119.89887055420864 62.273611140955232
v 596.22063178182884 -112.5261560475184 73.353991235841818
v 599.12769399448439 -109.75974656102437 75.117692401040358
v 595.97248018638663 -108.28174475080826 75.631206414454255
v 592.52395281907229 -109.69418038374396 73.923213924942274
v 596.04735145048289 -109.66358602375064 74.774024627646099
v 588.80962050395067 -112.6881937289841 70.983683328141097
v 588.28767450312671 -108.45588622129401 73.204938665484519
v 584.51224915014518 -110.11372258853096 70.310481825497163
v 588.42674847419869 -109.82894865911712 72.383160760566483
v 582.09594056502874 -113.24078193086474 66.518058318462835
v 581.40889505468635 -109.02280282163908 68.278498442431157
v 579.31809706440117 -111.06561622541416 64.456427865833149
v 581.58490232664167 -110.39093762994021 67.597609105166669
v 578.29602058762703 -114.78748350800875 61.105782753434646
v 576.70363079501226 -111.55986225057578 61.563914475603632
v 575.89703046743273 -115.10617675131668 58.41180986942382
v 577.31810141229766 -112.74553124337343 61.290740976209626
v 576.21770911486828 -118.55783770827843 57.520440784015364
v 574.22369359567995 -117.69720089967862 55.773921661956592
v 575.40761638966637 -121.0426068550061 55.665527267771978
v 575.13209970600496 -118.02462513704246 56.380102319988566
v 596.49404345870403 -123.94041182190922 71.284058676813686
v 593.45493991128455 -126.65807126487987 70.549078663574392
v 596.41735423420164 -128.30102906142429 71.747583264157583
v 599.12769399448439 -126.88536415671443 71.86628591245443
v 596.42414766519312 -126.79011259964379 71.451534541649039
v 590.17682241151704 -123.97428329473995 69.191664364798356
v 587.37501053816595 -126.8942147534287 67.575887767386035
v 590.29776461959068 -128.25639334934647 69.333882016992078
v 590.29508552004484 -126.66924215316517 69.147882690452491
v 584.73102633270855 -124.50646728311453 65.793926826968857
v 583.27603607394951 -127.25206590706422 63.893463759586631
v 585.26043553941054 -128.75073505663465 66.107106761487444
v 585.12002201856558 -127.18920274986139 65.906271285823095
v 581.16490563175307 -124.23645232173497 61.511730340753864
v 579.06119055437125 -125.28871650946409 58.976692850819489
v 581.30555835791461 -127.84763930433816 61.627837237607359
v 581.29278479400818 -126.60130784325041 61.511705205507717
v 577.50252871139719 -122.28018340150622 57.877013310481999
v 576.39137217472103 -124.08627922397271 56.251015170884699
v 576.80208770332524 -123.4720238914722 56.823699235667959
v 593.49364333151073 -121.1992624168483 71.346012106296769
v 599.1276461534211 -121.29016043715679 72.539701204850132
v 596.50514258539442 -121.20598408624481 72.148087715809538
v 586.69241424671259 -121.43473613051059 68.374062835204938
v 590.00588629227377 -121.22153243182386 70.003283892685147
v 582.32830460957518 -121.81772776292094 64.210757278034123
v 584.21041988165757 -121.61550358826619 66.326290406210063
v 579.29747756611005 -121.56280665701892 60.282788452105983
v 580.8168618960982 -121.80655687463566 62.037873273609357
v 577.12917705324594 -120.32597164700024 58.464081837475874
v 577.92051608162637 -121.11604288720268 59.030858278455725
v 578.17115541236126 -117.89389943151987 59.774190668585781
v 577.29384599319428 -119.13193046812155 58.748930892309374
v 580.7600745539371 -116.45649076353099 63.915762086753965
v 579.32948323747132 -116.9750400488593 61.535608824604388
v 585.43347666543991 -115.76344119974206 68.858970135303025
v 582.69543692949492 -116.05565441450223 66.453333097373644
v 593.08689861116181 -115.4113070531733 72.15246517310328
v 589.21670011174274 -115.52863726096624 70.664533352181792
v 599.1276461534211 -115.42958233936163 73.437679458404659
v 596.35032890449008 -115.40221725114246 73.008580253702803
v 578.4770033301678 -48.942201464182304 67.440906076019445
v 570.50132398192068 -48.614848988413399 69.649144159039992
v 574.61178030133397 -48.409252018794596 68.801480875041051
v 585.5353302892488 -52.474905182408605 65.953439023552988
v 582.3840394483434 -50.323540405959832 66.292591983475546
v 587.57776096451744 -56.976246909680185 66.592917248534974
v 587.18001036407281 -54.820528596469288 66.232870638602947
v 585.16441852532694 -61.461394437017873 67.438435533608953
v 587.07528627646479 -59.22673836932853 66.923516936476631
v 578.44380163222354 -65.099802984650253 67.685059205091335
v 581.93706039374217 -63.435699438118334 67.793026767289149
v 571.49555695984213 -67.598733086120689 66.464156016674934
v 574.95293492387077 -66.488940019748966 67.231956494385088
v 564.73494493780299 -68.467598557611581 64.343230490521989
v 568.07401195224054 -68.297116928469833 65.476018662985211
v 558.84628413583891 -67.313887395111848 61.443656432111389
v 561.61255009914294 -68.111493602787235 63.016228563563537
v 554.53762229108975 -64.394793155031223 57.568448543540569
v 556.48068707784205 -66.07851153752442 59.623131389877038
v 552.23216144968637 -60.50301833605473 53.131756164421887
v 553.10042890788577 -62.393314429964832 55.318360369105704
v 551.74705306761894 -58.022507043962584 51.327095573855019
v 551.84335712808252 -59.114192267867594 51.603906208775868
v 552.3598014066248 -55.361443578899767 53.960306569866106
v 551.94071369193932 -56.775984218621545 52.248376162829572
v 553.7507803226614 -52.771591536589142 58.565364732349593
v 552.94169225978908 -53.990557909457721 56.109625393341304
v 556.35472155811976 -50.500384896523137 63.500634247893565
v 554.84165224848994 -51.589056133438973 61.139832135219613
v 561.65488944018148 -49.021593708762254 67.704585834092114
v 558.51130101047033 -49.638145412302087 65.702563851326261
v 565.95383954907663 -48.783201690237384 69.22509928792627
v 558.31668356488353 -58.224970423933925 55.533380533165399
v 557.35282966217028 -58.323427332247007 55.169897589357078
v 561.16327467350243 -58.09613444041247 54.462294624602777
v 559.71263795150549 -58.244561339363578 54.903257665491481
v 566.20333069429171 -54.442081865074343 59.809218175860615
v 563.75449018611766 -55.132404488254025 57.821442925369013
v 564.66519266748196 -54.724200615473919 58.807498819046003
v 571.24922332480617 -54.165106028981704 61.21526777435971
v 569.72558114018261 -55.273559545580468 59.304696413559462
v 568.54342846553891 -54.249569426273624 60.751329436569783
v 576.08169697184894 -54.85217545985563 60.216771335428
v 573.86995677349 -55.264541505144599 59.591477051324624
v 573.79202368134133 -54.289301429361103 60.861416395248533
v 579.46626083750402 -56.886018664258174 59.932574115082097
v 577.24079025397236 -56.236839355533903 59.63268764227535
v 578.0461467139055 -55.93084791453753 59.973132497786786
v 579.90190156009839 -57.836237863925177 60.336853712515868
v 578.357831241437 -57.120368112932468 59.820856635788225
v 580.02279592710875 -57.492499823969112 60.111838690684543
v 578.51101832618838 -58.205929680732496 60.464511049215581
v 577.96854850919999 -57.80152917248634 60.009940963395415
v 579.34163486755483 -58.043628873418513 60.50775320344507
v 576.08743789944742 -58.665443093923571 60.019384527664009
v 576.90212336672812 -58.081590757163134 59.677359608908937
v 577.4393306667514 -58.333737081392563 60.235758631191452
v 572.22522885760281 -59.687352126975981 60.022657902918347
v 574.30004793273929 -58.581362425138224 58.938065677288051
v 574.35587845363398 -59.193345307130983 60.032364779914381
v 567.77510098861558 -59.992410667237607 58.851004286002848
v 570.76497608187856 -59.149403290471319 58.20499220517371
v 569.8767110592114 -59.975570612948886 59.663564189790542
v 565.28693512639211 -59.417815576229636 56.411066700705931
v 567.74261690662115 -59.044631361799944 56.935892883045227
v 566.33140122080022 -59.772724504470972 57.601093341607111
v 563.55150055444972 -58.716585190612925 55.130291916577448
v 565.39658684352219 -58.526608328168166 55.723831321143649
v 564.34647550364252 -59.031307625665256 55.612289882012476
v 562.4878023525871 -58.205857919137486 54.659681619245873
v 563.61723417545181 -58.150601491002583 55.025848147699776
v 562.90909075618538 -58.450517116957293 54.843900361210075
v 562.20525303261775 -57.560816862390425 54.591181439254086
v 563.13829729055271 -57.812460855455001 54.884583952947736
v 562.29351979444345 -57.913429419592404 54.579417770293588
v 562.2055400789975 -56.813515532796288 54.936880962806271
v 563.00022798181044 -57.11515343703055 55.128059831966908
v 562.16152630074293 -57.188230661252234 54.717659755373774
v 562.67911876480491 -56.026290835861431 55.983774243661088
v 563.25483812080085 -56.640498327298587 55.62600980195279
v 562.39168965637668 -56.441335980696351 55.340746996673175
v 564.50994841700799 -56.064994256087523 56.812763067599604
v 563.10796605640758 -55.588951755519275 56.858927451153789
v 572.37372751814883 -56.157279667232316 58.480799299039802
v 575.60395611353283 -56.364862040978927 59.055903075103885
v 574.21977062848782 -57.013802144386588 58.350683940832823
v 574.05955090742816 -56.173928357267769 58.742648015165514
v 571.10479115464227 -57.119985384425902 57.600478882950142
v 570.60724409611157 -56.226984096489929 58.244371754177564
v 576.91365306298826 -57.24528112926167 59.344477378985168
v 576.99268649959333 -56.716254651066244 59.423775436471736
v 564.52406153068728 -56.832795481314363 56.147575316820166
v 563.93934805478716 -57.399114068367943 55.431871514515819
v 563.72516361430235 -56.987178592648846 55.621908925806281
v 575.63026869835903 -57.705512158402563 58.89996550296982
v 576.81356955852232 -57.707401880403722 59.422835060570883
v 572.76822492628776 -57.995285478933383 57.945614031458518
v 574.28062446103127 -57.825066975639892 58.405087826269039
v 569.67573075220298 -58.141942258541619 57.197164890103011
v 571.16607555675569 -58.113094097359522 57.58186758804365
v 567.16187423897645 -58.040854091745928 56.3501418540842
v 568.38158214832652 -58.10881232219235 56.775716144191023
v 564.83282775335624 -57.851905812162542 55.597604170606388
v 563.91925480819259 -57.801289967169708 55.231599853257791
v 565.96551276852688 -57.296949477647537 56.276900923724014
v 565.47179299506161 -56.665351759693465 56.639832200270888
v 565.94192712430993 -57.936799779024355 55.973803867058507
v 596.61852590546346 -144.90343286811236 -93.002036899883279
v 599.1275983123578 -142.09963559063351 -92.484217190770522
v 594.15241477343068 -142.11051943253887 -92.713890175505298
v 596.64943123236844 -142.10673998853662 -92.549029871303674
v 566.24720094935628 -150.88143685582702 -83.258869467269108
v 567.88666634827837 -146.7295980166416 -84.560983608188337
v 564.28743963150532 -148.84957905555223 -80.377521826148154
v 565.8731795163186 -147.82680888336012 -82.403806142546074
v 577.53491711126514 -146.32462341563564 -91.290881667575803
v 581.20107347562339 -142.83081448188869 -91.923185041213884
v 573.82503401503232 -144.4633668471609 -88.969489752086901
v 577.41808923463702 -143.54029745092816 -90.653698505479156
v 585.14949211357089 -145.10902983773116 -93.351109218399529
v 588.60457370656013 -142.16503432419228 -92.976107043563644
v 585.05735022561612 -142.38108456614663 -92.713435685403738
v 563.34640591599577 -153.09147869643812 -79.314445558108645
v 562.90263221263706 -149.86565147887961 -78.30431738689893
v 570.80822440311999 -148.47120408575233 -87.546553005752429
v 570.55705882068878 -145.56851933039053 -86.849209706530473
v 591.58540683885553 -144.85793601689477 -93.446241172811881
v 591.56971497008658 -142.10877323372767 -92.899991911821132
v 602.41518834266276 -109.0184971259403 83.29793415591206
v 606.18654720526206 -111.86795869835829 83.853487008685363
v 602.2923324920564 -115.08436122644268 83.952097905420999
v 602.30032194963087 -112.10599190890825 83.922249567008862
v 602.34601016510169 -103.50474281668538 82.530372136001802
v 605.92772705269954 -106.19223846923265 82.6873386647556
v 602.42772270125261 -106.20448578144263 82.843201858986561
v 601.79483327458888 -98.599718197117454 83.235793099758723
v 605.13184312330372 -100.83690984116278 80.828136271937126
v 602.07623440903876 -100.88561204362279 82.168932902617257
v 609.95427014704933 -109.34761972105203 81.89590993438145
v 613.46872249961871 -112.69302567637952 79.732406983148394
v 609.62344919418956 -114.49462443889387 81.79515366496247
v 609.94881626583071 -112.12687453304756 82.218120990876628
v 609.36654268415975 -103.59451657200586 79.620853583751341
v 613.70587065049722 -107.02280716953568 78.20908473563577
v 609.66038249507289 -106.51325200411158 80.869672780131793
v 607.80878982138881 -98.649999154667043 78.42667486181557
v 612.55404920999877 -99.565724947680167 76.178920808009138
v 608.60955353924328 -100.74794938391875 78.644892901951664
v 615.62224012391698 -94.975949014861058 73.491205385577302
v 618.67296904972329 -94.006593389865941 71.490800841885743
v 618.21623041820476 -99.676835817241439 72.864945683766507
v 616.24455667558686 -97.036272247811354 73.232554919286144
v 622.73343145796696 -99.744459160244631 69.506123300244155
v 623.78526507612628 -105.33851469428262 69.260515503840679
v 619.01890777859205 -105.1920492789276 73.540768727177067
v 620.94551523956216 -102.42128625567146 71.366316900093182
v 621.55036980312025 -109.67820146859505 71.824360695620385
v 617.33739008501152 -110.79612751573124 76.207852691052096
v 617.80479727365059 -107.96951005104863 75.079353768922203
v 619.70212600386878 -114.42958451330993 73.623440327144294
v 615.86546408983713 -115.62233398347904 76.568125798518167
v 616.68124990157423 -113.45255039765198 76.720977995826388
v 623.68977431373901 -113.80671778941182 69.940263756993374
v 624.20425710868517 -116.97145196911033 67.885894867634875
v 620.96068085663478 -117.09246593877894 70.810012045605788
v 622.33807291068842 -115.65933904595722 70.578425418338327
v 625.60652651566522 -110.23220098184366 68.054975650641268
v 626.84623198948316 -114.4583130718338 66.761509155675583
v 624.71275977071616 -111.93948108802208 69.033732418337081
v 627.60226431313322 -107.00343153889098 66.107407823803896
v 628.66897650198507 -112.23891830334362 65.163428145317141
v 626.54071895911989 -108.63612742735314 67.063138837227086
v 602.23267468609583 -127.07285328386659 80.990795887226113
v 605.59264824520437 -129.29310919149651 77.755479693764698
v 602.26989503335903 -132.2029461858246 75.592178572017474
v 602.22621614254763 -129.3030840531988 78.239898865513624
v 609.16259623122551 -126.58896484891385 78.632250900969268
v 612.39957041653759 -128.04244811417828 75.098804898744902
v 609.19608497554964 -131.32319687242841 74.736777369784818
v 609.05098303049931 -128.81364605490091 76.626980771634692
v 615.28850086619468 -124.97956755828859 74.736387913628732
v 618.18580350193292 -125.39760276958104 70.727402489517601
v 615.85197290998076 -128.94406079351188 71.259641046604941
v 615.49048583553281 -126.91064815867922 73.134231068930376
v 620.04949996463711 -122.28487182571168 69.632401281911143
v 622.81466558348484 -122.03528499836989 66.109953678513307
v 621.52295687383776 -125.26790564691986 66.67512501444304
v 620.6510534948261 -123.70776073098283 68.276504441862357
v 623.04406348210546 -120.06528569296823 65.783643054025731
v 624.9090516535191 -119.37214044705267 64.886617697275483
v 625.76220133570928 -121.29896319280776 63.941133080964782
v 624.25343772177825 -120.62280152437089 64.831975540918393
v 623.50199814020698 -118.57317076907266 66.36181949713324
v 626.54287180696929 -117.59994001794861 65.582569120561345
v 624.97229753922852 -118.17805142711065 65.994574302204796
v 628.89626939381958 -116.42795356926054 64.452514990115219
v 627.91729771509711 -119.47406583245646 63.913717909132394
v 627.85577410766723 -116.99305220919946 65.092281569631268
v 630.88707956176563 -115.43936583681069 62.670228085734372
v 630.04378513861934 -119.60842745879143 62.471298824156513
v 629.8188364588874 -115.92545496067622 63.648921968595054
v 628.41116101175203 -122.63621659473567 62.589299414193128
v 625.50802176628872 -124.52005414509755 63.63146455902244
v 627.19083116857894 -121.97270888754699 63.271518209756373
v 630.70360908393241 -123.96050506850379 60.56380013039972
v 628.1731517217338 -126.94361065130697 61.462505904499203
v 629.49916247378155 -123.2971887255684 61.688160613673283
v 633.21048080191395 -119.85488069648575 60.168148743487386
v 634.94615457917291 -125.41989670508836 56.804749315735194
v 630.98127861544299 -129.39321661649421 58.640587329254572
v 632.53529987527509 -124.70017574849834 59.159393760298201
v 631.3597014263064 -109.83626834180521 63.116784291210813
v 636.00081082006818 -114.23850730640889 58.967148932445383
v 632.76192299222316 -114.88314171411771 61.375093367284357
v 626.80336639674817 -100.78689200946145 67.197467946589313
v 631.40414577413094 -102.02009109866781 64.349363210265949
v 629.22976944622508 -105.03312126657774 65.327781259495907
v 621.92008554045935 -93.813602540432029 69.838968528095393
v 625.75373346750166 -94.25096554130586 68.220595431723098
v 624.32443385974557 -97.093777205922308 68.611042047328681
v 618.11059735039362 -88.838538604163219 72.719529781738061
v 620.17192524567372 -87.918291830666362 71.419541578070152
v 619.71695673349802 -90.943401867064708 71.106273810349421
v 605.97508970538649 -134.96440412226502 74.7014108637253
v 602.72936060548682 -138.80840963951624 75.79776657143691
v 602.45020800101315 -135.4546075775761 75.264211637591643
v 613.31639655400704 -132.94759233640451 72.048284530073943
v 610.28542598735203 -137.15200850417892 73.186516118523116
v 609.64196368569446 -134.1675633716028 73.676953546534435
v 619.8733491694918 -129.19819252186915 67.454789328340041
v 617.83067928890682 -133.68200049943385 68.650371512719289
v 616.68957424659186 -131.22679712983813 69.809320524135956
v 624.52139551743517 -128.70542956967046 63.844289500384654
v 622.91264408116467 -126.96468463969948 65.288589710920633
v 627.12332742823401 -132.00971613107419 60.469853550458588
v 622.54632505932136 -133.42437637345427 64.405146637613996
v 625.88065580849025 -130.36314633424917 62.183552394925577
v 630.13329576809156 -135.68658889361609 56.64909991125603
v 625.17672240279592 -137.80836397240125 60.455280714061239
v 628.51272758918094 -133.74854741851232 58.725679761777485
v 622.22019253066719 -144.75357073726167 61.95634266431437
v 616.89782639522491 -144.89762017891894 68.112402119507692
v 619.97171039567831 -138.7515266152285 65.859668110016287
v 621.16740209124157 -141.59842869075885 64.103078163809812
v 615.04695133749078 -138.49921284727742 70.317956244124389
v 618.90552445852302 -136.1610047980314 67.366549103353975
v 611.71654355551414 -143.73211619431078 72.292362159967752
v 606.94525862845808 -141.58835814692992 74.740702579526896
v 611.018303236355 -140.30913595480951 72.860280432576076
v 603.1375883987987 -146.17777527177412 75.539806062980858
v 602.9885634865559 -142.36527309471927 75.96072818343805
v 607.53016346861159 -149.13126723638203 73.312367268203332
v 603.03812682815578 -154.16936177357525 72.479477528812708
v 603.1537586782008 -150.20111301488134 74.521292997907551
v 612.43181529321532 -151.19812077447557 69.23481887270475
v 612.22930407218064 -147.38700598825704 71.158670987434277
v 607.25507735452015 -156.67747735920318 68.184200716560554
v 602.68333750257261 -159.88108240284942 64.122843157171076
v 602.89843092326055 -157.42975415938258 68.842566256958946
v 617.31208216251514 -151.92535277800687 63.016880707569833
v 611.51704632146868 -158.00647817770835 62.13293598929527
v 612.16734989518102 -154.86080866174296 66.208176801005322
v 627.58705085499719 -143.15465063950364 55.268583985270894
v 622.53761798579717 -151.54936986137295 55.498327236567363
v 622.59014747332276 -148.07936185662788 59.058699908516587
v 634.92620485576845 -131.88088014755277 52.991745555032111
v 632.78842694130253 -139.45129784841396 49.440353173929779
v 631.61727771122264 -137.66086997418495 53.617980588794623
v 628.60931869602462 -148.63754746291698 47.125301694363955
v 621.71566067689173 -156.12984070737622 45.189885497609893
v 616.15346729102521 -157.45606674420878 54.378607149556714
v 621.9259699912476 -154.18495796021773 51.07215727507095
v 628.33614622446589 -156.54517289859109 33.421704526842291
v 621.74249951341449 -163.41792437305293 33.348603382088925
v 616.64273784560135 -162.08980861421918 42.652491181229934
v 622.13307395436095 -159.57302183586449 39.015214373751817
v 625.39095468434414 -165.60698790739809 23.606661876722342
v 619.38168656174958 -173.03464787531163 22.130959427612055
v 615.26725943408064 -168.33832989447831 30.062556226076055
v 620.46394709618039 -167.19250054716065 27.596848753015081
v 622.98081759639604 -179.40476917826504 13.53772072342889
v 618.19408000588737 -189.95609177301668 11.645971457220455
v 613.75849582014939 -181.91831472457983 18.367129552352722
v 618.36807795318327 -180.75702075354383 16.245877735197567
v 623.32283335807256 -196.97755719280957 6.8725755432452882
v 618.17508710374921 -200.96377027078029 6.9019200554593407
v 613.52517495433665 -198.55018862627315 9.7743931793343659
v 618.24483937407012 -197.77552220845985 8.4069939273818175
v 609.10442149822802 -202.04670058009759 9.1034103060018747
v 605.47338047434687 -199.59647268108722 11.638472370544946
v 609.3583140212686 -191.78177851091277 14.642116719844779
v 609.25354209259717 -199.17575837024879 10.866347509220558
v 602.12058307473637 -202.69147851099643 10.332178116718238
v 602.16512310468761 -192.26107420378679 15.640673333863987
v 602.17124676079266 -199.81166178390174 12.107177248026488
v 605.32751307228341 -182.81244027750381 19.888621879193394
v 609.56862333562458 -174.42871253993235 25.412527464071559
v 609.29334585727975 -182.52788163287488 19.468502591580062
v 606.27553158303772 -169.95438905317087 32.17232020790135
v 611.51671143402552 -166.78636580036908 38.536377656078926
v 610.50793477285447 -169.27683999389768 31.507571623132819
v 606.95822355661778 -164.8807366456648 45.837101827704785
v 611.12360141672298 -161.21307328781211 50.644713819670031
v 611.59631896339033 -163.81651219210568 44.690870316448567
v 606.25457719730343 -161.01566910028686 58.160244739362156
v 610.86966105261899 -159.74585963737474 56.802027607742275
v 602.61894343134372 -163.19710198503242 52.614918692140506
v 602.43379851629425 -161.53549813405903 58.686174629982531
v 602.92326043512378 -168.08377955681703 39.636370779636152
v 602.88958032654637 -165.50654559495712 46.387963266206256
v 602.09871970879908 -174.81617731176311 25.551045282782411
v 602.56502655298164 -170.29366591397229 32.259645098793143
v 602.04451578405724 -182.99371006642423 20.020229654320985
v 628.27017339814734 -187.83422101210488 7.515212586560521
v 634.67250369698093 -194.40367210538216 2.0368188032321353
v 628.81991505676024 -199.41718829629457 3.6811639906128146
v 628.7593004295336 -196.02422832402681 4.9922782315691148
v 628.00566015904951 -169.8573554164916 14.48009398871136
v 632.78866614661911 -176.72874342064887 7.0353248605278917
v 627.57915707954942 -178.19510789221232 10.690041230619583
v 631.73515809124365 -158.52458493320103 22.708744919530233
v 633.6035429781532 -161.29788353281316 12.874099393714772
v 629.74477849286757 -163.63286231028508 18.63383152009726
v 637.14894849869097 -147.71112919225186 29.046163865637766
v 637.81532666967894 -150.4104894285025 18.600949759264012
v 633.69707225694424 -153.40821045615002 26.265282457489377
v 638.89323366734766 -133.29759755565556 42.732290074848208
v 637.59291356630297 -141.83344791431966 37.785859014976552
v 634.51984286392599 -141.08007076968391 44.250671237539819
v 644.55106133879156 -132.09535163441751 29.548578752361323
v 644.4915948970845 -137.91028935780508 22.009772034088925
v 641.29499856921461 -140.43093930202298 29.959494615418436
v 640.23254423499827 -183.6961603991557 -0.07531630129396838
v 645.26355829482009 -188.89952188958875 -7.3474330120875226
v 640.56011199555212 -195.29510659849439 -3.733046658374862
v 640.68052795192921 -191.75068181975467 -2.5008402712323932
v 636.92773142189799 -165.63126724703312 4.045264383144568
v 643.97859517510119 -171.47821064178203 -3.0060897409576928
v 638.65130141013697 -174.40495945199388 2.1309819761122508
v 638.98743272102524 -152.96419754747467 9.1014308820070919
v 641.06760999525341 -155.74893016122036 0.10819005733672604
v 637.32993124123163 -158.69223197934105 6.5483446968580221
v 644.2629624554769 -141.8871734284283 13.138170102976829
v 643.23165265348212 -144.26231477855765 3.9923880479098539
v 641.16099575085468 -147.52887866153333 11.198765157568486
v 649.23580178230145 -128.03139682855141 15.799673107808928
v 649.1378711256848 -132.74639674461127 8.2618561015339917
v 647.09132611897076 -135.2464271905381 14.71718831839371
v 638.87672850050217 -119.82459730340406 53.592910376581557
v 639.51813363643691 -126.02867423583864 48.056640119385008
v 637.27821505178235 -125.87211435612311 52.985224220088298
v 643.91697588554484 -118.75080463718079 42.529248117017346
v 644.41423589769556 -125.18997255477119 35.902565656709953
v 641.79474631665812 -125.80635681458942 42.250004315516691
v 648.42393893775647 -116.37004196211143 29.534256334029848
v 649.10734852728649 -122.58610308090773 22.683813745407491
v 646.8918767259886 -124.07955755457631 29.324718456819994
v 652.68088459305659 -113.83740783153183 16.845350179132112
v 652.66122191603199 -119.42172770918414 10.731920101423524
v 651.07371191187576 -120.97302202840687 16.433821352451218
v 655.61076699291584 -111.50702179613869 5.834047720821955
v 654.45932828092396 -118.00149398292729 1.3306607880934518
v 652.31030771657788 -124.13756484385213 5.0632863298022226
v 653.86054953240762 -118.20402912449357 5.8240728591197222
v 651.82443387749731 -126.01379566514611 -1.3829022638303474
v 647.57963985228059 -135.52813929189944 -0.53633072784674773
v 650.51449772272531 -129.99089502055426 2.6355616709510894
v 656.41712811517891 -111.2988892501639 -4.1265513644497975
v 651.60106395285504 -123.98696117651993 -8.0687686045645837
v 653.87973379879895 -119.76709234529308 -3.3557540926325533
v 646.94923816090954 -135.9291909257131 -8.2887059329136736
v 644.56340433312812 -145.95784990369094 -4.2971765167815068
v 644.96957496071718 -140.54384421145875 -2.9369115633965936
v 647.89161142619196 -149.44457836006649 -10.034067525495049
v 646.05609334978362 -160.18385653233759 -6.2458207675436359
v 644.82877871136566 -152.48372974854931 -5.5073819949295615
v 649.37765053504586 -166.38670155739169 -11.137826637755525
v 648.09345287234009 -177.99000129349253 -8.8208181596932267
v 647.41248317703958 -168.81827144170722 -7.2290562810344756
v 648.94019185204547 -184.26979866889729 -14.332628925750784
v 647.10615684859977 -190.40156383412329 -12.194851011284998
v 647.64733495687869 -186.53796740144247 -11.016501701175317
v 651.34415744282524 -125.95298967366601 -15.972764099559216
v 648.8031750466962 -138.75662168847214 -13.3762980302446
v 649.21953582077253 -130.74805160919232 -11.630559689289607
v 650.68433349751217 -144.612152554087 -19.385338907788373
v 650.2216147330787 -155.41322941990205 -14.959956828803508
v 649.46491263454209 -147.10247126415982 -14.272397027030616
v 651.68411603877894 -160.58993147779995 -21.567190401837962
v 650.76485000708021 -172.58177240965631 -16.85070143268225
v 650.72016645393899 -163.748015749697 -15.665803877030664
v 650.72911273277987 -177.85153729597789 -24.895959627395776
v 649.45065599767258 -185.61025742206766 -19.837622340285201
v 650.05359691869785 -181.42715444800245 -18.758399713375127
v 651.92155123603743 -132.19641588068157 -24.818116237240829
v 652.11138457529228 -137.10081856642631 -34.732411153351499
v 651.92265158049372 -148.97042558149934 -27.926463743683449
v 651.79773856416455 -141.05478676771918 -26.600781898946188
v 651.5062429653542 -165.09987263620337 -30.623461827432727
v 648.8643637666828 -169.21296021409938 -40.513142516465216
v 649.56269976796852 -177.71930459696068 -33.556657220926994
v 650.33428043719778 -173.62757805383717 -32.55143873884046
v 655.13666205541222 -109.49159740111442 -36.807989705368129
v 652.95506172694513 -114.40965871043713 -46.097558076244141
v 652.46612605981204 -125.53610264789329 -40.797784882954907
v 653.63076890528032 -119.76403051724061 -30.741940220745342
v 654.04717752041984 -116.97542277736598 -38.958750488392432
v 649.2701995068287 -130.93075663001241 -48.175582502622902
v 650.56205173966555 -141.42036425308089 -43.266993723837636
v 651.2406772228635 -133.68934410265359 -42.141927398000888
v 648.05642388933029 -146.03599828062465 -50.491149768652669
v 648.81867555121198 -157.14849654812292 -45.883565000012652
v 651.33956470074645 -152.73451260247413 -37.13871497610107
v 649.95069079149607 -149.08455043804986 -44.422498926211851
v 645.45286538237838 -161.99924548135402 -53.801069615262335
v 646.15856890741566 -169.07869426989106 -48.660355997247102
v 647.1114672066285 -165.23284687170201 -47.716978069634962
v 652.23103507465635 -104.17420673625753 -51.950744729756352
v 647.09218725811047 -111.80490417690224 -55.586665542096043
v 647.99016401663175 -121.06621641975475 -51.9922707727183
v 650.18645155153831 -112.79473577699845 -51.513357808350861
v 643.83363675324108 -127.26321287481794 -56.724505431839248
v 646.02289165183947 -136.22197823323313 -54.092493452477655
v 646.57827855592427 -128.80859882272068 -52.8987871610422
v 643.76589380757946 -141.92920180255516 -59.311403288489807
v 645.27944152784255 -151.67528754003189 -56.829839493004613
v 645.87582822319291 -143.70566008629476 -55.344135271593984
v 642.36453338080241 -157.67005982044037 -62.651797892434502
v 643.00780431820658 -163.33061443249352 -59.573644077079869
v 643.88602271757668 -159.59506460578933 -58.647608534921289
v 654.224811388528 -114.0545584179425 -20.623812474225737
v 652.71308162867115 -122.60380427433627 -22.678340958381405
v 651.97231060422018 -156.74931071577868 -29.116707538161123
v 602.4999627068662 -95.112894058615268 92.180373582899449
v 603.75760857942919 -96.160374140012379 85.588467090526194
v 601.95395265119214 -97.125160943460386 86.809320195329406
v 604.9583235866412 -93.615349174032858 87.57128929593091
v 604.42680937315299 -94.244913646795808 83.312205743113793
v 605.06276062786924 -96.354250049117752 80.650702738281723
v 604.45388741499232 -95.199869111731516 84.273894837711794
v 607.93805637448008 -92.533806255551738 89.073580911014687
v 609.77898049104374 -93.491727866413328 84.813582397861524
v 607.57336394878985 -92.403654642788979 86.162468653342387
v 607.61311987240902 -92.948779638791677 87.417771808835937
v 611.79241948194021 -94.943106124891727 81.19235925719363
v 610.07415985172975 -96.828426748216515 78.84301919052632
v 610.40655955967895 -93.607694603901635 80.966316213138384
v 610.99514816170813 -94.390206956099462 81.149768750572775
v 612.34541433285904 -92.249128008264563 84.772935434438068
v 614.71058082128616 -93.063430747038709 81.655444304768253
v 614.4640079809335 -95.53301035616218 77.584856036466192
v 613.24119040246762 -94.608721012814769 81.489849939251314
v 607.29535952983588 -96.273350811043187 79.139419993360207
v 607.38673596077751 -97.555826195469379 78.740131003723207
v 607.34937209032432 -91.29276123196091 82.433704782463508
v 608.41484041152989 -92.10701612967172 80.465255826520092
v 607.00458154697526 -92.406214139676621 78.850268606652548
v 605.66871553588362 -91.72043641751236 81.262829143464444
v 607.15700317471362 -91.723570007159836 80.630486898962488
v 602.28491712724167 -85.531405499491925 97.969049552590832
v 605.82611263420722 -90.341656972622445 94.486369646198682
v 602.58421081937331 -90.747516633299867 96.520798903626883
v 607.80673265566611 -85.796995162514378 92.284439855886831
v 610.13075582963756 -89.396987336300612 88.403339574163681
v 608.23883313957458 -89.759646516799833 91.39146547854898
v 611.50125877057303 -86.326069481773132 86.16053707041084
v 613.72089274437985 -89.507141384595528 84.269868713226799
v 611.74405216692344 -89.190888035516949 86.27774767554547
v 609.40266268696655 -83.087660064561433 86.960367887530538
v 612.47855601207948 -82.877566034990522 81.981467695996798
v 613.96540841900969 -84.863783460857761 82.757657552670253
v 611.53603922360708 -84.080051161545256 84.68143491573835
v 604.92234710702428 -81.1504558080658 94.582359749684258
v 606.61505960942168 -78.011364438306956 87.430651520101662
v 607.22077531211949 -82.030683532095267 90.852180082337782
v 601.82047608452854 -76.131067126630768 92.94775918888871
v 602.06743165338776 -80.62984935701472 96.815380251021452
v 616.85012885509468 -92.268910287947506 77.449373135209726
v 617.48124816241557 -90.706086272464546 74.030265779287447
v 616.41879382819934 -93.679121311438763 74.84033009885809
v 616.99393909143555 -86.951471782027269 76.70388378588882
v 616.21231179890901 -85.168626716334472 75.976717563819591
v 617.29600756523951 -87.758143871201796 74.427346604845638
v 615.28740052173839 -84.393194841508034 79.433575256284485
v 613.77002551640976 -81.931102358794178 77.479321640848184
v 614.44037449565337 -83.350570628037943 78.787060096773928
v 616.40334116474673 -87.988905240127096 80.596738018856513
v 616.06070346924707 -85.792402420435664 79.972071274950963
v 615.86938705702937 -90.718166140952945 81.290206191949437
v 602.17038562165294 -122.42193647212419 81.746983694331902
v 605.68235023892976 -124.57569330173898 81.048335231101305
v 602.25315066119697 -124.73036345945336 82.040373500243106
v 608.81077305156828 -122.10829046099659 78.868629109734968
v 612.28948812983776 -123.84147650296299 77.385726580595019
v 609.12882044052139 -124.29505762430234 79.397480669042636
v 614.79454188741306 -121.6487770478055 74.699203447163029
v 617.43312005271537 -122.30458234379959 72.750745328037908
v 615.05939001395404 -123.19418691623984 75.205568959193556
v 619.32992253123712 -120.46609812146532 69.927195671540801
v 621.31025550631591 -120.30908375164826 67.762263094782725
v 619.59194803504215 -121.21342337159112 70.100378078210326
v 621.67193394501714 -119.52831759826161 66.606612126668722
v 622.63162567522147 -119.23562597286831 65.883809906594195
v 622.28339057531332 -119.72360481873491 66.318226196974251
v 601.95390481012873 -119.115927632441 79.018974136318548
v 605.17700508707799 -120.19723134560549 79.466407681021224
v 602.03164653802423 -120.37383663085221 80.565523220073203
v 608.43163262475525 -118.81993497367857 76.628209688948687
v 611.79328062107993 -120.17575070817466 75.921799013194402
v 608.54458537525443 -120.15321756735086 77.845527040165962
v 614.59901546162314 -119.13681025658026 72.882240228156718
v 617.00125877412336 -120.04703432731152 71.715301759165584
v 614.61456380720233 -120.17709025794763 73.868032248468808
v 618.62842901977206 -119.42651181551609 68.891176141117057
v 620.27856297581457 -119.55367336182137 67.819764689068904
v 618.94427571981248 -119.8064655404056 69.571915227542092
v 620.46203345364779 -119.3308296888756 66.371990581946761
v 621.2895403258982 -119.17807317369399 66.40679233920406
v 621.00062814450723 -119.37218828811596 66.742358527531792
v 605.61795616770087 -116.15643161438639 82.00874457725547
v 602.23334446098238 -117.62175554282261 81.226508806205004
v 602.24970610463788 -116.70866100829213 82.491393629661616
v 612.48817206580679 -116.44570260375237 78.380548601608666
v 608.91894169573538 -117.07689367266819 79.188017543494198
v 609.22708598458121 -116.11849365117344 80.643466777454535
v 617.84857184658858 -117.31399398248338 73.326739770148038
v 615.07493835953312 -117.49894753327952 75.044928386280105
v 615.30821138428269 -116.88832812159137 75.897808214972486
v 621.83057491098702 -118.22785397402701 68.290927027420196
v 619.69600234776362 -118.0871534068021 70.334723789301506
v 620.14101991876873 -117.76393918301044 70.668195436075678
v 605.30722846143567 -117.80340806024967 79.165681747056567
v 602.02126502728379 -118.38099321771513 78.942083082330214
v 602.15397613693403 -118.19010737506731 80.072588339053198
v 612.07750437826553 -117.86481206502121 76.14056872059183
v 608.60299931356849 -118.07545626682031 76.732954707021975
v 608.72202787910919 -117.71805960328633 77.906815927378943
v 617.27888046457088 -118.19831211742671 71.910079920824501
v 614.87419725784139 -118.37405626353369 73.019165088962382
v 614.9110827176612 -118.00335978439666 74.079063663874138
v 620.67411288734638 -118.63306778034959 68.047187648794363
v 618.98106549750582 -118.70152834196089 69.091234012623318
v 619.30164846281468 -118.39556082149618 69.843332530090208
v 621.98113073725585 -118.79797592561454 66.758875654643077
v 622.59804124877064 -118.7173637339199 66.599137708041496
v 620.65885158814717 -119.04615144158838 66.450185304910519
v 621.28494758381953 -118.90006875473998 66.82792750189634
v 601.4842012504505 -66.734747403088519 86.598000238510963
v 603.90050983556682 -72.096941223744864 87.498375030331204
v 601.61408973736502 -71.213245022624676 89.414349814978436
v 601.36847371827889 -60.051135572463281 82.495959461142206
v 603.52203918364035 -63.940614020400417 82.707342209356341
v 601.38440479236442 -63.068064787033848 84.287551966256501
v 601.67030298676627 -55.080496934551633 79.965549940007065
v 603.62169211853643 -58.266065897326115 79.560454241309571
v 601.51505873629208 -57.43461213735165 81.182037547782329
v 601.719387917733 -50.780853130238256 77.138839783264302
v 604.04570746274385 -53.561303968816787 77.066777686605008
v 601.75005403932118 -52.853184470081956 78.596332727648303
v 601.95715800243465 -42.830003293854318 76.516931375665877
v 604.04412870765441 -48.685175351494237 75.0928606466274
v 601.71144630122171 -48.333974105660232 76.043750368697431
v 607.05400136538515 -43.212803562011338 75.590522075199999
v 607.69406695154703 -50.072111697680242 72.048334613687075
v 605.86682537909292 -52.216754804732503 74.09403791669348
v 606.05168324776241 -49.183966277671281 73.820576156204936
v 607.28454744952546 -55.975005215982158 72.739759076356449
v 605.7640627750809 -56.938524231252224 76.308345834622742
v 605.88505282421784 -54.608640527023866 75.103282523265023
v 607.42084663892479 -60.782888556478312 75.178918496857705
v 605.45036892288999 -62.111099997438714 78.822477433963172
v 605.57432511795287 -59.405616105083041 77.518413769713732
v 607.64914419308911 -66.517190167639669 77.962775021131336
v 605.76439766252429 -68.90512900220709 82.350166810740234
v 605.55356209647186 -65.195628634480798 80.448312614938573
v 608.31332167516439 -74.301935832175658 80.869535237074729
v 606.06330862614914 -73.334302485460071 84.508779508281975
v 610.00876111817104 -71.109095027776505 76.785602302172776
v 612.44047452567656 -74.940446583779476 75.337452567951857
v 611.58411949224387 -77.729317449502403 77.481818346340162
v 610.40885593071835 -74.574582052037826 77.629855041618612
v 609.63062535368772 -64.974124511307977 74.220767398395537
v 612.3012091903513 -69.34749139419786 73.581690776714652
v 609.81974107699261 -67.86602110689104 75.571949277399199
v 608.9617116063439 -59.913066263721007 71.354540523350238
v 612.13300001171717 -64.299709041682277 71.11234364525825
v 609.36118448506795 -62.37348430921864 72.78557212710183
v 608.47952152913899 -54.994981033866651 69.62643161422875
v 610.03851825955621 -58.645086721480851 68.347061413818608
v 608.57032386732089 -57.451260827387081 70.277058862635101
v 610.79134523196387 -48.852140662481965 70.401192219135453
v 610.02277854972385 -53.955370807385748 67.499649295402151
v 608.83780325234443 -52.048426023440172 69.562032310383415
v 614.56279977668987 -78.154193932849594 74.414479601362359
v 617.18539902684313 -82.387386500211122 73.408759535627553
v 613.97162775724155 -80.062645710289729 75.71204734623285
v 615.09321364572156 -73.583626186953595 72.766434206740485
v 617.97056655805522 -77.744219940726637 71.793947982164468
v 614.8805122781996 -76.021463250564068 73.533043142967415
v 615.51072260531748 -68.631860848521768 71.250510878676948
v 618.73827210115542 -72.924639460248684 70.711312194393088
v 615.31280412636158 -71.057139633010664 72.030714152053008
v 615.86575113621711 -64.650431876883118 69.042386044423495
v 619.32585604085489 -68.436764992301747 69.579978689261395
v 615.6537195435817 -66.446457155520633 70.271190109695567
v 614.82745653897769 -41.392905592777055 76.526776169477159
v 619.13458746970059 -44.822081249978275 73.149920695149547
v 614.9890636508735 -48.806739493391049 68.206662095789454
v 614.6137983501892 -47.020617314860807 72.148940632266601
v 624.28668726078604 -37.176887967147465 75.529873062208992
v 627.9394002863512 -41.663446805853113 73.501740137223692
v 623.25465984284142 -46.055997955134423 70.523820824691143
v 623.42889699545378 -42.830720909804107 73.619539785450513
v 634.05808092075904 -35.785382799414428 72.312453164012481
v 638.46811797868395 -41.117221465394074 70.532499492584066
v 632.3974697718495 -45.266261602375238 70.697667773630883
v 633.10283840944339 -41.09220058927756 72.58708179793598
v 644.36974370880796 -36.411789761998278 65.548908447415926
v 646.99416091936735 -42.516548646980034 63.55449889353212
v 641.18807379269401 -45.792656822088091 66.454913347496444
v 643.27542722642022 -41.56336330138717 67.277644336097751
v 650.52382673007287 -38.960522410385146 56.548079768472149
v 650.21161595084482 -45.501926680290914 55.759937868651463
v 645.87295775939378 -47.86836095689587 60.744456768817223
v 649.05788086781342 -43.749460689806462 59.626392057349129
v 647.85673529103155 -51.064335350942542 54.549143347411302
v 652.75857847988891 -44.525370975266078 48.433315236403843
v 651.63833214118154 -50.658260405480135 48.652098399100282
v 651.01194909912942 -47.888262839237129 52.012424786050758
v 654.21916614305633 -51.726790554738145 42.390854386064433
v 652.15798177096622 -57.408371314120544 45.321355729680477
v 649.03338624339358 -55.497694927235997 49.660238176115826
v 652.00680401087425 -53.76486769324454 46.148011928023891
v 654.94850315337362 -62.222282628595067 42.278798655502555
v 651.28014610010291 -65.302098920900079 49.464883679147249
v 649.09701485760934 -60.051685744691525 49.646468920078973
v 652.15506346610368 -61.379251331297084 46.597916762653711
v 650.75547315866947 -73.846704194151798 51.048216560462294
v 646.47379367363283 -71.145693441216551 56.421037077308597
v 647.10342990799086 -64.874495496943638 54.558536641187573
v 649.13825385419136 -68.673506494142146 53.052746648348545
v 644.16479259354389 -77.591439505013454 58.664892084454465
v 640.60273838297053 -73.654670165984243 61.689979041277375
v 642.7640062595267 -68.89302521318713 59.66098077237131
v 643.6243321012148 -72.785852535556671 59.300482662404299
v 637.387196994026 -77.692264545960882 63.472303555087755
v 633.88905844404849 -73.517270632128444 65.242726389682844
v 637.06068173686526 -70.602434246683316 63.501562289770355
v 637.34662777233041 -73.854430525877987 63.632655960346447
v 630.16080437950063 -75.549056670808199 66.77998253376677
v 626.67850122148229 -71.611617556892512 67.788173141912011
v 630.30035676120588 -70.303953852628197 66.164307293457171
v 630.31303464298571 -72.748153777660278 66.611578627054712
v 622.74744888952 -72.414031791431555 69.217963494325431
v 623.1815108570247 -68.17213215054575 68.086216238747738
v 623.0097614397049 -70.162081179351944 68.773952828199981
v 620.98699344146098 -82.435299325126365 70.727640947317582
v 623.7894750896985 -87.999932605222398 69.456535290596037
v 620.52891526016947 -85.06789735751363 71.249344752758532
v 621.93860003196437 -77.350607592259209 69.715299379412613
v 625.08835995884351 -82.2712044779379 68.559347162102938
v 621.46731771719647 -79.88427030570017 70.139769961238301
v 626.10259050123307 -76.732142246186555 68.186897382746963
v 622.38022088747357 -74.840961092605014 69.470719418353951
v 633.49920161905175 -80.283456138044443 65.119157595105548
v 629.32693464582849 -81.658049489893799 66.755627321195391
v 629.82658671114541 -78.559957911400417 66.765735614613277
v 632.2279688845058 -87.385461987937006 65.175781231128042
v 627.92361273545544 -88.00220505573013 67.391882441415248
v 628.69925989506692 -84.8082639068746 66.972302487039201
v 630.06268235863081 -94.558416134733491 65.989620509601309
v 626.95483120322001 -91.185453726933574 67.84085923416842
v 640.60369520423706 -82.713184141422147 60.782343900900365
v 636.48802420892162 -85.805726156570373 62.91661343373621
v 637.09101297101029 -81.775188333433462 63.162559837646079
v 639.15143188608715 -91.514576322045329 60.033117155386741
v 634.67609177673012 -93.765833238706776 63.147786246317985
v 635.68529900747103 -89.75003046307252 62.912136206334274
v 636.98662377084543 -100.77131974335073 60.268729720260232
v 633.31104271701315 -97.948697007455394 63.581914065364451
v 647.53629584891246 -81.639224031477326 53.980259283337205
v 643.46172032698928 -87.56610984303434 56.955194135786826
v 644.06628784416739 -82.694813173107192 57.788597419091587
v 646.10005928697501 -91.701539197500935 51.798345745408568
v 641.79115823690915 -96.87284717550942 56.021021501522398
v 642.63627062046157 -92.19391942119303 56.341889270661511
v 644.57775665212421 -101.52390751044177 50.524481004863418
v 640.23082195671884 -107.62031812987412 55.430115597988703
v 640.92475658017906 -101.91292711683046 55.812096587936395
v 648.49799690377631 -95.288662125253978 45.53848239555947
v 650.37877262608572 -98.569052075529214 38.600701460746336
v 646.85723979614477 -105.89502586335558 44.001189062524048
v 647.71010243195497 -100.30058760081104 44.74580082733965
v 650.41848070864148 -85.25933337238969 47.760502442399314
v 652.53343843590358 -88.487672245772501 40.608655174726408
v 649.42520455198633 -90.387799678194895 46.523547829722304
v 654.36728207509577 -77.118937243130901 43.296382557424181
v 651.02223492774328 -79.693025655077477 49.197930545820185
v 643.0218695908228 -113.13299601520428 49.176786290865806
v 639.83503283987034 -113.74952379821251 54.619223777525889
v 647.75717803826205 -110.61119788546681 36.829339745283619
v 645.62782015094058 -112.09032396067091 43.209322287413812
v 656.12692422507826 -54.617515044269894 37.311449090694197
v 658.47568122878647 -58.496492378808227 31.611401680870131
v 657.43111945225201 -67.942208000228646 37.358216720156179
v 657.00428148530864 -61.072183466376018 37.097270630342223
v 659.45881508001776 -71.953178828467586 29.843776053446106
v 656.36541192572986 -80.535171892704042 35.43929073991535
v 657.16617564358421 -74.531357651328037 36.62454112340896
v 657.61200651266586 -83.596043123934265 27.628163719024712
v 654.0257447240524 -91.354189157264187 33.049809031055759
v 655.26009199877853 -86.11281794202317 34.194699497505837
v 654.79139310142978 -94.478545479520406 25.482958479478384
v 651.26789878789282 -102.2230328892724 31.128915587085956
v 652.6722253605958 -96.508298273009061 32.055187344494669
v 652.05708496842385 -107.50360985590433 23.61561712576264
v 649.79970439565727 -108.95699743904221 30.210130956086786
v 655.62306214618934 -98.942092766768951 18.22641702486203
v 655.95316548309916 -104.9622686518005 11.549960423269638
v 654.17386065609185 -106.2407253869078 17.390842953309118
v 658.29804736067831 -86.699325457797869 20.203544648698397
v 658.63470492326292 -90.445615603217462 13.209252952871367
v 656.87061355439187 -92.512110333336082 19.193021788716194
v 660.75669528683306 -75.490666653025869 22.153695892955056
v 661.0997635519027 -78.775362298999937 15.053893722041693
v 659.6519016115783 -81.146006589177091 21.192811126234119
v 660.72024039658322 -62.546764640564746 24.299140337817903
v 661.99620939639772 -66.598448213689181 17.007997834155162
v 661.22257156144587 -69.337707896748952 23.175255088231921
v 657.46570854103243 -49.222574015770846 27.639325637110574
v 659.26510661463408 -52.324349356139862 19.615548079827846
v 659.13445267070642 -55.513936968233281 25.635975130441807
v 658.49854925705358 -42.23423853232719 15.984832973190606
v 659.82987036712984 -45.706040576946798 8.5711007348361914
v 660.94456714249191 -56.412894468552608 12.679822815704171
v 659.41982461341183 -49.016187668607223 13.932858005789683
v 661.99386518429515 -61.417141453446774 6.466476677251249
v 662.3430571054696 -70.831042767759229 10.406236082737989
v 662.1911138883645 -63.933437860902458 11.561920689099651
v 662.18676035160229 -74.769558305599631 4.4428176392030405
v 661.10569584375435 -82.115936306932056 8.642706846360765
v 661.86895216796574 -76.612994077987523 9.4946126609045773
v 661.01470214131928 -86.378909936210462 2.596684826870499
v 658.96868338630179 -95.558724927696886 6.7083192324681402
v 660.05701973577425 -88.287624839498861 7.6390970200283146
v 658.30512783804966 -102.57954449313499 0.99092943719047177
v 657.36021899641128 -103.6730715979778 6.0331502660951468
v 660.63627933045609 -35.41050022723693 4.7089813949853276
v 662.43663422532427 -38.866060230859269 -3.7098078618670076
v 660.85309502942346 -50.332893333839102 2.1043524442416395
v 660.74626593502933 -42.4279709182426 3.0415588746855473
v 661.31126889284155 -57.344240368739747 -3.2820011133914608
v 662.31224746069142 -67.11422271734493 0.55446943638682278
v 661.62252285080308 -59.106776903053138 1.4477099296393998
v 662.17331701280932 -71.684742622177581 -4.370116197946162
v 661.89277701749938 -78.541204214578954 -1.0381954423420456
v 662.26340173504127 -73.201400011556501 -0.2805783834695621
v 661.40207123102346 -83.749708619318923 -5.76070042521029
v 660.32469048505118 -92.992267165349872 -2.7341850575769673
v 661.34514036567225 -84.970995283758498 -1.927459147206152
v 658.82535156059407 -101.24456354171475 -7.6942328800961253
v 658.66039557426598 -101.92515050850879 -3.5973335220010956
v 612.06439592691595 -55.340800160077151 65.258566079862419
v 614.51060517660744 -54.093942447292889 64.336583666226545
v 613.540005683966 -56.557207036058074 63.840263749657872
v 612.29580315019598 -57.691614329508084 64.892813114975411
v 612.8345892053087 -55.910539383158138 64.451875396212074
v 616.60714409449133 -51.485575913477348 65.474764516985488
v 620.49891891346783 -51.309138071952233 65.860746589611665
v 617.51110098592767 -53.345014521545885 64.072740856092366
v 617.13425693015392 -52.456701657815309 64.803908160840024
v 623.91041729777214 -50.162866194798809 67.951786588400864
v 628.17071182750465 -51.307344032077722 67.326128637464706
v 624.36246750508531 -51.387740938987434 66.175243461525611
v 624.15010102500673 -50.942340639475809 66.934992064024073
v 636.23145258633519 -52.363937836037351 64.937986665257313
v 632.54639900196548 -51.791663036600397 65.566165242217153
v 632.45607507441684 -51.304569250405159 68.032589770590505
v 632.53171179552623 -51.85971694917346 66.409890048054137
v 638.88055578556794 -52.488587726518297 64.80696830698011
v 639.87359273690663 -53.917672049489433 62.118400622168274
v 638.32215489449391 -53.111095642441526 63.138041701492646
v 638.42209487576997 -53.190105158514918 63.629508121163489
v 641.79709052876092 -54.226988444386585 60.793229611597319
v 641.53989697235124 -55.595003650029426 58.074249680527345
v 640.56977589034295 -54.798928356380287 59.922428258954334
v 640.89275090881813 -54.752953094529516 60.121508004970671
v 643.29188455220242 -55.952567757285038 56.693533793847962
v 642.23397511900157 -56.909723911133483 55.372061962682722
v 641.59424442028308 -56.08946495997597 56.589227568027326
v 642.01031814797921 -56.252650826961379 56.546412058905503
v 643.99806648787285 -57.479343531556161 53.766556991068626
v 642.44222726763462 -58.044800979469983 53.53977315804849
v 641.68676903674441 -57.477310286365046 54.806414645548927
v 642.3483152603369 -57.596841183070715 54.325721096606003
v 644.25856107765162 -58.656927384652704 52.75914305268563
v 642.6622483178445 -59.084865696052418 54.242848414669453
v 641.66404453166729 -58.373660448733432 54.246610665789632
v 642.59603628620926 -58.437432586139337 53.39860913052263
v 643.54391127377357 -61.028337131842989 55.592374544372205
v 641.46847026481407 -61.58597256590393 57.418668265759209
v 641.3204978559645 -59.676037715500868 56.128650438693882
v 642.31951494021814 -60.236017361664508 55.777633829463667
v 640.85261225669228 -64.19082278156543 59.276227990817453
v 638.33574175647675 -63.921023104970828 60.308372581991442
v 639.63113422799938 -61.660150134581997 58.769373229162824
v 640.14135916831003 -62.844790544518261 58.922702715829388
v 636.24140352750578 -66.299154521557611 62.28024544434745
v 633.09982442245428 -65.404167829493844 62.740534312586412
v 635.97636403671152 -63.36245477017512 61.297287539839196
v 635.98870703104808 -64.812349955690578 61.594151429215678
v 630.0301025945098 -66.719820991332639 64.626963689929482
v 626.64654339118442 -64.899205406148482 64.676689803272097
v 629.91217437342539 -64.17051425018596 63.33565413079463
v 629.89624329933963 -65.448420813065084 63.765392532281446
v 623.40535919230024 -65.09674115659783 66.313874529003556
v 620.37017861207278 -62.855339498980328 65.708771789929528
v 623.54859533588092 -62.79077798402966 64.586856807259892
v 623.46779177993301 -63.942144934426679 65.358557452905643
v 616.84089552987405 -62.587405623855219 66.714002979798579
v 614.66412714880221 -60.682565846695759 65.589855538759991
v 617.88894970403089 -60.998077659292875 64.711140601478917
v 617.37049610082931 -61.787718329925426 65.758246924568823
v 612.01444985680973 -59.40262603862552 65.946001980756421
v 613.82930059386376 -59.123975765316665 64.783679053100741
v 612.84430094116283 -59.356602935711429 65.289191835553481
v 637.93894797729854 -61.203291900405162 59.969131788866598
v 633.40318460496792 -62.517988240977544 62.589437377728295
v 635.94172710686757 -60.554088671149231 61.154455242109258
v 636.07989209773655 -61.899116245866665 61.31917202312092
v 626.77466175875611 -62.293685415600507 64.07713036709157
v 630.26438028158918 -61.360090985437296 63.704705442662934
v 630.11224570023069 -62.728154032143451 63.52376030955201
v 620.97828636793679 -60.489407553540218 64.094512464365266
v 623.86501612868119 -60.099407205353458 63.8773607566797
v 623.72058395851741 -61.395684736547565 64.251679421011261
v 616.42587430557069 -59.398559548243306 63.75256285790902
v 619.15472855735834 -58.839249676966148 62.809235270868889
v 618.50490339427927 -59.879075188231994 63.814955546842718
v 614.20844102067679 -58.115725355842187 63.998070300207068
v 616.03960556032303 -58.510629413019281 62.887179120248895
v 614.95519217804269 -58.78215136789342 64.020519158532636
v 615.55004795936679 -56.02289412036577 63.325332701702045
v 615.06493957729936 -57.745124558831805 63.002056952329035
v 614.38712739217794 -57.25339018949451 63.606344450075476
v 621.04134088939281 -52.898489957046252 65.133931139713809
v 618.22307169025953 -55.302479468357632 63.522869877104931
v 617.85785301287274 -54.451913203586727 63.986268975097111
v 628.36102357739264 -52.009913967467405 66.743161360375609
v 624.60129009318007 -52.971423658077988 65.992354364739242
v 624.49532213792554 -52.179773662785983 66.348488285832445
v 636.04999143316149 -52.673924005820965 64.47944100576305
v 632.28513895517358 -52.930304264154231 65.731734752806688
v 632.50018453479811 -52.252157191589554 65.741843046224574
v 639.49191673373753 -54.241269001787686 61.839558517408271
v 637.72883002719595 -53.953122277409761 63.060085307849441
v 638.18719525486745 -53.425339666860651 63.280372310454844
v 640.9104042611832 -55.733192561429995 58.222386916790413
v 639.7175351883559 -55.469540461472036 59.77301183488489
v 640.34171754149531 -55.041626070603975 59.994941668769592
v 641.28586092612068 -56.922569236634985 56.073431386389757
v 640.3900370154488 -56.720536426233508 56.972099597779277
v 641.23108290861887 -56.334482965770675 56.948183551218904
v 638.391046025675 -59.610280173967155 58.343083939414413
v 639.92459131040596 -59.869841863011231 57.607790342955354
v 639.14152878597986 -60.53526321273273 58.722933011977887
v 639.40623338933096 -58.829274815263929 56.6400572027718
v 640.71655227260953 -58.685823386898122 55.723166778873519
v 640.42429121678606 -59.216141573803199 56.588375399086829
v 641.04799515929233 -57.985765107332767 55.036445690741914
v 640.29961740577346 -57.610571568243628 55.568621456433704
v 641.19170971350638 -57.50582356010392 55.388792132029238
v 642.37036999052748 -118.913512093533 -59.216749744710739
v 639.30935523610742 -125.32258798229493 -63.139011281288035
v 641.43115423542417 -133.18576907014449 -61.411315001337684
v 641.41287894923585 -126.17846460509436 -60.088856448241543
v 640.14953999013778 -139.10332587435408 -65.978856799978644
v 641.83708565769643 -148.21506303273577 -64.389265709568036
v 641.86923485224781 -140.43914404438237 -62.779605293094541
v 639.51339737116825 -154.11527745149175 -69.783070512813254
v 640.2423516529791 -159.45186434300592 -67.284056689482014
v 640.92375191784936 -155.86671485911484 -66.315239276449262
v 637.94339719618733 -117.6252000993817 -64.942057235967837
v 635.60837057765207 -123.77617345153085 -68.552227595975381
v 637.79341546267824 -131.09401425859278 -67.392691784016478
v 637.39997055793242 -124.5179252177798 -65.934316770027465
v 636.92060310346346 -136.81128445121209 -71.788854933578421
v 638.72842120420955 -145.21521307777056 -70.891428347285341
v 638.50706060422647 -137.89007650855228 -69.000330915564632
v 636.69326237056555 -151.02699329097902 -75.927393957160831
v 637.53947509857426 -155.88144990661749 -74.098501868022339
v 638.09490984372258 -152.46923390636329 -73.04481440865942
v 634.09200023465314 -116.62632653831805 -69.940168604491163
v 632.05928129523863 -122.57507571581242 -73.547755547079475
v 634.48640196066538 -129.35654644145922 -72.601291870883131
v 633.86030596499313 -123.15435923102578 -71.073248308434017
v 629.99283440618331 -115.83515495365924 -74.884243491994283
v 627.86041469080942 -121.43554942858714 -78.270386112738919
v 630.92028125970978 -127.91480815723988 -77.378604771917651
v 630.09071722173667 -121.99906931343649 -75.977746676305429
v 625.10653956290525 -115.077232908008 -79.139921359116357
v 622.36993505885971 -120.49817555442158 -81.846063066092654
v 626.02164342209517 -126.52638873809092 -81.722393917409789
v 625.28340797400028 -120.92207129597074 -80.238950186240999
v 619.18654286446645 -114.62657009153112 -81.858693106809227
v 616.04008397095618 -119.95718881039608 -83.929194525980876
v 619.56482215213964 -125.37516531088384 -84.794639361444354
v 619.23275733163382 -120.17649224465616 -83.080350539489501
v 613.02738869048949 -114.17748603014384 -83.090803811825026
v 609.98455354013095 -119.70810431421914 -84.636572488234236
v 612.90348033649002 -124.95416395366554 -86.333829891647127
v 612.94127477651296 -119.81074731557275 -84.410403861387721
v 607.21163766902532 -113.62549584155467 -83.208564589187858
v 604.37671977985678 -119.5698675617552 -84.662071774983929
v 606.9746330413368 -125.02379662132817 -86.793474867762342
v 607.12700682801187 -119.62457381766195 -84.697581804233437
v 601.76813796125634 -113.38459216720547 -83.054014034131711
v 601.65834272093639 -125.06965228052063 -86.742488254528752
v 601.72752089849746 -119.5518793219468 -84.593754736562573
v 601.57428597268267 -136.26833622359038 -91.12272033000508
v 604.140289244928 -130.50832004089443 -89.109472703361973
v 601.59648422606324 -130.4983212586605 -89.046394261374161
v 632.64040669138967 -141.21778127045121 -80.587436451731548
v 633.79859099330997 -135.08556161512365 -76.611569003703835
v 629.8179274786844 -133.51269097634344 -81.181251689928473
v 632.00861760918247 -134.31424407174279 -78.888492650836639
v 620.75711713220721 -137.53751179241357 -88.956907552433591
v 623.75474247772797 -131.86114570893312 -85.357716716458015
v 616.59891543160006 -130.72948927662401 -87.95590506405216
v 620.21474299734541 -131.19553299495828 -86.863908873235602
v 613.24353461457031 -136.55538260351199 -90.945026660567777
v 609.79936078401829 -130.47098009097294 -89.012797874657565
v 613.07704771421595 -130.51674006803881 -88.650987873032221
v 635.79088423421888 -142.96417144589401 -76.206785766951157
v 635.38686645447933 -135.89441047267928 -74.286804293250839
v 627.74435227119443 -139.28387804732472 -85.194686332928399
v 627.03778760701744 -132.66710018215787 -83.40471294880092
v 606.74322581805677 -136.32380793651026 -91.312828755373999
v 606.8402474944703 -130.48975770832618 -89.129243022779065
v 602.18430737107929 -59.66125482693483 -96.109840214230672
v 601.65542441607386 -81.104647989936652 -87.657759557440301
v 604.61468122881183 -71.288762141075708 -91.878334044351107
v 601.8421002451496 -71.098857040225937 -92.100519902676211
v 605.98905929587636 -47.199853858590167 -97.934976779898562
v 603.11692105944451 -32.030768308977095 -99.391282667898849
v 602.54622501509709 -46.836285697887845 -98.363226058209847
v 659.72337616017899 -53.229071704589302 -62.720605301754873
v 660.46496048270637 -41.323153322456172 -63.447705742362004
v 656.80669789379613 -47.969353441564955 -68.206109463119162
v 656.37392763500088 -59.489912058653417 -65.979012283434457
v 658.36086267681799 -50.564850729347356 -65.406019868047679
v 663.43416823661494 -37.098596067023948 -57.576231842395629
v 664.20517481308423 -26.144571321774016 -53.692063752487094
v 660.70703626310683 -28.742197536874166 -61.91389733178282
v 662.22264114909262 -32.836722782201925 -59.736542897685283
v 603.66910261228702 33.53667675961691 -64.054127100743784
v 607.95111698476694 42.630019029151953 -46.065959053921134
v 603.36689061529296 47.239936049628895 -27.232570981153614
v 603.50673004337818 43.311275770832466 -45.891267411207224
v 601.70044285665813 -98.510040123923588 -83.179285858435833
v 604.19798556729233 -90.236047825342979 -84.584114762303557
v 601.64877450827225 -90.145125884502818 -84.505069365432604
v 651.47423729399338 3.0816777837626148 -60.58707328165876
v 657.08838607462565 6.7441743067767419 -46.545852760086603
v 654.85248613929014 18.375604588109923 -31.955368990534573
v 650.17200355041587 17.706260271196129 -47.076972284802302
v 653.96579987171242 12.310386341962328 -46.81903719191115
v 645.21787007934972 -3.9932261037590138 -72.611386335243679
v 643.7515414885836 12.992145414807752 -62.440232750166444
v 636.81095138633373 4.5281044921873672 -75.605603005002962
v 638.95470943371447 -13.787607394657471 -82.017752682083227
v 641.28753536333693 0.28881218925251062 -74.186864311974773
v 640.94695483356008 -31.0220155683378 -84.367657871311053
v 633.16297462603711 -25.498669125887147 -88.848583424810698
v 635.54541173832285 -42.041702172994775 -88.282934612643601
v 637.22740784253654 -28.18396408952168 -86.675785851994448
v 638.05103958865811 -68.45011264896813 -80.343961320228942
v 642.95288277751524 -59.919022476104473 -79.320640975808629
v 642.31712288705216 -46.667956916595543 -83.066428790063327
v 636.68555995937118 -56.366656080853517 -84.536225857920016
v 639.9569797102738 -58.147300457633591 -81.93892256999726
v 633.35921866777687 -77.124558568070995 -81.10734920736445
v 635.21597817629936 -86.407805938455866 -76.818625125753954
v 639.48507546168275 -78.583639237743981 -76.065056616864865
v 636.57877870604034 -77.850355339702702 -78.576939686229281
v 632.41584074016453 -101.63554463169957 -74.697292576804472
v 636.47869520157428 -94.394847539241567 -73.033452156120859
v 630.91353566978182 -94.026567033802223 -77.918228045638529
v 633.85590458716774 -94.218457538779774 -75.500520109420023
v 633.3371639375863 22.326104312312083 -63.501730263116421
v 640.05251831372459 27.636390579265893 -47.091001676620991
v 634.18639065258412 36.646728603940332 -29.579366501265575
v 628.10837492199857 35.331147203696503 -46.559415701537915
v 634.06846243149971 31.825162719334571 -46.840792915455999
v 627.09854575743452 11.755693133295622 -77.49098342965695
v 622.49192977032658 28.595843104153744 -63.741282427426796
v 617.91813275265656 16.358864563844392 -78.491961997506678
v 622.06652703528289 -2.1800258833894759 -88.079119722633521
v 622.43346799094934 14.412666187444572 -78.044863340247161
v 624.81585726217156 -21.094660041940664 -92.480760673945639
v 616.77463565717562 -17.701293420634613 -95.220785814018541
v 618.85677441500002 -35.279343952144373 -96.072811231220697
v 620.78615665764278 -19.266796535663488 -93.938083184541597
v 623.14964870885342 -63.764630668976864 -89.854238456600086
v 629.24766200390695 -52.947981537051078 -89.584008210435655
v 627.32832638456171 -38.013054071859017 -92.798784142367083
v 621.00316372086331 -50.417045764219345 -93.750749540845277
v 625.15270618900945 -51.557624554837666 -91.83703524643991
v 617.48014781795939 -74.135640296074428 -89.008025728591321
v 620.36209347237195 -84.733799291816595 -85.259821940638886
v 625.71459947770586 -75.687078138487138 -85.824394328881311
v 621.53295565607186 -74.945087166921567 -87.665605491824863
v 619.62050914984457 -100.50651945787304 -82.138407843776918
v 623.78698735440594 -93.419296496546451 -81.993114534473307
v 615.98501890707462 -92.467020131156659 -84.114722169536861
v 619.81704023796419 -92.987722264334366 -83.307141100159214
v 661.37379716260125 -16.499836876941345 -56.619458417053799
v 665.56228225629013 -16.285700277519879 -45.920952790997362
v 666.23564522252263 -6.8962696670956944 -34.959147892825037
v 662.30401879780038 -4.7401686253782742 -46.401767437631833
v 664.23053057664401 -10.509872623396589 -46.305846105674703
v 656.85482600349621 -20.743099988131782 -65.884657746301059
v 657.12924234270122 -6.8019510107598222 -58.645336084413529
v 651.60694840364363 -12.313959121203553 -69.495904530233446
v 652.10095522348865 -27.612239462312971 -73.685466047846859
v 654.3824955332318 -16.543922416790949 -67.760493878822615
v 652.77757138202708 -42.548219430898072 -74.069270978333634
v 647.22839076538344 -36.657453622147813 -79.603860070664496
v 647.96853985601115 -51.280265990238519 -77.585971860879283
v 650.1255020368684 -39.597358724772782 -76.937821135016463
v 648.97645537804237 -72.935953871723996 -70.009239139659769
v 652.82110674964861 -66.089873790063166 -68.333223168361144
v 652.53750492628592 -55.608327386164135 -71.652723187900705
v 648.15473727445351 -63.304256116646059 -73.827266959528146
v 650.53157698233076 -64.747429632765019 -71.065510016442005
v 644.77443126343405 -79.952372059336611 -71.105756310960089
v 645.3742146742801 -87.741638704356362 -67.031264510897671
v 649.6749827435815 -80.94107939444477 -65.949207300985904
v 647.27407898085426 -80.490727544879505 -68.580525584929404
v 641.45450067432444 -102.58408939415035 -64.886525721718797
v 645.69637639467862 -95.26246914308615 -63.138616592515667
v 641.16228745956437 -94.816183783903114 -68.127207589438228
v 643.38660985757656 -95.045916569966991 -65.687875492599034
v 622.36615561485769 42.58528763494752 -28.550992944532027
v 617.35844015287284 40.036937715067211 -46.29493834323771
v 622.52082577257215 38.057465879128145 -46.391015158650589
v 612.89486894509264 31.789808173540948 -63.950969807959524
v 608.68332445888348 18.822655404306118 -79.287534959990921
v 613.53144213363191 1.244269985353128 -89.928105058366526
v 613.3600276037555 17.76259312325584 -78.913429805092363
v 608.33614186236832 -15.532992907770506 -97.283214053754932
v 610.94099207802969 -33.265737517526297 -98.206032284405239
v 612.65537658211133 -16.470151497151051 -96.365813823525656
v 615.31026855000573 -61.915119081547275 -92.998042171095989
v 613.1040300739287 -48.610304087398077 -96.436977405214492
v 616.95667090310917 -49.462066378751985 -95.28482107727271
v 610.54534648437118 -72.43290509091139 -90.789674767701086
v 612.81870597228658 -83.283617059921212 -86.910111380137067
v 613.82312909669542 -73.260005314123717 -89.994341010533446
v 612.78162914821337 -99.725107450131574 -83.248153069085305
v 609.59163488708168 -91.225903345970806 -84.610235982876418
v 612.59275263022494 -91.862715739826811 -84.491075854411491
v 667.08936899747255 -27.421497142855102 -44.36639331920302
v 668.03336885890803 -19.899422836479033 -35.939734207434519
v 666.46236402159752 -21.952665592057947 -45.191735383338326
v 657.11900435515065 -34.626959292177709 -68.60924218318732
v 658.93505111878767 -24.766413810707299 -63.949737900579002
v 654.98811555380303 -45.32993805765458 -71.127523994770883
v 653.62952503763415 -74.571855111428619 -64.56660057103042
v 656.81741429197973 -68.731370260227976 -62.878887459749976
v 654.9531915775791 -67.429734529942024 -65.594298372744561
v 650.01369747188892 -88.141039821485549 -61.71984201868996
v 653.91346174843989 -81.5897324514725 -60.510144851839755
v 651.92566556748307 -81.326319556831152 -63.204661180429291
v 646.27443996277748 -103.20387036946433 -59.369171372449046
v 650.7366237797213 -95.610058388639487 -57.261078837773447
v 648.16660185815704 -95.447039965375708 -60.340332997584511
v 645.76880776454573 28.514274091192675 -30.816925107366941
v 645.49989314762252 22.864746844234801 -47.181265802840485
v 630.47478527807175 -7.3418374103289068 -85.643590990328249
v 631.9549877772007 8.4281079740549245 -76.708064428420869
v 628.95209991471461 -23.142114028857797 -90.784926542166573
v 631.12140508990842 -65.961587978769842 -85.398967673305862
v 633.11140195977782 -54.595747360459129 -87.112730243564272
v 628.55894205634854 -85.700619340455731 -81.655763276470424
v 629.71459078191265 -76.404957214139301 -83.567827054191298
v 626.61458556088655 -101.16352078045023 -79.203765258117187
v 627.55542791214282 -93.767770801771221 -80.156041623507008
v 661.47818636276611 6.3986900680094863 -33.278282033732218
v 659.85058554754755 1.0388883005191616 -46.42343943931585
v 646.07609091425184 -20.637801807763864 -78.026157484489005
v 648.60008973290201 -8.157312255154423 -71.067268175519018
v 644.22287164441479 -33.829616210350565 -82.041792816401596
v 643.8094291752011 -70.902397713701376 -75.180618879263221
v 645.66547106777386 -61.672301764665363 -76.611688606362208
v 640.54590319974625 -87.10171664138457 -71.926421911155813
v 642.19278396348284 -79.302259849877601 -73.588420450901651
v 637.23061319377871 -102.03559160318358 -69.782663863775042
v 638.88687080592626 -94.590876296196328 -70.571562997926122
v 612.13060795855142 45.821352840056548 -27.783030255716461
v 612.52486616137367 41.527569565999912 -46.195608335519047
v 604.10053332130917 3.1131811239590803 -91.20116771358451
v 603.92586559912684 19.578424602107972 -79.489591690924044
v 603.8148264911606 -14.875130446053561 -97.868334178693402
v 608.44311447995233 -60.426257349957453 -95.061128225453103
v 609.46523879778965 -47.820639496233852 -97.302063432703193
v 606.89717835982128 -81.755525656408778 -87.55365740365545
v 607.48681946524357 -71.7464815143923 -91.4350028708281
v 606.9790344191623 -98.848730931699393 -83.317929259937955
v 606.82350312230824 -90.629684094342068 -84.625736487392203
v 641.67667457238383 -110.68953762665372 -61.993648384337718
v 644.20555317949277 -111.16294886873932 -59.001189873655449
v 637.49082073717773 -109.81555316138756 -67.093218687897462
v 639.50258529085795 -110.23141160429891 -64.637261821554489
v 633.24684001003743 -109.22208477089973 -71.983938829532661
v 635.42800976893477 -109.49264990450746 -69.528962704987691
v 628.41297897215827 -108.6603589259249 -76.79250390518115
v 630.92540025348512 -108.94568302756693 -74.444703722739433
v 622.63353931775441 -108.12592640757421 -80.366518381584513
v 625.66623216268908 -108.38333524876893 -78.808059863129529
v 616.10199030689262 -107.65383079472988 -82.305277472638011
v 619.36824322295672 -107.89576305194045 -81.523434895326659
v 609.98555820246065 -106.96970358925016 -82.78332929786572
v 612.97031430194841 -107.33276941878763 -82.682791303298188
v 604.41398796818316 -106.37877077511831 -82.684704945830987
v 607.14877451182258 -106.61859802554278 -82.757447282609434
v 601.75603417223624 -106.32136149913399 -82.609881522798105
v 661.49201243006564 -0.31068417521372282 -0.8470524539788773
v 665.34111302056044 -5.8939276289413129 -14.241910309429743
v 663.87253589981856 -15.670512044284649 -6.0993134912582168
v 660.51720292385198 -11.271717636240055 6.4595636436015109
v 662.93068888623247 -8.070935215329726 -3.3977166852973415
v 664.49379994809533 1.9913321096305481 -22.892148650492537
v 667.72493752368246 -12.742304081641535 -26.079607335268207
v 666.58368895817762 -5.4231715658699784 -24.515258385891904
v 657.90493734337588 -7.8039342409393271 17.564715317813622
v 659.48278345274139 -22.042295824188436 10.451870477012632
v 657.47154515075749 -19.483660075694274 20.325847337010188
v 658.91916788576532 -15.042334962357984 14.061933194627755
v 654.27939804177663 -45.471906413057425 41.783682521001793
v 655.71180731864843 -47.122997190366249 35.293686463700084
v 655.25870460794226 -49.625156563610808 39.095391510776835
v 654.98687168615652 -39.24115808782178 33.747101499147959
v 656.83262775011553 -40.169513921551442 24.780107477841682
v 656.146156332533 -43.935084015489082 30.409574368936035
v 654.9883069180562 -18.460578936590522 30.677379671203482
v 656.89070680098621 -30.431250197927596 22.453907535489066
v 654.81402192438054 -29.84055658911236 32.361256527218998
v 656.01980808430426 -24.611313083423042 26.508117714770123
v 668.34768464492231 -25.480680886078773 -28.486485250777491
v 667.02071707160815 -20.433089897816522 -18.702425669290392
v 668.19669824908351 -19.440124708072901 -27.459445263684039
v 664.90446763563637 -29.14501929003076 -10.837295058110522
v 661.91535799938652 -25.580333820974907 0.26833801680132119
v 664.50642998881176 -22.69369974235709 -8.6979623090868277
v 658.86496396102348 -32.255884432430655 13.097672642876233
v 660.12619791333555 -28.754229564299223 7.210195907229318
v 657.74648774165917 -36.145195436646148 18.884883480003296
v 650.59372252358389 -29.47473989843396 48.783455008645433
v 648.87967290694542 -20.227516848729323 48.93415136803776
v 652.15621165162349 -18.689689788831252 40.503220946334721
v 652.78001127625635 -29.492393250799147 41.096898641474638
v 651.20613597514648 -24.430593466730727 44.981826208263385
v 648.12282728521905 -31.580129413031976 57.028284441549317
v 651.96317296112625 -37.645969593002668 48.473310365339501
v 650.42584823239304 -34.175220051776158 52.56114234690213
v 653.42605699533306 -38.412431268456572 41.464584123688866
v 653.21526927034392 -41.512269045761144 44.926983904332815
v 653.92164257026775 -34.543524477747162 37.36564105517013
v 651.04912160532945 -7.3618828158601275 38.608088419929601
v 654.85593069584911 -6.1472699797537445 28.051368755222114
v 653.47370669440011 -12.346156156818097 34.759206104286136
v 653.54307623621457 4.9478859022909916 23.774613909641062
v 657.52833249291871 3.5169357778503212 12.021135095645036
v 656.16256581725202 -0.82141144668914023 20.71173933388431
v 655.88652288189428 13.228360664951481 3.6128888131218826
v 660.64422094696738 9.0204999406180661 -9.9834875612997127
v 659.12163126573682 6.9629754098719445 1.4392659819634286
v 658.10988845863994 15.273590042424232 -19.852160043401646
v 661.5263623135296 8.9517044915634898 -21.311557660119071
v 602.16555367425781 -23.011723210778385 75.05861018287311
v 604.98607140336685 -33.434138060413609 76.126611090368044
v 602.10603939148723 -33.579455290248887 76.635044980870532
v 612.67958416015131 -12.829135611567679 70.486711109886869
v 618.00128052070704 -3.4735764739743189 65.584726266631321
v 622.17015077843439 -13.090634863676243 67.926001750304465
v 616.62513233429968 -22.190268233037884 73.383965157045225
v 617.13631409587674 -12.888554212211446 69.463207623896039
v 606.05043938011613 7.7717285853010765 63.934135017300086
v 602.37533673691701 -2.6212640103921672 68.311958407365751
v 602.78160304663288 18.606485559693567 57.623906053644816
v 602.5471339953001 7.892622952311342 64.29056981383053
v 606.9113393145642 27.947285729252698 47.273513308530127
v 603.19968609898865 35.948344761591201 34.496454014331889
v 603.01597641583885 28.224261565345316 47.595799116686734
v 627.75238956983253 40.800576767785174 -13.048156176931004
v 621.39254213522702 41.246168431550103 2.7006793382628
v 616.59910679585369 44.933901115465716 -11.675715672931021
v 621.95151711906101 43.263721753892142 -12.266199977094283
v 607.49959302915022 41.264443717738473 19.597951538725312
v 603.3578008132622 45.403126264510817 4.6588200400939268
v 603.34206110342984 41.800311467988749 19.933042306486215
v 630.19941211760022 -29.374704235031274 71.147296027113384
v 636.04917813508496 -22.211079095582257 64.007827354255852
v 639.93042792013102 -29.554108222482256 65.389885500455989
v 635.06188211134486 -29.31447233631107 68.578359873431367
v 605.41190470798051 -12.741706068349899 71.64238749356582
v 609.30688487819964 -2.8564028366112666 67.461749829294831
v 608.50679093523149 -22.883006829915232 74.206809020655271
v 608.83435869578534 -12.809831742517957 71.099576809001235
v 644.48044792933115 -1.9446956929171506 46.44934036037975
v 638.7923847058687 -7.6581864415341414 55.518682113976837
v 635.42159906644986 2.227379916052783 54.433211743203856
v 641.32585605505642 8.0949428090926432 43.400601323800828
v 640.35941873492379 0.13868693255351161 50.629037648749858
v 646.23363153576543 12.274457703408828 30.431031085835144
v 636.87792887498199 18.721710760700361 37.58864918177116
v 642.32750439779284 21.810784298757895 22.810230765164818
v 641.92176433977374 15.54370068593046 34.068345269144089
v 647.63829299591157 22.519693175037446 8.045668316522649
v 637.46532145042818 29.701354395358294 12.412618516794709
v 643.72183218826183 29.071670319937041 -2.7898899956804986
v 642.72683375332713 26.215439237059186 10.231795605606505
v 611.79935643612203 44.101323090503243 4.0100354201420867
v 607.53566519089372 46.754971190751391 -10.952717603503602
v 611.8498287579248 46.023959743217787 -11.253153501021965
v 653.07791757755172 20.576126057120263 -6.2261222097214688
v 649.95260443402913 25.913920935483247 -17.299223361575542
v 654.32202442919515 20.967633398801595 -18.526460258265516
v 631.46514312986449 28.19115554952765 28.179337619470886
v 626.24745324096693 35.63498579684348 16.203613145820583
v 632.61466819932366 35.895336863432306 0.32340906081577536
v 631.84524037794404 32.866997555259871 14.448704271040356
v 630.78206842777786 13.16571279253364 50.750361837813401
v 625.38803637948172 23.724355069973299 43.092086266714389
v 631.17814459100623 21.483910233622211 40.655522971414783
v 628.57209834876176 -4.9710974380251116 61.675356027827313
v 624.22430251421656 5.4566516901703039 59.984168646202356
v 629.89696091528958 4.0450054347793838 57.509228782316313
v 641.78713958759033 -16.128040053347945 56.376340068868416
v 646.8186798991087 -11.144101599833206 48.167152975654744
v 644.79265870855909 -23.827604704642191 56.925270671954991
v 645.67460871086814 -17.61242864551734 52.743178340352358
v 620.72951283867133 -30.609242874010555 75.353066694993004
v 626.42623529459468 -21.759076729332399 69.668983997502266
v 625.46329037208443 -29.788649035409804 73.422679790020482
v 644.56732730032058 -30.165660534905172 61.484754054613795
v 632.58505458112836 -14.128762017194248 63.032946045567421
v 637.39222030567475 -15.017122721988173 59.835253805781171
v 649.03769193909238 2.7476275591289294 35.334070301275347
v 648.01030510428973 -4.1654060906486166 42.437959893036151
v 651.11681670992766 14.36408358764281 17.14907215968725
v 650.13449615677268 9.0639874671761618 27.003144147277112
v 652.01809450181804 18.327309034688085 5.8222309781819472
v 639.56353480552821 34.221952150616275 -14.971247319747109
v 645.01244055345251 30.296066653492403 -16.105816076785786
v 633.71343390060008 37.736500185312536 -13.952370214082636
v 620.453517744377 32.423558739344415 31.755576705318617
v 616.10395179048896 39.314681182121276 18.441573236945487
v 620.96072869769841 37.79783242848913 17.523817188807755
v 619.46354262109082 16.456173286637821 55.014837227970034
v 615.15923431310375 26.596182339493566 45.972158644491188
v 619.98735442338432 25.420583890524796 44.833638514628817
v 614.00334638222284 7.1155644813320151 62.639752837841563
v 618.81979327305339 6.4449762967719124 61.542581753022993
v 627.41439245747461 -13.504077332889963 65.761633174831957
v 611.50078035994011 -32.965199957748432 76.581820302893675
v 615.91670186865326 -31.825601908928199 76.600406555993629
v 607.97494183430013 -33.347139086765708 76.005011067673877
v 602.22966069910683 -12.725057378314446 72.030075025347685
v 610.33111420282307 18.01473944748524 56.839751781203461
v 609.80242261207081 7.537905388323253 63.401646182306187
v 611.30822008007613 34.752270337521352 33.545110549676934
v 610.88377416629874 27.418833343817084 46.744285000848791
v 611.69597189828687 40.473104689358081 19.115665779393765
v 603.31747079688307 47.178795170705556 -10.756945992264216
v 667.27948938310738 -32.258491770381632 -21.555798248634773
v 664.75467726638067 -40.220345051329211 -13.847771709265816
v 664.96206827587389 -35.112187276903448 -12.360082083727308
v 668.40404141751355 -31.043878934275206 -36.093591067072481
v 668.27941544756425 -35.645902179304265 -29.412353349214492
v 668.37930758777702 -30.909110658902016 -29.089551754593927
v 665.91874601908921 -35.975503185049227 -50.623729315378853
v 667.62619356898938 -37.127420307674427 -42.987171344477403
v 667.44788992599479 -32.599813836640024 -43.656037250757947
v 662.54011444528601 -48.433914086936348 -58.556184262916162
v 664.70253050736164 -45.545605571102286 -53.770355652610725
v 664.2644977316013 -41.460911664286861 -55.596556681937486
v 659.4397743368163 -63.374821685043443 -60.54382496041724
v 661.58085328465131 -58.709313348988381 -57.546450780478835
v 660.83678122683136 -56.006341112457022 -60.074862937220374
v 657.11852594451739 -75.929106077824386 -59.274362345214158
v 654.14348158088376 -88.132380589024592 -56.122186444637165
v 656.79009704482382 -82.020804352519704 -55.034460068721927
v 655.5469470144468 -81.734308144826329 -57.92791149886294
v 655.45351341778223 -95.473185106480273 -50.083902717138955
v 653.28837041509735 -95.742195405530055 -53.877639237106415
v 662.4099389119915 -49.147583149016313 -9.978924719885514
v 666.92106413671195 -40.884259407556151 -23.170589619149347
v 664.73090025791043 -46.188852587974878 -18.003515575244748
v 664.70688404412363 -43.752618199985619 -15.994609525097838
v 668.24674000131631 -39.478401920826954 -35.884866487939085
v 667.78679601855549 -42.598428626852666 -29.833276964704901
v 668.06269543072335 -39.542867753651002 -29.64229543993045
v 666.44767681515805 -43.825312695700752 -48.069686308963497
v 667.61098011085346 -43.47511611219646 -41.597699421935438
v 667.66231357179606 -40.72762776624559 -42.308521940747887
v 663.23194406196012 -55.163859987387241 -54.341697551312897
v 664.83796855762125 -51.744061178596809 -50.533967520324232
v 664.84055197504051 -48.995926978291116 -52.081984726709564
v 660.89342504580259 -66.655857489673494 -55.229627686536887
v 662.08902105923926 -62.850914200623322 -53.315064213257628
v 661.94564139246825 -61.07883337417752 -55.267757014003209
v 659.3011309353144 -71.107061782585433 -57.395823192614955
v 658.63671424792255 -77.543359236376631 -53.209347423585648
v 660.03797899257302 -72.940331329017837 -51.921131111561039
v 659.82355534677151 -72.202143721986189 -54.474169455646695
v 658.29608587708231 -69.945672129422817 -60.194046986216918
v 656.89448624498846 -88.040549667981381 -49.448968085018279
v 657.85326899498978 -82.901988897815599 -48.492481706056282
v 657.55206166032553 -82.606594252344649 -51.594783298121854
v 656.34675391103497 -100.17799487605291 -41.488896883679374
v 656.95792349495127 -92.811332263872671 -43.175234564389392
v 656.64260304660752 -94.234651738713708 -46.352072533107908
v 655.22153210174247 -107.19556124918525 -27.044352277785833
v 655.87561511945705 -101.08759701296098 -33.055713446900555
v 655.62645886168502 -104.43163949798382 -34.584624128622323
v 657.98947250226252 -107.69803593723789 -13.440835624663693
v 658.21427765880435 -108.35360202791543 -21.015307855641268
v 656.03593052264318 -108.9595090948665 -19.719383152289197
v 660.79458540898281 -90.881662974849988 -9.1915624798936353
v 661.40159282039031 -99.517333712131773 -11.988662008507562
v 659.70213472806449 -100.21822921030524 -10.282536067981704
v 662.01204478835666 -75.545301147337611 -8.5234022292969929
v 662.02338312036363 -81.258098200536466 -11.341079395271622
v 661.52086059124758 -82.507013079043517 -8.7962099127478499
v 661.54296316250168 -64.253662018236611 -6.7991026648423958
v 661.65204078687179 -68.761390527461458 -10.466090267675712
v 661.93071498071231 -70.118306606413981 -7.6295756830187447
v 661.29007530179081 -56.795288087671437 -10.197731803113649
v 661.21539540194783 -56.796842922229345 -7.1435104796849647
v 662.72363276418241 -73.18271807632992 -14.092981079313747
v 663.66308772460229 -79.35167966828746 -15.66390817489655
v 662.58187969356436 -88.546205786744864 -13.238605469875994
v 662.85462159555323 -80.127422510025454 -13.640781368677724
v 661.25850019999939 -62.599987823508513 -12.161075220580885
v 661.77590129980786 -67.066788303062879 -15.580760406845984
v 661.57788713872537 -67.776199510507354 -13.198478778016119
v 662.88045576974605 -51.716480805592667 -15.272484555076014
v 661.90196250165673 -57.219686160385464 -14.928656813126269
v 661.53329926771085 -56.967228869244465 -12.771293963363748
v 666.50159369351991 -45.940772754127686 -24.622637652514236
v 664.70903689197303 -49.525360105524783 -20.585683146759521
v 664.71425156787507 -48.011668862071758 -19.515329056962443
v 667.82736524025108 -44.834615608568264 -35.288802719766167
v 667.37163127106214 -46.736226113953599 -29.732697109206953
v 667.53630021101071 -44.936301788655477 -29.912699109949429
v 666.33233201149278 -48.92543317148872 -45.658305353369144
v 667.19634161505678 -48.274244538104995 -39.5366346525037
v 667.40157977670083 -45.995000599401187 -40.617388193440014
v 663.30858544539922 -59.282353605438487 -50.90131512502893
v 664.7673551481605 -55.830596966350072 -47.304695746206718
v 664.80514958818344 -53.929058222559718 -49.021173296808513
v 661.2026218380413 -68.268292687819567 -51.239180674462375
v 662.15379785897471 -64.674065362163418 -49.801783966739386
v 662.1681501779708 -63.944560908124458 -51.625879989280051
v 658.9850928710207 -77.94319092307569 -48.291872167288631
v 660.14150705359793 -72.856633388739041 -48.21271912802527
v 660.10275579230859 -73.054934596201505 -49.892048092958852
v 657.3642376457301 -86.785008802204473 -44.008279039719184
v 658.01851202769808 -81.439511512646916 -44.996711288713279
v 657.98487976018396 -82.391285546871828 -46.455648435196267
v 656.52347879893978 -95.624697754015514 -36.744684018329551
v 656.88745360868052 -90.182178788044467 -38.674897499447454
v 656.96074611768699 -91.458889324340575 -40.736931050411542
v 656.57988341259443 -100.42971063071242 -29.129122294092731
v 656.34876323569438 -96.910522012874125 -31.8708517720464
v 656.09951129579576 -98.574194989836172 -32.424008086554011
v 664.40601159690254 -110.66097651185157 -22.860017396340083
v 663.78632630371521 -106.99611185620302 -30.215269914918458
v 659.34198720338964 -105.23886175938661 -27.411245392388864
v 661.09335284941767 -108.66028716432997 -25.184800047191906
v 660.77253067879201 -101.40176927578513 -30.60195128933735
v 657.71778310366699 -98.447607536290747 -29.571777712596337
v 658.42339094657746 -101.58330219055385 -28.722682560522586
v 658.6984292196056 -95.035893867201395 -31.322826411579982
v 662.42113372080826 -96.461055222980306 -32.552180275321902
v 663.18879142284504 -92.001478743987306 -35.631458355664591
v 660.22542027866166 -91.552490364726665 -34.73376864352327
v 661.10134230699236 -93.832978171076803 -32.950989359292535
v 664.12456262138949 -101.28240582280111 -34.627477761091477
v 665.472532421501 -95.432998613291232 -37.243385242512865
v 663.26127063377533 -99.106115852362478 -33.537221788953147
v 668.05714586737815 -102.85632896497434 -34.196375959379651
v 667.76431071879483 -97.852034139016865 -39.437280724253327
v 665.87540201572097 -102.76978448142798 -34.8498250830053
v 664.05882900038739 -96.719947137137893 -15.531047561923303
v 665.08521117286023 -107.08315867091427 -16.050446026125584
v 663.09205679281149 -98.197948947353993 -13.771638637124498
v 663.96874427815533 -90.731848685062602 -16.200272276178751
v 664.70922825622642 -93.821376713221653 -17.815936746098885
v 665.93238072213558 -100.87812491721327 -19.010241050825847
v 664.47016646281509 -95.519973666407495 -16.906424311184502
v 663.77771491231761 -85.003048796183108 -16.536893957965894
v 663.21854856423033 -87.789623290866629 -17.163982655702071
v 664.17914927463789 -90.23341656686047 -17.256309927777238
v 663.76604169286747 -88.432559340827581 -16.479317238260009
v 664.2062751575404 -90.396769877567507 -18.91250773859548
v 665.85219910001069 -92.856924797216905 -20.236323781863284
v 664.78256860629631 -91.782510197170495 -18.396218943509069
v 667.41239185701102 -90.522496191973161 -22.935486673727773
v 669.96791793638931 -92.070274193041882 -26.263598084664984
v 667.43124123595931 -97.226033825471291 -23.258987943899399
v 667.9024757096638 -92.810518965796248 -22.929243414964482
v 671.05984236561085 -89.218396646926166 -29.485807321809872
v 672.2360149073395 -90.070733031039936 -33.980289836627882
v 670.61975242412791 -93.580999290569011 -30.753553638866364
v 671.35296456057415 -91.191433859848658 -29.948980576344937
v 668.75289845124462 -99.968187892861906 -27.970250276887334
v 667.98203539796532 -106.9194226317007 -22.635917895482173
v 667.572228849564 -102.59604965998048 -23.15981341963645
v 670.92201226218526 -93.10249297523977 -35.85375185638221
v 669.76392364239177 -99.066455610869994 -32.744058820033615
v 669.97475920844408 -96.314183158587113 -31.795191130405428
v 671.96657403871973 -88.930680492118142 -39.426875292981137
v 672.31988029133981 -86.177570821227164 -43.913015522382722
v 671.76597646021787 -90.709459067428739 -41.141905651417503
v 671.56911048465508 -89.793111340592461 -40.386088612552349
v 672.47072316398862 -87.129679742895306 -37.187022489788632
v 672.86014941941562 -84.98740476847739 -41.546760649765211
v 672.58094897387866 -87.956851727702599 -38.232415504798368
v 668.52938500341224 -106.81170847763511 -28.593972159792301
v 667.33029659235331 -109.62268191461199 -22.141791472978838
v 670.9195245268927 -96.267298916533278 -37.621820013641965
v 669.37516716185132 -101.41999672091018 -33.452638789002947
v 673.18680819976635 -87.477651716955222 -45.525091912553862
v 671.35746162052624 -92.961361838445015 -43.195112526198955
v 672.19200112908493 -91.753111863760211 -41.957918708205376
v 670.30285322069449 -88.396008768450926 -47.333723311376289
v 667.72565513963218 -92.622862394922507 -43.100542704280585
v 669.22355883218938 -93.288116300922397 -43.818888230300139
v 663.16826760668084 -72.188604701066581 -18.28976061735564
v 663.97118417238471 -79.385216253674969 -20.474847363312286
v 664.31324777512464 -79.010716410003965 -17.863155875595965
v 661.95415710173938 -61.76087949340284 -16.370598421864713
v 662.60053770825925 -65.709250290287201 -18.772973297289056
v 661.99501336981484 -66.341493862596096 -17.459179956786826
v 664.78266428842289 -61.035345847619439 -19.049985014179185
v 665.17850124633492 -65.337429546162141 -21.671280595357032
v 663.24376080460024 -69.311562755644474 -21.830740839536368
v 663.90277145183677 -65.409478187522453 -20.101382082635638
v 667.34187412967685 -61.141481246595433 -22.871929821106797
v 664.10451721585832 -64.130112472212076 -24.21528295860805
v 663.76039644739581 -68.220116737056074 -24.018787751285913
v 664.87341878554162 -64.685977786930167 -23.081569360576225
v 663.51320167322001 -53.516309448764169 -18.678738362813945
v 663.89425574256575 -57.301279093878193 -18.19176417927703
v 662.50093261442657 -57.419398679215888 -16.744751417826649
v 668.14694354323024 -53.057130923016331 -21.881494227586202
v 669.08013132435531 -57.584258983417527 -21.531722233518884
v 666.28568697475566 -57.022246092062773 -19.475435590286224
v 671.46720901978301 -55.163907828450625 -25.714167392963446
v 668.02743656705616 -57.776699660623279 -24.895349653838458
v 669.62920320808189 -58.012890990235398 -23.644120463893309
v 666.4778166850499 -48.805519546276493 -24.960359678757769
v 666.12977294939492 -50.437713103573792 -23.317479623941281
v 665.02789757900268 -50.629771052272979 -21.476316302061136
v 673.25435978117468 -51.270147605346338 -27.444758057244712
v 675.56029903321109 -52.396804646538421 -32.516724067268633
v 672.2438608417242 -53.783142979432917 -30.171525242644925
v 673.52868043825288 -52.925496237290616 -28.916935218001548
v 668.15636823270438 -49.600446654405928 -26.914039201434285
v 671.81238229163876 -48.089912921132033 -32.718439930625621
v 670.12641537916943 -49.741888758112282 -26.841900858080258
v 667.41889824162263 -48.777891332209009 -28.711350208648582
v 668.341082578184 -49.069697897930943 -33.425088316663377
v 667.53673078058046 -49.263597727567948 -27.723498032547255
v 667.66867643321768 -48.422001662169613 -34.07883644693468
v 667.3688564893896 -48.049678586879693 -29.295794578567623
v 673.9134182694745 -83.061754128773629 -46.896491873426584
v 675.12972946332889 -79.34323572061146 -49.311161902124262
v 673.1645142642592 -83.75174186451008 -49.24554788378051
v 674.24065114258519 -83.452998344606726 -47.924967092419692
v 675.79452887922719 -75.191803530464256 -48.982206750734179
v 676.97103630839888 -70.831760383709067 -50.648678429900414
v 674.87526284752835 -74.702150247381411 -51.581387800392228
v 676.15065775458311 -75.04885443326333 -50.368413520704493
v 677.03351673709517 -67.937758781339923 -48.319093732317867
v 677.50283756826707 -63.681124092951464 -48.585054163581063
v 675.74644861059028 -66.564528899795178 -51.38578961300729
v 677.37457567750539 -67.169000734846662 -50.020979758606956
v 677.11522927324631 -61.271010925535066 -45.184248256928683
v 677.64712621524086 -56.447268272548229 -41.657213704705896
v 676.22232366743697 -58.485441093181272 -48.114202418383059
v 677.75103700477257 -59.965284784335218 -46.153699564050441
v 675.92398679657163 -54.792063163793884 -37.098923171684376
v 676.37240108307265 -51.217450674099041 -37.427920184004911
v 676.97323699731169 -53.740396989356285 -36.755155231063767
v 670.10440849004203 -50.0615866637499 -38.956765084264639
v 673.02921973718946 -52.861963305201336 -44.672241237009459
v 672.86349829384812 -49.314309254687444 -38.663929935681324
v 670.67400418993304 -58.824801675843531 -48.285198338955489
v 673.29100603567804 -62.810895151155933 -50.611852771409694
v 673.08213195322173 -58.111611024396765 -49.041362225529653
v 670.89684786287887 -66.876620076364887 -50.609388956648644
v 672.89985750197161 -70.087377358977491 -51.925317204601541
v 673.18680819976646 -66.495015834790848 -51.594926821311816
v 670.64563443938414 -74.273685684285155 -50.333310140493261
v 671.98819819934067 -79.108479622898955 -50.76414283622384
v 672.53100290377233 -74.448807896568965 -51.589090211586765
v 669.80348820175766 -83.265198250543037 -48.693318489874713
v 671.27058224953669 -83.661513619088069 -49.535620210957035
v 667.66389232688573 -52.375371850170936 -38.987371404523813
v 668.72361972049271 -55.27343994292233 -43.133816163819866
v 668.56756217194197 -51.253427153715876 -38.69442861354797
v 668.55598463461843 -60.823194652325768 -44.358571305350154
v 669.68350281495032 -64.078133156914632 -47.766254364854817
v 669.23489716419635 -59.977723460798465 -46.292139641033472
v 668.83317575549609 -67.673628270748736 -46.954810129613975
v 669.75947442350298 -70.403295820612811 -48.875700583517421
v 669.69484114695729 -67.374214975958893 -48.695375655597502
v 668.66855465661115 -73.811588853674763 -47.282413770965292
v 669.77296560335935 -78.212416506910472 -47.893990003919839
v 669.8281741904309 -74.038905666040975 -48.522860781264669
v 668.28276432199664 -81.937728346064119 -45.242207705141169
v 668.24386953751718 -87.141592167662068 -44.970063816443819
v 669.20863242043356 -82.64852694434488 -46.970573759978024
v 666.34170885990352 -90.123382121223884 -39.652816674776872
v 667.0221044624443 -91.448866621575007 -41.452059264922788
v 665.42392590116765 -85.523655247234188 -42.418939114890982
v 662.28430827971238 -88.667626405451685 -38.818253245686634
v 664.54824307815375 -89.168043927781611 -39.053595396424825
v 660.34435316207578 -84.650842888019341 -41.056987764024043
v 658.16777614525722 -88.492575954762842 -36.575123329656769
v 660.05974667638361 -88.496235796106845 -37.69469391334448
v 656.80177026427396 -93.092637716195782 -33.689308529248258
v 657.02628837443581 -95.937434784940038 -31.226133642476803
v 657.30898121759515 -84.661894173646331 -40.928761754059934
v 656.93089329417535 -89.127163739174421 -37.063215798048795
v 659.0298242652251 -80.211981589444022 -43.048025177020762
v 659.28299917231584 -76.790006012272499 -45.668363936932202
v 658.10137274936869 -80.620783475515637 -43.790183592307947
v 661.07981382849823 -72.786570151506524 -46.259583797443987
v 661.12215316953666 -68.856809528253734 -47.608929028126099
v 660.36650357439316 -72.750450148699713 -46.931475650979579
v 662.47117547304128 -66.095614717661618 -45.837458175237657
v 663.24797081817246 -61.717702933756314 -46.805510131257321
v 662.01247535792663 -65.385868622773899 -47.574555224130478
v 664.79768638230553 -59.069125986220072 -43.706521532826685
v 666.08575917114013 -53.46827702119063 -42.630851104868121
v 664.71080701131609 -57.577011062324509 -45.35317505151253
v 667.20705801324061 -51.948749168012533 -38.820633338586902
v 667.17687030228535 -50.261801513745176 -38.613756620524228
v 666.60957097343373 -77.484634331151014 -46.257634274113713
v 663.51052257367405 -81.223748317072548 -44.50691448244045
v 666.1549851897646 -81.535337162477404 -44.700981755799098
v 661.86450294907706 -76.784336846269042 -45.487464916252506
v 661.01594600896556 -80.63027992658472 -43.644256388915331
v 667.12524979496288 -70.294433481027554 -47.086791663048757
v 664.71358179298863 -73.388315045948744 -47.03916588451348
v 666.87638058357084 -73.63481612470639 -47.087557120061916
v 663.25844801103949 -69.610760765649374 -46.359176931010971
v 662.60479556289488 -73.028645931907036 -46.470216038977256
v 667.85501737485015 -64.711142186236629 -44.533107464608335
v 665.75828709271309 -67.192466776405226 -45.606577203654112
v 667.52032129586155 -67.589093111861843 -46.052109066089869
v 664.55695015167817 -63.725137871206059 -43.933646980939635
v 663.88937595410721 -66.697670579015437 -45.336813407856994
v 667.23533208166282 -57.36541003925899 -41.93921285244717
v 666.66477956050539 -61.029317873641091 -42.692075705652236
v 667.77751485227122 -61.145499895914341 -43.208328619941192
v 666.40418928860004 -56.896448016062145 -41.841605123007966
v 665.4367473061377 -60.253909919346327 -42.815110960246102
v 667.05128751106963 -54.283082091129629 -40.339515337410127
v 669.67713995352892 -57.442577674394556 -29.134175506405953
v 668.30898122469603 -61.543106973169003 -29.530102166311487
v 665.98969431599312 -62.087131624715369 -26.16195974564107
v 667.36230226371481 -59.328591993137529 -27.305020291419154
v 674.76326691829559 -56.214090929925277 -33.665429858518557
v 673.23187448141414 -58.685536340518233 -32.376603572936574
v 672.41565810010729 -56.288603386046574 -31.250562485434699
v 676.4033064099774 -59.879888486308552 -40.650984580156681
v 676.30743291908368 -59.431019709706192 -35.850743849525962
v 676.01254060477754 -57.54639278179954 -36.842441251091614
v 676.52137815425181 -65.737069868607946 -45.607091495084802
v 676.9929953564631 -64.046605896186563 -41.700043416643354
v 676.42665284887789 -62.764106591228696 -43.867554551962684
v 675.59445755242177 -71.665486594191236 -47.698463578129946
v 676.40459811868698 -69.360264958104509 -44.890444326813153
v 676.16199608659008 -68.619087284615389 -46.903081979898978
v 674.14176366470201 -78.995120223361582 -46.99374079489084
v 675.04557703294847 -75.23112888451351 -45.935065904676861
v 674.95424844307013 -75.188263291778554 -47.687173087186409
v 673.20685360529751 -82.233122991535069 -44.679728363419073
v 673.26206219236906 -82.637140771274659 -45.921215916845576
v 673.52255678214794 -81.17734248565192 -41.566710373169776
v 674.47191484267523 -78.463582089341841 -43.923839562958946
v 673.57479922329367 -81.762175564210423 -43.222346051493986
v 675.19584581283743 -75.296360174350681 -41.840122050045004
v 676.46703070631997 -72.551670530604056 -43.576633045912153
v 675.51910787769248 -75.313032784917795 -44.094165708644915
v 676.83177097307362 -70.824751667932631 -39.681939922073155
v 677.66602343525233 -67.672097356722503 -40.870228213087607
v 677.17995823191859 -70.109647373953052 -42.516295678747731
v 677.27281773582308 -62.537124666305729 -36.155658866597591
v 672.61668624817889 -61.73889652480716 -32.273577843076367
v 675.25172417479553 -60.543013464990651 -33.856429323691771
v 672.96099838089481 -64.901860585162837 -32.060703051699953
v 669.53194232635178 -64.892794703663625 -29.790620676621991
v 670.54311104068893 -63.244263423242458 -30.943691964899791
v 676.99782730385823 -66.109967036657707 -35.767452558285342
v 674.1693679582379 -69.319289087370677 -35.235657278550256
v 670.93172399803927 -67.300372294724056 -31.5314254079221
v 674.17233410416384 -66.989118336762445 -33.432049191376464
v 666.79505077592648 -68.174548124243486 -30.13269623962767
v 666.8845614053987 -65.817490696049305 -27.620872971592384
v 668.61942188458113 -66.727164594552349 -29.530706159735907
v 663.75455983767051 -66.956610334236345 -26.223740498786313
v 665.20634474518715 -64.816416446072864 -25.843039257282406
v 677.91082615626215 -65.04191529803289 -38.813768146000413
v 673.86146287470865 -73.088662545842297 -38.384502245093501
v 670.58454140152412 -71.587218614599252 -36.230703554548349
v 674.04249345831249 -71.307970327998916 -37.032388212871737
v 672.87277946013228 -77.505373432100356 -40.141788222707447
v 670.84427053428976 -74.160804695380975 -38.342402109371704
v 673.35123793439811 -75.027517319022465 -39.446358566018318
v 672.04187587238607 -83.812404332800156 -38.998028001378358
v 670.55564539927877 -79.937206442264127 -39.895263223418134
v 672.51808581667592 -80.568875921813174 -40.062467739722457
v 670.39891807584161 -88.41579104813384 -33.046695406464693
v 669.39947042201788 -86.322050832454337 -36.714418565646525
v 671.37305780716861 -86.697507497391726 -36.627497333726566
v 667.87769403886386 -88.790625779248103 -25.815913374379832
v 667.3164226839906 -88.58976507489794 -29.126323591888536
v 669.3732535193185 -88.520036725108667 -29.252187449351197
v 664.17436516830571 -90.157540640434533 -20.983631091590354
v 664.10332118927522 -89.481163687212714 -23.445717594171278
v 665.97089277810824 -89.717857347989707 -23.11774916471213
v 660.51294506921636 -88.568093073213888 -22.188442489849052
v 660.25766515533951 -87.312336922652051 -24.877803943865736
v 663.72652497456488 -88.485280192606538 -26.285933881102615
v 662.04849967860673 -88.746061828765264 -24.023607738415464
v 663.15305414854492 -86.507698078668582 -29.579414342328874
v 666.15206688490207 -86.875356650284786 -32.762160682367423
v 665.14161578651488 -87.966970112594808 -29.240239143786987
v 664.87973380589972 -83.343083501628385 -35.495470133176759
v 667.45047334341393 -82.424869973322643 -38.950151057260598
v 666.91790662653284 -85.056511184443494 -36.298039851171573
v 665.25815661676302 -78.05590446825822 -38.368953899514466
v 667.71474737719518 -75.597615350078328 -39.288172090149921
v 667.69130525616811 -79.095729979524066 -39.739349198057461
v 666.15474598444803 -71.710194067863981 -36.691269471132458
v 668.52149122796459 -72.721195338479376 -37.706678099706231
v 663.28064626442006 -74.352766961953506 -36.859771676279351
v 661.39676087299495 -72.259552997970516 -34.472873384839133
v 664.42356926714115 -69.610473719269422 -33.28146346444305
v 663.66552761883167 -71.656157586843733 -35.61518043386986
v 663.61338085981242 -79.67001410362046 -36.136127752497117
v 662.19025274922478 -76.701858853104895 -35.356091175326085
v 663.45698842381853 -77.182805062663476 -36.95385710743156
v 662.75181115047803 -83.38996774368222 -32.315390932418268
v 662.42261679377123 -80.303860351550568 -33.319706414434663
v 663.40493734692609 -81.696083135233451 -34.572950909172192
v 660.61269368623925 -85.470599508011972 -27.655677345157876
v 660.76789009565005 -83.18465782044332 -29.690644814548456
v 661.78446485014229 -84.736574073489251 -29.834754057534909
v 659.09809346258317 -83.660987367391527 -27.055200238893633
v 658.6317387773372 -80.965621859928092 -27.253387823830707
v 660.74253433209037 -80.47151935795641 -30.448261873421025
v 659.65391093623771 -81.983249117813287 -28.758688940803978
v 657.89723493218116 -85.050028720363599 -24.237786198767324
v 659.23922459937774 -85.482153124803858 -25.861033477223742
v 661.18999179732486 -78.205670916982271 -30.173594368633545
v 662.06165597101995 -77.921255795543331 -32.773493034241433
v 661.72939978626073 -79.184977483147989 -31.775665996437816
v 663.52377454821362 -68.356224562202158 -28.686993127285646
v 660.89021969456007 -69.821979060208278 -27.914413775859678
v 662.17059007220018 -69.635614198044252 -25.629225585038327
v 662.01104012602696 -68.463603828824532 -26.927153632917012
v 661.99290836302862 -69.376196032190109 -30.633807457375752
v 664.37898139612662 -68.748377758238334 -30.697519793452493
v 659.93717787215724 -72.091367739868133 -31.106363540454502
v 660.80410578058354 -72.525023058334611 -28.233423966212086
v 660.37401462133448 -70.888164997363603 -29.426472443026881
v 660.56552239780535 -75.170131528780132 -33.377641942115524
v 660.26345392400117 -74.764893801925865 -30.931600136145626
v 659.92124679807148 -73.619602666570515 -32.51991147811237
v 661.33207975538585 -76.331090612372876 -31.600890631863116
v 661.5480343152135 -76.565966312743697 -33.391767016060825
v 662.54451582311128 -72.43876562116823 -26.277418171831627
v 663.15128402920209 -71.455081597708713 -24.33355204726864
v 663.18123253484055 -70.808437865340423 -25.071649952306515
v 661.28964473222084 -74.696361478719595 -28.818149402378154
v 661.78135518102658 -74.396230567979984 -26.806319067235819
v 661.8061846928897 -73.613718215782157 -27.550253581998803
v 661.46852246797539 -76.510398917697202 -29.464685492353979
v 661.19362771813712 -75.677677369544767 -30.136673028016162
v 659.36356352294706 -78.111591465963016 -27.511466439911864
v 660.60795742097048 -76.130516954402722 -27.254242982837624
v 660.79104517029702 -77.199669037483844 -28.652493740498812
v 658.82252893785835 -75.772952847147096 -24.951204095264849
v 661.15951703998974 -73.481940006866495 -24.732785720676212
v 660.68785199671538 -74.935399351599301 -25.972090525588804
v 660.58107074338432 -72.404272214514322 -22.413193825194682
v 662.10064643762587 -71.718327048628439 -23.405423458589787
v 656.88673599273056 -82.296105751396169 -24.085735339269668
v 657.25477729285353 -79.068436652899862 -24.507436372039024
v 657.87781146047314 -79.989807691384755 -25.771092278181634
v 657.68549038592573 -86.344894940189761 -21.697330054334891
v 655.8149048101036 -83.8505815013297 -21.528361398820628
v 656.73948119983106 -84.415847584990246 -22.821385737708923
v 661.2844300563188 -89.146706813540774 -19.850766672432457
v 658.65637692494693 -87.351877561486234 -19.304511431308768
v 659.39504294261178 -87.971180126167013 -20.656804867517991
v 662.3200933950759 -88.903243642303963 -18.173817800399014
v 662.96255103440353 -89.786533194385925 -19.33033364523591
v 662.44486288821508 -84.929517081859871 -18.631291988266099
v 660.60145103635887 -87.044307365400286 -17.918615628249945
v 662.15446763386115 -87.529439667999384 -17.641550090163619
v 658.52505320613295 -84.546477608386198 -17.496286681524559
v 656.25729112262593 -85.398168138145124 -18.618201477315026
v 658.45099524011334 -86.518988569612176 -18.102696079640538
v 655.35969709261133 -80.867739044374829 -21.501044151664743
v 657.15373696712118 -76.212253411085371 -21.896887089709509
v 656.81157768225455 -78.01925821375491 -23.263819891294723
v 655.01308858885591 -82.310888639962116 -17.994940064644531
v 655.00194162110233 -83.384322498210452 -19.928263214878285
v 657.75892641812243 -76.796823363795625 -18.741571619352207
v 661.09459671706418 -74.834143741081974 -20.395269734611929
v 658.87501058432053 -74.102223313345306 -20.681813783368654
v 661.03613493768671 -80.293789807721666 -19.381577404184796
v 662.88413953162171 -79.914362334528704 -20.781753764644634
v 658.15935611811301 -80.897735391076623 -17.573442356394303
v 608.99558307917459 -92.040971541758111 82.894846286840732
v 605.60145100085538 -91.81530524607642 84.295477137402145
v 607.55355774857526 -91.372512284515778 84.438021080598105
v 608.92573512672698 -93.757556734752356 78.388212141939334
v 609.49408695897159 -92.786622354667671 80.631188069546738
v 605.09567527943364 -94.035226266263138 79.837089209826047
v 606.95119092030984 -94.516076793695063 78.10895488513961
v 604.67634835943147 -92.981885654609314 82.392331232890854
v 631.72970421002537 -56.519914927199984 57.115721833691509
v 629.91217437342539 -57.197559668599808 56.976501723121373
v 629.27584039020257 -56.293243969188595 57.922876818598979
v 631.864855213905 -55.565294349707514 58.115798896504316
v 630.60429103647948 -56.392753380894739 57.551342373337263
v 637.81771872284503 -54.724487661853971 60.212745584701246
v 635.41322688036871 -54.03363878697774 59.909096860774319
v 634.94007876413139 -53.424047958151 63.035328883255197
v 636.76574158149583 -54.092507215393326 61.670853641819285
v 630.88353932307996 -53.348817886079885 62.48024071133738
v 628.02288294184495 -53.060001386815458 65.163729020754431
v 631.76611125921204 -53.146498029298499 64.44919153124772
v 624.46810057289645 -53.449906052875576 62.521915276506597
v 621.38818859846469 -53.955849218018983 63.138392859102161
v 624.56249099082743 -53.219001160760342 64.498779634335335
v 619.14382079492134 -55.651097296772384 60.690278633398513
v 616.45323939378989 -57.004377454912571 61.750352687835509
v 618.52925449550935 -55.552759991117583 62.160388723837507
v 616.5821232183747 -57.799591609421924 60.635322893821744
v 615.89684782737538 -58.349596393883296 61.972621146746512
v 615.67395631336626 -57.916826135088215 61.851685946641219
v 617.63362194909064 -58.370144130579348 61.019335820806525
v 618.10122050198299 -58.493956802452175 61.599945430493783
v 616.80276620240784 -58.467213648056159 61.813535408390969
v 620.12494532149321 -58.506945651143624 60.942420472528276
v 621.54692524656139 -58.760814253652597 62.286453336230856
v 619.65151015887602 -58.478934708569618 61.755319001342279
v 623.84391821975692 -59.542896036280538 61.480427335010113
v 626.74911463094304 -60.347750165048936 63.224124815448526
v 623.90400659528723 -59.497829754632853 62.916688681795442
v 629.32124155929353 -60.533253888073247 61.354676259116665
v 633.00605593834655 -60.455942729747711 61.799915655677061
v 629.99895806228824 -60.673069395626698 62.902905847820072
v 633.5992851235178 -60.164471051469036 58.656727707992218
v 636.25484686629875 -59.867712935693469 58.361180942890229
v 635.03791373862134 -60.133972373602376 60.092813645331908
v 635.35136838549556 -59.472832799048064 55.874903681393107
v 637.60961009740186 -59.203368009896693 56.182452199497249
v 637.05006102080802 -59.539044830683295 57.043973694010106
v 636.50510346852707 -58.750743709823716 54.934046379804556
v 638.32579081530616 -58.560862529505606 55.314548034372365
v 638.02491836808508 -58.877091958052517 55.683574561392874
v 638.7025870300165 -57.827698234122636 54.677503162849433
v 637.24974961910698 -57.276808389989824 54.532324971104373
v 638.8556784326413 -57.079057354755548 55.431218932511484
v 638.79224118267871 -57.460111424101413 54.913102459302962
v 637.19210113780605 -56.375004346402925 55.262112733940228
v 638.81812319793494 -56.086474893518442 57.1211020845235
v 638.89591276689362 -56.630666988786402 56.108045143218618
v 636.82836553338211 -55.237319940115498 57.257162068606306
v 638.47768619134808 -55.413709940577284 58.580878318406178
v 605.03611315559988 -118.10370641471091 76.792023469890239
v 601.82229404493478 -118.12229266781084 76.267498536746587
v 601.90544181298526 -118.26866240103917 77.726221893477771
v 612.02875433474219 -118.29339623077574 73.681957422751111
v 608.57482092727275 -118.14004170230264 73.967459433347415
v 608.57778707319858 -118.14992088187826 75.465348175572444
v 617.24955389275556 -118.67612473733783 69.816093024662223
v 615.00365517518594 -118.5218851491933 70.254710358414968
v 614.94327975327576 -118.46720281381825 71.760889059893486
v 619.8188103573068 -119.05445186607442 66.418104881887814
v 618.69177058760806 -119.01586804850666 66.340399034789925
v 618.81893213391345 -118.9035372318307 67.929601042802744
v 620.40907339655223 -119.31499429691659 65.166839250507678
v 620.22282813704646 -119.3893153887846 63.992175944823536
v 620.30559317659049 -119.18410114767235 65.481035246984334
v 601.76445419938045 -118.8411285647294 76.115950008413847
v 604.84919812120756 -118.48488008671511 76.660804403402096
v 601.81425674629691 -118.65875843135258 77.593597495754693
v 608.35747897660895 -118.74334143130277 73.760603645749995
v 611.83222324662256 -118.66557578287568 73.510042056743032
v 608.38336099186517 -118.51470898969525 75.250479009868855
v 614.68637324324595 -119.05265782619993 70.093079325987446
v 616.91193950890454 -119.1418335682289 69.648466908987473
v 614.67757048759506 -118.88179346855161 71.600612527571229
v 618.39659122692217 -119.45808691730748 66.197767632150033
v 619.56836239082531 -119.35857750560133 66.268713312745774
v 618.47629443841379 -119.33855602060181 67.739099423694711
v 620.11657313541218 -119.61220690279369 63.951379197758449
v 620.17221229205359 -119.36173501578048 65.410703838166455
v 604.84986789609411 -117.95499246937986 73.856682703712693
v 601.77564900819743 -117.33011642082228 73.435033249589708
v 601.76866421295267 -117.98472569023339 74.742734329684765
v 612.2058141100905 -118.24768409477323 70.683207812242244
v 608.6355790776895 -117.42699457404582 71.126364814394094
v 608.55817223723739 -118.07507353831372 72.438116687022443
v 617.05364473845907 -118.83816241880355 66.469611766685034
v 615.040253588626 -117.93262677227769 67.145421728554766
v 615.01972977246157 -118.53944281943184 68.614791964424683
v 619.5094222008147 -119.31143013769925 62.986869501374763
v 618.33430216247916 -118.53590258074615 62.707425423501768
v 618.4771077364901 -119.07712853008825 64.496346654634692
v 620.40519827042328 -119.79565346009524 61.944767089222005
v 620.32353357533543 -119.57960321814095 60.268666928864654
v 620.18216323322417 -119.55321887171984 62.16707320428241
v 601.71694802350339 -119.36178285684373 73.376427947022421
v 604.76045294874848 -118.86024106952583 73.841331702519767
v 601.73354887247569 -118.8709813882412 74.759075042875111
v 608.30844188670551 -119.43887873038436 71.131118272544995
v 611.84198282353987 -119.08597912680248 70.67244731057832
v 608.35384305579646 -118.91320112662135 72.426954768936582
v 614.4146838446502 -119.87370615490222 67.336763556337417
v 616.7318179055037 -119.53582864520293 66.549850573830781
v 614.62389281454978 -119.27925702261635 68.640376094310113
v 617.89736973117522 -120.283201736392 63.153567761732511
v 619.34700179084234 -119.86153060428722 63.157555879669808
v 618.24311709579069 -119.7421432307715 64.636093670978369
v 620.15618553584136 -120.22383097681156 60.542153918038814
v 620.09045191483926 -119.89887055420871 62.273661271288226
v 605.73105244138992 -109.69418038374398 73.923264008555464
v 602.28247723301229 -108.28169690974495 75.631169038623511
v 602.03432563757019 -112.5261560475184 73.353991235841818
v 602.2081322206127 -109.66358602375065 74.774037335428545
v 613.74304315669724 -110.113722588531 70.310531909110352
v 609.96795269115887 -108.45593406235736 73.205089663840624
v 609.44548043863824 -112.68819372898413 70.983707996189366
v 609.82835246839022 -109.82894865911715 72.383211591696295
v 618.93738660669442 -111.06561622541425 64.456490563789202
v 616.84630157002903 -109.02287458323413 68.278636359246605
v 616.15916037756028 -113.24075801033315 66.518146151665064
v 616.67072486764368 -110.39093762994025 67.597709272393047
v 622.35854888578956 -115.10610498972177 58.411784827617282
v 621.55132662438677 -111.55979048898087 61.563851777647635
v 619.95898467283519 -114.78748350800883 61.105807795241269
v 620.93690384816466 -112.74553124337351 61.29075349711291
v 622.8479151224924 -121.04263077553783 55.665527267771964
v 624.03121598265579 -117.69717697914706 55.773971745569796
v 622.03739182772051 -118.55786162881016 57.520390326643849
v 623.12309691871064 -118.02452945491594 56.379989444979799
v 601.83774670838716 -128.30078985610766 71.747470389148759
v 604.80001750811425 -126.65998490741272 70.549755913626996
v 601.76139237132793 -123.94026829871926 71.284008593200554
v 601.83114464164896 -126.79135646729013 71.452010709732406
v 607.95733632299812 -128.25605846190325 69.333831933378974
v 610.88138211313242 -126.89608055489821 67.57591280919263
v 608.07846989532504 -123.97409193048669 69.191501406176428
v 607.96063735636733 -126.67125147782464 69.14802098102615
v 612.99461756211508 -128.75056761291313 66.107019115164462
v 614.97973464352594 -127.25237687397588 63.893513936639344
v 613.52464870264021 -124.5063237599246 65.793914306065574
v 613.13617926847951 -127.19030309431783 65.906534598550479
v 616.94987747211758 -127.84763930433819 61.627774446211724
v 619.19386254715414 -125.28871650946415 58.976667435254626
v 617.09033883402572 -124.23640448067172 61.511742861657119
v 616.96255535389741 -126.60137960484543 61.511705205507717
v 621.86358524467801 -124.08627922397277 56.250977795053984
v 620.75252439012831 -122.28018340150631 57.87703835228865
v 621.45339596777012 -123.47204781200395 56.823736611498759
v 604.76184033958475 -121.1992624168483 71.346074897692404
v 601.7497191518778 -121.20598408624481 72.148087715809538
v 611.56321294757288 -121.43471220997898 68.37410058479395
v 608.24988442520157 -121.22155635235553 70.003396767693971
v 615.9270355383303 -121.81770384238932 64.210807455086808
v 614.04496810731121 -121.61550358826624 66.326327782040778
v 618.95805394604872 -121.56275881595569 60.282826014815832
v 617.43833472861729 -121.80650903357237 62.037923450662156
v 621.12635445891283 -120.32601948806364 58.464056795669251
v 620.33506327159569 -121.11606680773441 59.030921069851331
v 620.08389768916436 -117.89389943151996 59.774215710392404
v 620.96120710833134 -119.13193046812164 58.748905850502808
v 617.49550479928507 -116.45649076353105 63.915874961762761
v 618.92600043362404 -116.97504004885938 61.535671522560499
v 612.82181564140217 -115.76341727921043 68.859032926698717
v 615.5596161720307 -116.05531952705903 66.453646680593408
v 605.16853721887037 -115.41135489423662 72.152515256716526
v 609.03835298978265 -115.52863726096625 70.664583435795009
v 601.90453283278225 -115.40224117167411 73.008568293436952
v 627.75387264279516 -48.61489682947682 69.649181534870763
v 619.77814545348474 -48.942177543650722 67.440931117826096
v 623.64336848231846 -48.409299859857995 68.801493582823525
v 612.71972281227693 -52.474929102940308 65.953451544456243
v 615.871539904879 -50.323540405959896 66.292579275693186
v 610.67777054764156 -56.976246909680228 66.59298003993058
v 611.07494705532645 -54.82052859646933 66.232870638603003
v 613.09149571533862 -61.461418357549562 67.438385449995792
v 611.18005387144103 -59.226714448796926 66.92356702008982
v 619.81383488672168 -65.100066110498574 67.684946330082596
v 616.31971498606299 -63.435866881840013 67.793152350080391
v 626.76265365186259 -67.598661324525807 66.463830099431107
v 623.30541921102417 -66.488892178685731 67.231617869358843
v 633.52316999177515 -68.46800520664992 64.342314969548568
v 630.18386377202114 -68.297380054318211 65.47510314201179
v 639.41221352224602 -67.313983077238632 61.442891442296165
v 636.64551698937203 -68.111852410762253 63.015350675379601
v 643.72054047955203 -64.39412338014489 57.568310626725349
v 641.77776273917948 -66.078535458056237 59.622215682024567
v 646.02403983735906 -60.5039751573213 53.131330079951766
v 645.15634647191962 -62.393553635281592 55.317545575996064
v 646.50905253730002 -58.022865851937638 51.327559781672619
v 646.41250927151964 -59.11486204275424 51.604006376002303
v 645.89592146978748 -55.361323976241621 53.960406737092484
v 646.31472213809298 -56.776127741811678 52.248727495638462
v 644.50436846099103 -52.771495854462671 58.565440231527617
v 645.31355220598994 -53.990605750521198 56.1097756441809
v 641.90057074872266 -50.501030750878108 63.501273841796824
v 643.41349653516249 -51.589056133439122 61.139982572938344
v 636.60145537005405 -49.0220003578006 67.705100125522847
v 639.7448045944484 -49.639150074631964 65.703429101807444
v 632.30183548627247 -48.783369133959134 69.225262246548255
v 639.93908715259204 -58.224946503402407 55.533355117600507
v 640.90318026062187 -58.323475173310484 55.169796674614219
v 637.09192195121341 -58.096086599349292 54.462257248772147
v 638.54289356065351 -58.244537418832053 54.903408663847671
v 634.50108916710462 -55.132356647190839 57.821442925369098
v 632.05220081786729 -54.44205794454281 59.809168092247539
v 633.58990827510695 -54.724176694942379 58.807423319868008
v 628.5299025309132 -55.273583466112221 59.304709121341936
v 627.00582977671957 -54.165201711108445 61.215292816166361
v 629.71162463598694 -54.249569426273723 60.7513169156665
v 624.38504848697244 -55.264637187271347 59.591489759107098
v 622.1733082886135 -54.852271141982349 60.216758627645554
v 624.4630294201844 -54.289421032019504 60.861416395248561
v 621.01426284755371 -56.236863276065655 59.632725391864419
v 618.78888794614841 -56.886018664258252 59.932561407299652
v 620.2094326393169 -55.930895755600929 59.973145018690097
v 619.89779595284858 -57.120392033464199 59.820856635788225
v 618.3534385878072 -57.836261784456902 60.336841191612613
v 618.23292694930365 -57.492499823969183 60.111826169781231
v 620.28674379764243 -57.801577013549718 60.009915921588849
v 619.74484807341378 -58.205977521795873 60.46447348650576
v 618.91423153204755 -58.043652793950237 60.507728161638504
v 621.35312109905101 -58.081638598226533 59.677397358498062
v 622.16790224845818 -58.665514855518637 60.019372006760754
v 620.8160573222176 -58.333808842987622 60.235758631191452
v 623.95510085091325 -58.58143418673329 58.9380780113122
v 626.03054185987276 -59.687423888571047 60.02269546562831
v 623.89984442277841 -59.193417068726049 60.032377300817693
v 627.49017270177387 -59.14945113153474 58.205029581004453
v 630.48014347716344 -59.99238674670606 58.85099157822043
v 628.37910749932757 -59.975594533480646 59.663626981186205
v 630.5124840359681 -59.044631361800057 56.935842799432066
v 632.96821365726021 -59.417815576229742 56.411066700705987
v 631.92379540391562 -59.772700583939425 57.601030550211533
v 632.85904035076351 -58.526584407636626 55.723856736708584
v 634.70412663983598 -58.716537349549711 55.130304624359979
v 633.90876896213649 -59.03128370513371 55.612302589794965
v 634.63791460820062 -58.150601491002718 55.025836187434038
v 635.76739427212874 -58.205833998605961 54.65968161924593
v 635.34653643810032 -58.450493196425761 54.843912321475983
v 635.11685149309983 -57.812460855455114 54.884608620996005
v 636.05032632060465 -57.560769021327232 54.591168731471726
v 635.96205955877872 -57.913429419592532 54.57945514612436
v 635.25535137141196 -57.115129516499024 55.128047124184548
v 636.04960870465493 -56.81349161226477 54.936868255023882
v 636.09405305247947 -57.188206740720716 54.71765975537383
v 635.00078907348484 -56.640426565703734 55.625997094170458
v 635.57650842948078 -56.026195153734918 55.983724160047927
v 635.8639375379089 -56.441264219101491 55.340746996673175
v 633.74520036664467 -56.064994256087637 56.812725318010621
v 635.1476132968146 -55.588879993924415 56.858927451153903
v 624.03523463197462 -57.013873905981654 58.350696274857
v 622.65152755756287 -56.364933802573987 59.055928116910479
v 625.88175615294676 -56.15735142882739 58.480862090435437
v 624.19545435303417 -56.174024039394496 58.742698098778703
v 627.15021410582017 -57.120081066552636 57.600503924756765
v 627.64776116435087 -56.227031937553349 58.244371754177564
v 621.34144787960088 -57.245305049793402 59.344489713009402
v 621.26241444299581 -56.716278571597975 59.423813186060777
v 634.31584856992856 -57.399114068368071 55.431871514515876
v 633.7316135046616 -56.832795481314491 56.14753794098948
v 634.52998516935008 -56.987178592648974 55.621908925806395
v 622.62483224423022 -57.705583919997622 58.900002878800535
v 621.44157922513023 -57.707425800935454 59.422872810159951
v 625.48682817523809 -57.995357240528449 57.945651781047616
v 623.97442864049481 -57.825138737234958 58.405087826269039
v 628.57932234932298 -58.141990099605053 57.197127140513999
v 627.08897754477016 -58.113141938422928 57.581867588043679
v 631.09370511424584 -58.04085409174602 56.35009102295453
v 629.87347095319933 -58.108860163255777 56.775666060577919
v 633.42227318923278 -57.851953653225976 55.597604170606488
v 634.33584613439643 -57.80133780823315 55.231612561040322
v 632.29011442575893 -57.296925557115983 56.27685084011091
v 632.78330794752742 -56.665327839161925 56.63978136914119
v 632.31370006997577 -57.936799779024469 55.973828535106747
v 604.10278185128493 -142.11049551200722 -92.71389017550527
v 601.636192308619 -144.90343286811236 -93.002036899883251
v 601.60576539234728 -142.10673998853662 -92.549029871303645
v 633.96732642364054 -148.8495790555524 -80.377533786413949
v 630.36805186580409 -146.72959801664172 -84.560995568454103
v 632.00756510578935 -150.88143685582713 -83.258893387800725
v 632.38158653882715 -147.82680888336023 -82.403806142546046
v 624.43016260968352 -144.46334292662931 -88.969489752086901
v 617.05364473845907 -142.83079056135711 -91.923197001479679
v 620.7198011028172 -146.3246234156357 -91.290905588107506
v 620.83710739007859 -143.54027353039658 -90.653722426010745
v 609.65062291815548 -142.16503432419233 -92.976142924361056
v 613.10522610051146 -145.10902983773121 -93.3511092183995
v 613.19784639909949 -142.38108456614663 -92.713435685403738
v 634.90883854978324 -153.09145477590653 -79.314445558108588
v 635.35213384250869 -149.86565147887973 -78.304317386898845
v 627.44702006265891 -148.47118016522074 -87.546612807081516
v 627.69765939339391 -145.56851933039064 -86.849221666796296
v 606.66978978586008 -144.85795993742641 -93.446181371482652
v 606.68548165462926 -142.10877323372767 -92.899991911821104
vn -0.00021199994080234319 -0.23382900655269623 0.97227770090103149
vn -0.23863603174686432 -0.43957510590553284 0.86592525243759155
vn -0.22319209575653076 0.18664704263210297 0.95673829317092896
vn -3.8000012864358723E-05 0.21660512685775757 0.97625929117202759
vn -0.31637012958526611 0.32324016094207764 0.89186644554138184
vn -4.299999272916466E-05 -0.030417999252676964 0.99953728914260864
vn -0.68171405792236328 -0.20890304446220398 0.70116007328033447
vn -6.9999996412661858E-06 -0.77829092741012573 0.62790381908416748
vn -0.54308593273162842 -0.40444600582122803 0.73585397005081177
vn -0.61046135425567627 0.20360812544822693 0.76542842388153076
vn -0.51115775108337402 0.28591886162757874 0.810535728931427
vn -0.45890024304389954 -0.66423630714416504 0.59008532762527466
vn -0.51449531316757202 0.097872056066989899 0.85188943147659302
vn -0.73893356323242188 -0.19013789296150208 0.64639365673065186
vn -0.57235276699066162 -0.010399994440376759 0.81994158029556274
vn -0.67527109384536743 0.088919013738632202 0.73219013214111328
vn -0.70122098922729492 -0.052896007895469666 0.71097898483276367
vn -0.56979018449783325 -0.53029119968414307 0.62779808044433594
vn -0.61961591243743896 -0.34220594167709351 0.70637893676757813
vn -0.48390990495681763 -0.69061088562011719 0.5374828577041626
vn -0.68486630916595459 -0.069232046604156494 0.72537237405776978
vn -0.6474071741104126 -0.069790013134479523 0.75894224643707275
vn -0.00026800006162375212 -0.56354218721389771 0.82608723640441895
vn -0.29574507474899292 -0.53380906581878662 0.79220122098922729
vn -0.19417597353458405 -0.40928095579147339 0.89150702953338623
vn -0.00016599998343735933 -0.48988303542137146 0.8717881441116333
vn -0.56197375059127808 -0.36822086572647095 0.74067461490631104
vn -0.53054088354110718 -0.37026003003120422 0.76251810789108276
vn -0.76155924797058105 -0.17581102252006531 0.62379318475723267
vn -0.70478188991546631 -0.24573495984077454 0.66550493240356445
vn -0.75909817218780518 0.074578031897544861 0.64669013023376465
vn -0.57489895820617676 -0.088290967047214508 0.81344693899154663
vn -0.39585977792739868 -0.47559076547622681 0.78556251525878906
vn -0.31702208518981934 -0.42117410898208618 0.849770188331604
vn -0.53188920021057129 -0.27418708801269531 0.80119615793228149
vn -0.57467389106750488 -0.21660991013050079 0.78919583559036255
vn -0.53954637050628662 -0.19839514791965485 0.81824755668640137
vn -0.55869877338409424 -0.26994588971138 0.7842097282409668
vn -0.7045513391494751 -0.19930009543895721 0.68109244108200073
vn -0.71356230974197388 -0.33215904235839844 0.61684620380401611
vn -0.64453613758087158 -0.12675201892852783 0.75399410724639893
vn -0.47388702630996704 -0.081241995096206665 0.87682998180389404
vn -0.41353791952133179 -0.090402983129024506 0.90598767995834351
vn -0.77981299161911011 0.12462602555751801 0.61348193883895874
vn -0.304188072681427 0.03382500633597374 0.95201128721237183
vn 0.00020299998868722469 0.14213894307613373 0.98984670639038086
vn -0.54727309942245483 -0.070362016558647156 0.83399122953414917
vn -0.64257806539535522 -0.1176299974322319 0.75713711977005005
vn -0.70069241523742676 -0.18783210217952728 0.68829447031021118
vn -0.7128717303276062 -0.27034690976142883 0.64709073305130005
vn -0.64253419637680054 -0.089287005364894867 0.76103723049163818
vn -0.69545620679855347 -0.37518703937530518 0.61284202337265015
vn -0.39223489165306091 -0.15160596370697021 0.90728574991226196
vn 2.0000008589704521E-05 -0.16322304308414459 0.98658919334411621
vn -0.37565615773200989 -0.56252312660217285 0.73651218414306641
vn 0.00031299990951083601 -0.58847582340240479 0.80851477384567261
vn -0.28075596690177917 -0.88280677795410156 0.3766009509563446
vn 0.00075200007995590568 -0.9100990891456604 0.414389967918396
vn -0.59574925899505615 -0.72818630933761597 0.3388620913028717
vn -0.78496336936950684 -0.45505419373512268 0.42042618989944458
vn -0.84848207235336304 -0.3731730580329895 0.37525999546051025
vn -0.5284079909324646 -0.77190697193145752 0.35347503423690796
vn -0.7250598669052124 -0.60092407464981079 0.33641999959945679
vn -0.4085850715637207 -0.83758002519607544 0.36265403032302856
vn -0.70150697231292725 -0.61073005199432373 0.36728298664093018
vn -0.33273690938949585 -0.62329387664794922 0.70766580104827881
vn -0.67086189985275269 -0.52911078929901123 0.51960188150405884
vn -0.35511818528175354 -0.41638720035552979 0.83696639537811279
vn -0.46315014362335205 -0.31163707375526428 0.82968324422836304
vn -0.14437203109264374 -0.43911105394363403 0.88675713539123535
vn 1.0000002248489182E-06 -0.41995415091514587 0.90754532814025879
vn -0.08296801894903183 -0.73926025629043579 0.66828924417495728
vn -0.20099100470542908 -0.91405999660491943 0.35227394104003906
vn -0.28595989942550659 -0.91419774293899536 0.28717491030693054
vn 0.00028199999360367656 -0.95050603151321411 0.31070598959922791
vn 0.00023499994131270796 -0.95350062847137451 0.3013908863067627
vn 1.5000002349552233E-05 -0.65936392545700073 0.75182390213012695
vn -0.56662273406982422 -0.1646779328584671 0.80735361576080322
vn -0.77427798509597778 -0.27520400285720825 0.56987398862838745
vn -0.8410259485244751 -0.47292798757553101 0.26270601153373718
vn -0.84372794628143311 -0.50344496965408325 0.1861889511346817
vn -0.88679510354995728 -0.30906602740287781 0.34361696243286133
vn -0.93106895685195923 -0.28373005986213684 0.22936399281024933
vn -0.77957767248153687 -0.099918968975543976 0.61828374862670898
vn -0.75101089477539063 0.012637997977435589 0.66016888618469238
vn -0.93112874031066895 -0.2625289261341095 0.25313597917556763
vn -0.88615864515304565 -0.46336984634399414 0.003353998763486743
vn -0.94444137811660767 -0.28213015198707581 0.16862103343009949
vn -0.88485950231552124 -0.27181488275527954 0.37833890318870544
vn -0.92951613664627075 -0.23520298302173615 0.28404104709625244
vn -0.94038635492324829 -0.20055490732192993 0.27468386292457581
vn -0.95275592803955078 -0.22681199014186859 0.20202100276947021
vn -0.95156311988830566 -0.30690097808837891 0.018423996865749359
vn -0.96652799844741821 -0.24869498610496521 0.063043005764484406
vn -0.91701239347457886 -0.38696014881134033 -0.09669601172208786
vn -0.94240683317184448 -0.3343798816204071 0.007711995393037796
vn -0.89607077836990356 -0.02883099764585495 0.44297397136688232
vn -0.89483290910720825 0.054613001644611359 0.4430479109287262
vn -0.9579738974571228 -0.074433989822864532 0.27702993154525757
vn -0.97275245189666748 -0.059610027819871902 0.22405204176902771
vn -0.98671287298202515 0.032918993383646011 0.15910397469997406
vn -0.9974740743637085 -0.064508996903896332 0.029733996838331223
vn -0.99586045742034912 -0.090890035033226013 -0.00099300045985728502
vn -0.99376493692398071 -0.029772000387310982 -0.10744700580835342
vn -0.96952980756759644 -0.095383986830711365 -0.22564095258712769
vn -0.98538309335708618 -0.1701120138168335 -0.0090600000694394112
vn -0.956298828125 -0.1763509064912796 -0.23322288691997528
vn -0.89395511150360107 -0.14368003606796265 -0.42450007796287537
vn -0.9167444109916687 -0.011019007302820683 -0.3993222713470459
vn -0.93288654088973999 -0.072893962264060974 -0.3527168333530426
vn -0.74273425340652466 -0.23256906867027283 -0.62789922952651978
vn -0.76797789335250854 -0.11391797661781311 -0.63026392459869385
vn -0.8596729040145874 0.084247991442680359 -0.50384998321533203
vn -0.91025412082672119 0.0070440005511045456 -0.41399011015892029
vn -0.67810624837875366 -0.68902027606964111 0.25577908754348755
vn 6.9999996412661858E-06 -0.8771858811378479 0.48015093803405762
vn -0.8492005467414856 0.24184590578079224 0.46943473815917969
vn -0.62242609262466431 -0.72527909278869629 -0.29420402646064758
vn 0.70864242315292358 -0.66956144571304321 -0.22251607477664948
vn -0.52672386169433594 -0.66428780555725098 0.53036189079284668
vn 0.41319403052330017 -0.20387406647205353 0.88752806186676025
vn -0.77610433101654053 -0.56808227300643921 0.27376013994216919
vn -0.68109285831451416 -0.35352194309234619 0.64119786024093628
vn -0.75563269853591919 0.086911953985691071 0.64920377731323242
vn 9.9999997473787516E-06 -0.020780997350811958 0.99978405237197876
vn -0.82627314329147339 0.23958505690097809 0.50977611541748047
vn -0.75026792287826538 0.15954293310642242 0.64159494638442993
vn -0.66734379529953003 0.63420683145523071 0.39042791724205017
vn -0.79377782344818115 0.44825592637062073 0.41107591986656189
vn -0.69692999124526978 0.48207405209541321 0.53093612194061279
vn 0.00071100040804594755 0.60874021053314209 0.79336929321289063
vn -0.98856115341186523 -0.021954998373985291 0.14921402931213379
vn -0.84920823574066162 0.5189201831817627 0.09781203418970108
vn -0.00022299989359453321 0.3023989200592041 0.95318144559860229
vn -0.32786813378334045 0.34141308069229126 0.88087433576583862
vn -0.50092500448226929 0.36794295907020569 0.78338503837585449
vn -0.60300886631011963 0.4091949462890625 0.68479180335998535
vn -0.55730289220809937 0.6069798469543457 0.56655889749526978
vn -0.40168619155883789 0.14176204800605774 0.90473848581314087
vn -0.0003369999467395246 -0.99996882677078247 -0.0078889979049563408
vn -0.071488998830318451 -0.99182295799255371 0.10571898519992828
vn -0.055529985576868057 -0.98267298936843872 0.17683397233486176
vn -0.13433098793029785 -0.96429097652435303 0.22824998199939728
vn -0.10838691145181656 -0.97239065170288086 0.20666089653968811
vn 0.72176992893218994 0.21055200695991516 0.65932995080947876
vn -0.20810483396053314 -0.8692125678062439 0.44851076602935791
vn -0.00033799995435401797 -0.83160001039505005 0.55537492036819458
vn -0.26312896609306335 -0.84245789051055908 0.47013598680496216
vn -0.30933904647827148 -0.85678011178970337 0.41259810328483582
vn -0.24345602095127106 -0.90594106912612915 0.34641003608703613
vn -0.74498015642166138 0.35852909088134766 0.56254905462265015
vn -0.00015899994468782097 0.53818488121032715 0.84282678365707397
vn -0.72548288106918335 0.31042996048927307 0.61425387859344482
vn 6.5999985963571817E-05 0.47149685025215149 0.88186776638031006
vn -0.69274908304214478 0.30240404605865479 0.65471404790878296
vn 0.0003580004267860204 0.50463533401489258 0.86333250999450684
vn -0.58119410276412964 0.27133104205131531 0.76719808578491211
vn 1.7999998817685992E-05 0.55497807264328003 0.83186495304107666
vn -0.14377094805240631 -0.083878964185714722 0.9860498309135437
vn -0.00013599998783320189 -0.046801004558801651 0.99890422821044922
vn -0.19596001505851746 -0.42197102308273315 0.88517802953720093
vn -0.88004624843597412 0.060743026435375214 0.47098711133003235
vn -0.8601994514465332 0.25580516457557678 0.44115829467773438
vn -0.79359489679336548 0.29340803623199463 0.5330280065536499
vn -0.81113815307617188 0.25464704632759094 0.52650713920593262
vn -0.7146221399307251 0.27186208963394165 0.64452016353607178
vn -0.64518702030181885 0.22054800391197205 0.73150002956390381
vn -0.59927505254745483 0.36998811364173889 0.70991420745849609
vn -0.65476804971694946 0.55446106195449829 0.51366502046585083
vn -0.83383530378341675 0.061692014336585999 0.54855519533157349
vn -0.52669674158096313 -0.487347811460495 0.69647878408432007
vn -0.58006608486175537 0.1917320042848587 0.7916831374168396
vn -0.46091312170028687 0.12375403940677643 0.87877416610717773
vn -0.3719150722026825 0.17126905918121338 0.9123300313949585
vn -0.33531001210212708 0.44784101843833923 0.82885801792144775
vn -0.1981399804353714 -0.15214398503303528 0.96829372644424438
vn -0.13072593510150909 -0.80239278078079224 0.58230280876159668
vn -0.30223903059959412 0.13566398620605469 0.94352895021438599
vn -0.017068000510334969 -0.54162192344665527 0.84044891595840454
vn -0.55916988849639893 0.26805993914604187 0.78452080488204956
vn -0.35889792442321777 -0.39452594518661499 0.84589689970016479
vn -0.86371517181396484 0.18267306685447693 0.4697091281414032
vn -0.61736583709716797 -0.40259286761283875 0.67585384845733643
vn -0.96868634223937988 0.038528017699718475 0.24528011679649353
vn -0.76914733648300171 -0.43571922183036804 0.46750524640083313
vn -0.77703297138214111 -0.36690902709960938 0.51146608591079712
vn -0.9483371376991272 -0.084671996533870697 0.30575701594352722
vn -0.73137086629867554 -0.01601099967956543 0.68179196119308472
vn -0.89908021688461304 0.029332013800740242 0.43680018186569214
vn -0.69888204336166382 0.36641106009483337 0.61425304412841797
vn -0.88847655057907104 0.023967985063791275 0.45829573273658752
vn -0.67601710557937622 0.19051901996135712 0.71183097362518311
vn -0.7565312385559082 -0.06858401745557785 0.65035122632980347
vn -0.52337509393692017 0.14537303149700165 0.83961015939712524
vn -0.55948126316070557 -0.075422018766403198 0.82540428638458252
vn -0.37125787138938904 0.19729192554950714 0.90732765197753906
vn -0.39875692129135132 -0.023985987529158592 0.91674292087554932
vn -0.33358898758888245 0.29250997304916382 0.89618986845016479
vn -0.32734301686286926 0.043033994734287262 0.94392514228820801
vn -0.46711882948875427 0.034971985965967178 0.88350266218185425
vn -0.37852391600608826 0.0089039988815784454 0.92554867267608643
vn -0.42878308892250061 -0.078436002135276794 0.89999604225158691
vn -0.49365270137786865 -0.046323981136083603 0.86842447519302368
vn -0.61484098434448242 -0.16550199687480927 0.77108991146087646
vn -0.66436606645584106 -0.1401580423116684 0.73414814472198486
vn -0.80291396379470825 -0.22925901412963867 0.55024492740631104
vn -0.83639723062515259 -0.2003970593214035 0.5101771354675293
vn -0.86608690023422241 -0.16604799032211304 0.47150987386703491
vn -0.91312479972839355 -0.2523328959941864 0.3202049732208252
vn -0.93668562173843384 -0.24227793514728546 0.25282686948776245
vn -0.90799510478973389 -0.22876004874706268 0.35101810097694397
vn -0.9609871506690979 0.14918500185012817 0.23291103541851044
vn -0.96671819686889648 0.040448009967803955 0.25262600183486938
vn -0.95307588577270508 -0.18999099731445313 0.23568999767303467
vn -0.93699097633361816 -0.28119105100631714 0.20731501281261444
vn -0.93811047077178955 -0.23319506645202637 0.25606408715248108
vn -0.9563106894493103 -0.19773794710636139 0.21533593535423279
vn -0.96547210216522217 -0.21984200179576874 0.13976098597049713
vn -0.9910740852355957 -0.094291992485523224 0.094240009784698486
vn -0.98199009895324707 0.14924308657646179 0.11585305631160736
vn -0.97899430990219116 0.12557002902030945 0.16063104569911957
vn -0.98287701606750488 0.018918002024292946 0.18328903615474701
vn -0.99105256795883179 0.10973194241523743 0.075984977185726166
vn -0.99997925758361816 0.0063330009579658508 -0.0011640003649517894
vn -0.99257868528366089 -0.11301897466182709 0.04487999901175499
vn -0.98144310712814331 -0.17010602355003357 0.088506050407886505
vn -0.96764516830444336 -0.038780000060796738 0.24931700527667999
vn -0.98912966251373291 -0.088616944849491119 0.11734391748905182
vn -0.99641847610473633 0.053820967674255371 -0.065218962728977203
vn -0.99776202440261841 -0.066627003252506256 -0.0056380010209977627
vn -0.98609501123428345 -0.15325301885604858 0.064266011118888855
vn -0.48460319638252258 0.28608611226081848 0.82662838697433472
vn -0.17544300854206085 -0.34677496552467346 0.9213939905166626
vn 0.1725458949804306 -0.44912883639335632 0.8766477108001709
vn -0.099538959562778473 -0.27728188037872314 0.95561850070953369
vn 0.05456402525305748 -0.91085755825042725 0.40909811854362488
vn -0.33134600520133972 -0.71184402704238892 0.61926400661468506
vn -0.26653406023979187 -0.86355620622634888 0.42805406451225281
vn -0.47763890027999878 -0.6993567943572998 0.53175288438796997
vn -0.7041088342666626 -0.23932094871997833 0.6685478687286377
vn -0.54868829250335693 0.63262128829956055 0.54656332731246948
vn -0.57818275690078735 0.45244181156158447 0.67897063493728638
vn -0.5327799916267395 0.1805870532989502 0.82676106691360474
vn -0.31538817286491394 0.019204003736376762 0.94876843690872192
vn -0.22575405240058899 0.22976507246494293 0.94670116901397705
vn -0.17664399743080139 0.53613203763961792 0.82544493675231934
vn -0.31032323837280273 0.61859536170959473 0.72183054685592651
vn -0.24586786329746246 0.85246855020523071 0.46135273575782776
vn -0.31555190682411194 0.46458587050437927 0.82739770412445068
vn -0.13913202285766602 0.43636804819107056 0.88894611597061157
vn -0.035738997161388397 0.71613806486129761 0.69704300165176392
vn -0.10913402587175369 0.88824445009231567 0.44621920585632324
vn -0.63137680292129517 0.60528683662414551 0.4847588837146759
vn -0.47391700744628906 -0.59627401828765869 0.64796602725982666
vn -0.072467975318431854 -0.82092994451522827 0.56641191244125366
vn -0.0036920015700161457 -0.74918335676193237 0.66235238313674927
vn -0.14394904673099518 -0.72450911998748779 0.67406618595123291
vn -0.032677989453077316 -0.90315467119216919 0.42806985974311829
vn -0.049136999994516373 -0.89473503828048706 0.44388598203659058
vn 0.068907991051673889 -0.83091098070144653 0.55212193727493286
vn -0.094786949455738068 0.87562257051467896 0.47360381484031677
vn -0.017304006963968277 -0.15473005175590515 0.98780524730682373
vn -0.7833513617515564 -0.078376032412052155 -0.61661809682846069
vn -0.86731415987014771 0.15015804767608643 -0.47457215189933777
vn -0.91146928071975708 0.063548006117343903 -0.40643006563186646
vn -0.78955590724945068 -0.040253996849060059 -0.61235702037811279
vn -0.85606765747070313 0.20351390540599823 -0.47511079907417297
vn -0.88823986053466797 0.10939697921276093 -0.44616392254829407
vn -0.78148692846298218 0.039420999586582184 -0.62267500162124634
vn -0.65806376934051514 0.061714973300695419 -0.75042873620986938
vn -0.42094579339027405 0.10496094077825546 -0.90099269151687622
vn -0.20138901472091675 0.13396699726581573 -0.97030681371688843
vn -0.034110985696315765 0.1502869576215744 -0.98805379867553711
vn 0.02163400873541832 0.15357305109500885 -0.98790043592453003
vn -3.0000019251019694E-06 0.12307405471801758 -0.9923974871635437
vn -1.000000679596269E-06 0.37714213132858276 -0.92615538835525513
vn 0.01060799602419138 0.37706881761550903 -0.92612451314926147
vn -0.076020993292331696 0.37187197804450989 -0.92516595125198364
vn -0.24947400391101837 0.34455105662345886 -0.90501230955123901
vn -0.47527998685836792 0.30619096755981445 -0.82483696937561035
vn -0.69912415742874146 0.26998600363731384 -0.6620672345161438
vn -0.81691193580627441 0.24243196845054626 -0.52333700656890869
vn -3.9999972614168655E-06 0.28584587574005127 -0.95827561616897583
vn -0.69989389181137085 0.20742301642894745 -0.68346488475799561
vn -0.25759589672088623 0.31083375215530396 -0.91489166021347046
vn -0.043513994663953781 0.31524598598480225 -0.94801187515258789
vn -0.82296425104141235 0.16021107137203217 -0.54503417015075684
vn -0.48578101396560669 0.26834803819656372 -0.83186906576156616
vn 0.035660993307828903 0.29331091046333313 -0.95535176992416382
vn -0.76880723237991333 -0.28057408332824707 -0.57464218139648438
vn -0.76280772686004639 -0.30247786641120911 -0.57151687145233154
vn 0 -0.12826693058013916 -0.99173969030380249
vn 2.0000002223241609E-06 -0.37096408009529114 -0.92864722013473511
vn 0 -0.28149005770683289 -0.95956414937973022
vn 1.6000007235561498E-05 0.007697004359215498 -0.99997037649154663
vn -0.81578493118286133 -0.15338502824306488 -0.55764502286911011
vn -0.87865591049194336 -0.070452995598316193 -0.47222894430160522
vn 0 0.50848919153213501 -0.86106836795806885
vn -0.94423395395278931 0.060251008719205856 -0.32371598482131958
vn 0 0.81879580020904541 -0.57408487796783447
vn 1.0000002248489182E-06 0.99492824077606201 -0.10058703273534775
vn -0.99521541595458984 0.036451011896133423 -0.090651027858257294
vn -0.73972809314727783 0.64934808015823364 -0.17649199068546295
vn -0.70328903198242188 0.47239601612091064 -0.53125
vn -0.63149511814117432 0.22023105621337891 -0.74344617128372192
vn -0.5639643669128418 -0.099024057388305664 -0.81984049081802368
vn -0.5260012149810791 -0.22179006040096283 -0.82105535268783569
vn -0.55848121643066406 -0.23179206252098083 -0.79647421836853027
vn -0.58467495441436768 -0.15728892385959625 -0.79587399959564209
vn -0.4462132453918457 0.88420331478118896 -0.13812404870986938
vn -0.41956484317779541 0.71916168928146362 -0.55386984348297119
vn -0.44077995419502258 0.3405260443687439 -0.83051490783691406
vn -0.37126186490058899 -0.015749994665384293 -0.928394615650177
vn -0.30424419045448303 -0.2267460823059082 -0.92521440982818604
vn -0.16075001657009125 -0.26802593469619751 -0.94990605115890503
vn -0.1281769871711731 -0.11447902768850327 -0.98512190580368042
vn -0.92641568183898926 0.33279681205749512 -0.17606893181800842
vn -0.83902597427368164 0.28161001205444336 -0.46554398536682129
vn -0.77349585294723511 0.090733990073204041 -0.62727302312850952
vn -0.7143825888633728 -0.17025390267372131 -0.67872756719589233
vn -0.63985586166381836 -0.25333595275878906 -0.72553795576095581
vn -0.65896183252334595 -0.29803693294525146 -0.69061082601547241
vn -0.72411030530929565 -0.22121812403202057 -0.6532433032989502
vn -0.2996278703212738 0.94586551189422607 -0.12474597245454788
vn -0.26942098140716553 0.77973902225494385 -0.56517201662063599
vn -0.3359401524066925 0.40080317854881287 -0.85235029458999634
vn -0.27373811602592468 -0.00015400002303067595 -0.96180427074432373
vn -0.21021690964698792 -0.24336391687393188 -0.94688057899475098
vn -0.030518990010023117 -0.31483790278434753 -0.9486546516418457
vn 0.011760995723307133 -0.11448797583580017 -0.99335503578186035
vn -0.98403459787368774 0.12961095571517944 -0.12197095155715942
vn -0.90300017595291138 0.1544620543718338 -0.40091410279273987
vn -0.84424036741256714 0.0036770019214600325 -0.53595215082168579
vn -0.76480180025100708 -0.16052195429801941 -0.6239478588104248
vn -0.69819521903991699 -0.25869712233543396 -0.66753220558166504
vn -0.69724398851394653 -0.31632205843925476 -0.64326602220535278
vn -0.71831905841827393 -0.23580804467201233 -0.65453213453292847
vn -0.57417404651641846 0.80352407693862915 -0.15707702934741974
vn -0.57270509004592896 0.60983598232269287 -0.54782205820083618
vn -0.54315102100372314 0.27667105197906494 -0.79274213314056396
vn -0.47148188948631287 -0.053871981799602509 -0.88022875785827637
vn -0.43220812082290649 -0.21230010688304901 -0.8764272928237915
vn -0.37261614203453064 -0.23571315407752991 -0.89755028486251831
vn -0.35290804505348206 -0.12777003645896912 -0.92689305543899536
vn -0.85737651586532593 0.47955283522605896 -0.18690791726112366
vn -0.78865420818328857 0.36495813727378845 -0.49480310082435608
vn -0.69896978139877319 0.16246892511844635 -0.69645178318023682
vn -0.63192927837371826 -0.13457806408405304 -0.76325231790542603
vn -0.58773297071456909 -0.24378301203250885 -0.77145302295684814
vn -0.63524091243743896 -0.26070091128349304 -0.72698283195495605
vn -0.69458603858947754 -0.19596104323863983 -0.69220620393753052
vn -0.16636686027050018 0.98003053665161133 -0.10891392081975937
vn -0.14934702217578888 0.80664712190628052 -0.57185304164886475
vn -0.19813297688961029 0.44828698039054871 -0.87165480852127075
vn -0.16548095643520355 0.0031669989693909883 -0.98620790243148804
vn -0.11967305094003677 -0.24907709658145905 -0.96106135845184326
vn 0.022802010178565979 -0.35387018322944641 -0.93501657247543335
vn 0.032690990716218948 -0.10714499652385712 -0.99370580911636353
vn -0.87773185968399048 0.39818090200424194 0.26653099060058594
vn -0.8555871844291687 0.50052809715270996 0.13206902146339417
vn -0.98584592342376709 -0.016621991991996765 0.1668279618024826
vn -0.88297969102859497 0.27813294529914856 0.37813878059387207
vn -0.85407990217208862 0.25354200601577759 0.45416295528411865
vn -0.87491899728775024 0.20461602509021759 0.43891802430152893
vn -0.98016774654388428 0.056144982576370239 0.19004993140697479
vn -0.9688294529914856 -0.0068100024946033955 0.24763506650924683
vn -0.9787483811378479 -0.0075730024836957455 0.2049250453710556
vn -0.97812843322753906 0.048209015280008316 0.20233806967735291
vn -0.975594162940979 0.12354899197816849 0.18152604997158051
vn -0.96740156412124634 0.11588197946548462 0.22517892718315125
vn -0.96335715055465698 0.051368027925491333 0.26325708627700806
vn -0.96695607900619507 0.051214016973972321 0.24974596500396729
vn -0.96623528003692627 0.11816903948783875 0.22896608710289001
vn -0.95503854751586914 0.25311583280563354 0.15438191592693329
vn -0.00034699996467679739 0.22019396722316742 0.97545605897903442
vn -0.00026099986280314624 0.34953084588050842 0.93692481517791748
vn 3.8000001950422302E-05 0.59618908166885376 0.80284404754638672
vn 2.4000008124858141E-05 0.88460129499435425 0.46634811162948608
vn -1.0000002248489182E-06 0.98169535398483276 0.1904580295085907
vn -0.041357021778821945 0.26942309737205505 0.96213346719741821
vn -0.22114191949367523 0.34682586789131165 0.91148674488067627
vn -0.26428195834159851 0.64524614810943604 0.71680712699890137
vn -0.30319395661354065 0.86937177181243896 0.39021289348602295
vn -0.28714793920516968 0.94303178787231445 0.16803896427154541
vn -0.55288881063461304 0.81309467554092407 0.18218396604061127
vn -0.60276395082473755 0.71565693616867065 0.35286092758178711
vn -0.62992119789123535 0.49890017509460449 0.59522926807403564
vn -0.55233818292617798 0.31676909327507019 0.77109003067016602
vn -0.46638306975364685 0.34842106699943542 0.81307417154312134
vn -0.60900998115539551 0.36722305417060852 0.70303207635879517
vn -0.71884608268737793 0.29544609785079956 0.62926298379898071
vn -0.77596080303192139 0.42808589339256287 0.46327885985374451
vn -0.72008717060089111 0.61434811353683472 0.32256913185119629
vn -0.69754397869110107 0.69887596368789673 0.15812905132770538
vn -0.43840712308883667 0.88110506534576416 0.17735002934932709
vn -0.43855997920036316 0.81694501638412476 0.37452101707458496
vn -0.42203697562217712 0.59264898300170898 0.68604081869125366
vn -0.38208585977554321 0.33462688326835632 0.86141467094421387
vn -0.28604799509048462 0.34297403693199158 0.89473199844360352
vn -0.1312960684299469 0.20919704437255859 0.96901905536651611
vn -0.12685398757457733 0.34472498297691345 0.93009287118911743
vn -0.12921203672885895 0.6230320930480957 0.77145010232925415
vn -0.17489908635616302 0.88602060079574585 0.42939236760139465
vn -0.16038896143436432 0.97165393829345703 0.17367798089981079
vn -0.97852885723114014 -0.081029005348682404 0.18951404094696045
vn -0.99885833263397217 -0.01972600631415844 -0.043508008122444153
vn -0.96810287237167358 -0.02738499827682972 -0.24905197322368622
vn -0.93063151836395264 -0.11939805001020432 -0.34593218564987183
vn -0.91441726684570313 -0.16819304227828979 -0.36817407608032227
vn -0.91281330585479736 -0.26947712898254395 -0.30684515833854675
vn -0.90523475408554077 -0.2312079519033432 -0.35650095343589783
vn -0.96581810712814331 -0.19102306663990021 0.17523002624511719
vn -0.96890109777450562 -0.14257201552391052 0.20224703848361969
vn -0.99611830711364746 -0.08749004453420639 -0.0096840029582381248
vn -0.97400116920471191 -0.11331803351640701 -0.19616508483886719
vn -0.95647823810577393 -0.17875704169273376 -0.23064105212688446
vn -0.96499598026275635 -0.21401403844356537 -0.15159401297569275
vn -0.9690622091293335 -0.23717710375785828 -0.068304024636745453
vn -0.99200743436813354 -0.11710206419229507 -0.046993032097816467
vn -0.99605101346969604 -0.085589975118637085 0.023595996201038361
vn -0.53255116939544678 -0.60464024543762207 -0.59228324890136719
vn -0.26825198531150818 -0.81610786914825439 0.5118679404258728
vn -0.91473954916000366 -0.04614601656794548 0.40140020847320557
vn -0.98998194932937622 0.028195997700095177 0.1383499950170517
vn -0.99894511699676514 0.040835000574588776 -0.021004004403948784
vn -0.95398610830307007 0.025223998352885246 0.29878801107406616
vn -0.97235989570617676 0.1634269505739212 0.16675692796707153
vn -0.9827544093132019 -0.034671023488044739 0.18163608014583588
vn -0.94594186544418335 -0.14015796780586243 0.29248890280723572
vn -0.96480756998062134 -0.038183007389307022 0.26016995310783386
vn -0.998695969581604 -0.049327991902828217 -0.013157998211681843
vn -0.9747692346572876 -0.1634710431098938 -0.15199403464794159
vn -0.95964711904525757 -0.2485249787569046 -0.1315779834985733
vn -0.97031271457672119 -0.23654994368553162 -0.050371997058391571
vn -0.97015672922134399 -0.24227096140384674 0.010034999810159206
vn -0.99385929107666016 -0.087685026228427887 0.067491024732589722
vn -0.9917786717414856 -0.11362793296575546 -0.058853957802057266
vn -0.5938372015953064 -0.36645007133483887 -0.71629023551940918
vn -0.2015889585018158 -0.86547881364822388 -0.45859384536743164
vn 0.64404588937759399 -0.35395604372024536 -0.67817401885986328
vn 0.32973292469978333 -0.30433195829391479 -0.89367681741714478
vn -0.10313201695680618 -0.61286020278930664 -0.78343230485916138
vn 0.32187080383300781 -0.67740458250045776 -0.66145461797714233
vn 0.77163118124008179 -0.22701102495193481 -0.59418123960494995
vn 0.76656818389892578 -0.25719708204269409 -0.58840709924697876
vn -0.5978996753692627 -0.63697290420532227 -0.48660194873809814
vn -0.91363441944122314 0.050746019929647446 0.40335714817047119
vn -0.95691227912902832 0.096322014927864075 0.27393609285354614
vn -0.90867429971694946 0.067634031176567078 0.41199108958244324
vn -0.77287089824676514 0.50155484676361084 -0.38873293995857239
vn -0.73556679487228394 -0.29274791479110718 -0.61093384027481079
vn -0.61945712566375732 0.64481508731842041 0.4477570652961731
vn -0.73898249864578247 0.49699324369430542 0.45486542582511902
vn -0.93984603881835938 -0.1741410493850708 0.29387801885604858
vn -0.72231459617614746 0.62487679719924927 0.29629483819007874
vn -0.92974132299423218 -0.36564218997955322 -0.043438009917736053
vn -0.99159669876098633 -0.078994967043399811 0.1024489626288414
vn -0.98495990037918091 -0.091394983232021332 0.14663203060626984
vn -0.96679830551147461 -0.24312810599803925 -0.078675024211406708
vn -0.9099433422088623 0.065503016114234924 0.40952715277671814
vn -0.94787955284118652 0.072926983237266541 0.31017088890075684
vn -0.55825901031494141 -0.50921094417572021 -0.65501993894577026
vn 0.77138566970825195 -0.20569987595081329 -0.60220569372177124
vn -0.95159482955932617 -0.18011496961116791 -0.24904996156692505
vn -0.71463781595230103 -0.14998799562454224 0.68322497606277466
vn -0.80877095460891724 -0.38900595903396606 0.44109395146369934
vn -0.90622353553771973 -0.40330079197883606 0.12691490352153778
vn -0.8200947642326355 -0.5124238133430481 -0.25468891859054565
vn -0.87638360261917114 -0.23942787945270538 -0.41788285970687866
vn -0.5176471471786499 0.46683996915817261 0.71700900793075562
vn -0.85450690984725952 -0.11025997996330261 0.50760287046432495
vn -0.70912349224090576 -0.70169448852539063 0.069056034088134766
vn -0.86904168128967285 0.33989489078521729 0.35949689149856567
vn -0.71523714065551758 -0.52924913167953491 0.45643311738967896
vn -0.74331891536712646 0.60397589206695557 0.28755888342857361
vn 0.24802602827548981 0.96100223064422607 -0.12230202555656433
vn -0.7388840913772583 0.61448109149932861 -0.2765200138092041
vn -0.90634465217590332 -0.10387595742940903 0.40957188606262207
vn -0.37978783249855042 -0.28817886114120483 -0.87904161214828491
vn -0.91250401735305786 -0.20120900869369507 0.35616198182106018
vn -0.3538508415222168 0.022054994478821754 -0.93504178524017334
vn -0.96472185850143433 -0.12375196814537048 0.2323729544878006
vn -0.52234011888504028 0.30137807130813599 -0.79770421981811523
vn -0.93408972024917603 -0.21932893991470337 0.28172895312309265
vn -0.77067703008651733 0.54255998134613037 -0.33419397473335266
vn 0.60075002908706665 0.52827596664428711 -0.60001993179321289
vn 0.65629696846008301 0.19711299240589142 -0.72829991579055786
vn 0.72981560230255127 -0.011537995189428329 -0.68354666233062744
vn 0.78885221481323242 -0.040619008243083954 -0.61323916912078857
vn 0.63130801916122437 0.39113196730613708 -0.66967600584030151
vn 0.87262576818466187 0.13533897697925568 -0.46926286816596985
vn 0.62458187341690063 0.10975896567106247 -0.7732079029083252
vn 0.48583891987800598 -0.17783991992473602 -0.85576486587524414
vn 0.70377886295318604 -0.25235399603843689 -0.66408789157867432
vn 0.30326098203659058 -0.5467369556427002 -0.78045594692230225
vn -0.18112102150917053 -0.62985104322433472 -0.75530314445495605
vn -0.14029198884963989 -0.40008199214935303 -0.90567797422409058
vn -0.62950795888900757 -0.10072297602891922 -0.77043795585632324
vn -0.82045179605484009 -0.062529988586902618 -0.56828588247299194
vn -0.85429686307907104 0.087971009314060211 -0.5122869610786438
vn 0.17542204260826111 -0.28542104363441467 -0.94221121072769165
vn 0.12350501865148544 0.20528902113437653 -0.97087740898132324
vn 0.05625702440738678 0.44223225116729736 -0.89513450860977173
vn 0.049858976155519485 0.21897093951702118 -0.97445666790008545
vn -0.74417030811309814 -0.037754010409116745 0.66692215204238892
vn -0.57918268442153931 -0.14486092329025269 0.80222362279891968
vn -0.81701004505157471 0.11912599205970764 0.56418401002883911
vn -0.96509248018264771 0.24667087197303772 -0.088033944368362427
vn -0.97505044937133789 0.0061480039730668068 -0.22189813852310181
vn -0.95892637968063354 -0.19303010404109955 -0.20784509181976318
vn -0.96519261598587036 -0.2582378089427948 -0.041429970413446426
vn -0.89379113912582397 -0.22529503703117371 0.38778802752494812
vn -0.83762586116790771 -0.4421159029006958 0.32080590724945068
vn -0.84788614511489868 -0.36922702193260193 0.3804740309715271
vn -0.65528470277786255 -0.016133988276124001 0.75520968437194824
vn -0.5501941442489624 -0.11679702252149582 0.82682818174362183
vn -0.19581499695777893 -0.80701398849487305 0.55712199211120605
vn -0.41487902402877808 -0.69546312093734741 0.58669108152389526
vn -0.10460095852613449 -0.6285628080368042 0.77069282531738281
vn -0.093627966940402985 -0.25490090250968933 0.96242368221282959
vn -0.17698903381824493 0.43073105812072754 0.88495516777038574
vn -0.24013607203960419 0.91682732105255127 0.31900209188461304
vn -0.080134004354476929 0.96892201900482178 0.23402702808380127
vn -0.37546899914741516 0.91747003793716431 0.13142199814319611
vn -0.65547025203704834 0.67380625009536743 0.34109216928482056
vn -0.51867598295211792 0.73818188905715942 0.43134990334510803
vn -0.67145609855651855 0.54656606912612915 0.50041210651397705
vn -0.67343884706497192 0.27051594853401184 0.687968909740448
vn -0.35518902540206909 -0.34748604893684387 0.86781001091003418
vn -0.61605173349380493 -0.65574890375137329 0.43643283843994141
vn -0.81522417068481445 0.12634001672267914 0.56519711017608643
vn -0.92052727937698364 0.19987104833126068 0.33568006753921509
vn -0.8006746768951416 0.20960792899131775 0.56123483180999756
vn -0.72837913036346436 0.4196590781211853 0.54161804914474487
vn -0.83525419235229492 0.22424103319644928 0.50206214189529419
vn -0.81618613004684448 -0.24295507371425629 0.52422612905502319
vn -0.98252487182617188 0.15249697864055634 0.10672198235988617
vn -0.77831876277923584 0.17740592360496521 -0.60228484869003296
vn -0.51593780517578125 -0.82670068740844727 0.22444188594818115
vn -0.90647035837173462 0.23063409328460693 -0.3537222146987915
vn -0.85689395666122437 0.5153239369392395 0.013190001249313354
vn -0.83066385984420776 -0.52346688508987427 0.18968397378921509
vn -0.95207411050796509 -0.28722706437110901 0.10514504462480545
vn -0.72845888137817383 -0.42772090435028076 0.53516584634780884
vn -0.6697767972946167 -0.65130788087844849 0.35664698481559753
vn -0.87487226724624634 0.082342028617858887 0.47730317711830139
vn -0.70260095596313477 0.71107780933380127 0.026837995275855064
vn -0.4298519492149353 0.65927189588546753 -0.61691802740097046
vn 0.26207000017166138 -0.086880981922149658 -0.96113008260726929
vn -0.56198883056640625 0.44663488864898682 -0.69619381427764893
vn -0.87657618522644043 -0.40710902214050293 -0.25666406750679016
vn 0.33306202292442322 -0.28862598538398743 -0.89764398336410522
vn -0.25774192810058594 -0.9662136435508728 -0.00050399999599903822
vn 0.41874703764915466 -0.89546006917953491 0.15100397169589996
vn 0.29334282875061035 -0.6564565896987915 0.69499260187149048
vn -0.62268632650375366 -0.61677831411361694 0.48150414228439331
vn -5.9999965742463246E-05 0.85953748226165771 0.51107269525527954
vn -0.14881695806980133 0.86038178205490112 0.48743894696235657
vn -0.32475289702415466 0.82924383878707886 0.45485186576843262
vn -0.36741894483566284 0.87353074550628662 0.31929194927215576
vn -0.061362996697425842 0.99329113960266113 0.098016977310180664
vn -0.019671997055411339 -0.95921772718429565 0.28198286890983582
vn 0.12252197414636612 -0.92891299724578857 0.34944102168083191
vn -0.022508995607495308 -0.96281594038009644 0.26921895146369934
vn -0.25166013836860657 -0.89710122346878052 0.36314815282821655
vn -0.51911693811416626 -0.54753482341766357 0.6562950611114502
vn -0.20650900900363922 0.78461098670959473 0.58458501100540161
vn -0.069999039173126221 0.9321104884147644 0.35534518957138062
vn -0.25608113408088684 0.95729440450668335 0.13420103490352631
vn -0.17721089720726013 0.97284048795700073 0.14892189204692841
vn -0.0041610002517700195 0.98880809545516968 0.14913496375083923
vn 0.008295002393424511 0.96547436714172363 0.26036599278450012
vn 0.031636003404855728 0.81066209077835083 0.58465898036956787
vn 0.06692998856306076 -0.047962002456188202 0.99660426378250122
vn 0.15201599895954132 -0.63654202222824097 0.75611203908920288
vn 0.15276996791362762 -0.86894768476486206 0.47073480486869812
vn -1.6999994841171429E-05 -0.99373352527618408 -0.11177497357130051
vn 0.015818007290363312 -0.99826246500015259 -0.056761045008897781
vn 0.072491995990276337 -0.99728477001190186 -0.012960998341441154
vn 0.080002017319202423 -0.99558430910110474 0.049108002334833145
vn 0.12610401213169098 -0.98823833465576172 0.086503028869628906
vn 0.99036103487014771 0.13764500617980957 -0.015455002896487713
vn 5.1999988500028849E-05 0.99763983488082886 -0.06866396963596344
vn 0.051123969256877899 0.99215668439865112 -0.11406794190406799
vn 0.027072999626398087 0.99008482694625854 -0.13783703744411469
vn 0.01701899990439415 0.99244123697280884 -0.12153498083353043
vn 0.12638995051383972 0.9799727201461792 -0.15387994050979614
vn -3.9999999899009708E-06 -0.4567599892616272 -0.88958996534347534
vn 0.26379403471946716 -0.58253896236419678 -0.76880496740341187
vn 0.49893993139266968 -0.5231669545173645 -0.69090902805328369
vn 0.73877120018005371 -0.48073220252990723 -0.47234910726547241
vn 0.72105103731155396 -0.60141605138778687 -0.34406998753547668
vn 0.96681439876556396 0.029585005715489388 -0.25376108288764954
vn -3.9999981709115673E-06 0.85088008642196655 -0.52535992860794067
vn 0.19326601922512054 0.7624780535697937 -0.61747509241104126
vn 0.31733393669128418 0.73210883140563965 -0.60275685787200928
vn 0.47391694784164429 0.74456101655960083 -0.4701400101184845
vn 0.46248006820678711 0.80265605449676514 -0.3766370415687561
vn -1.9000000975211151E-05 0.5340610146522522 -0.84544593095779419
vn 0.22652402520179749 0.52350509166717529 -0.82135820388793945
vn 0.45658203959465027 0.47834008932113647 -0.75014907121658325
vn 0.68400281667709351 0.39540395140647888 -0.61302191019058228
vn 0.55192619562149048 0.45569506287574768 -0.69836914539337158
vn 0.71068072319030762 0.21319691836833954 -0.6704326868057251
vn 1.5000002349552233E-05 -0.2043720930814743 -0.97889328002929688
vn 0.37101298570632935 -0.15949198603630066 -0.91482877731323242
vn 0.56448918581008911 -0.045235008001327515 -0.8242000937461853
vn 0.75231611728668213 -0.019005008041858673 -0.65852808952331543
vn 0.72859472036361694 0.011059995740652084 -0.68485575914382935
vn -1.1000002814398613E-05 0.18207205832004547 -0.98328518867492676
vn 0.31175306439399719 0.12521703541278839 -0.94187617301940918
vn 0.52463418245315552 0.16987405717372894 -0.83420729637145996
vn 0.76479232311248779 0.16309310495853424 -0.62329232692718506
vn 0.73792427778244019 0.1835770308971405 -0.64943611621856689
vn 0.79734581708908081 0.16917799413204193 -0.57932585477828979
vn 0.72210156917572021 0.23696091771125793 -0.64993757009506226
vn 0.74479091167449951 0.26863697171211243 -0.61083602905273438
vn 0.52216380834579468 0.28071391582489014 -0.80532270669937134
vn 0.28004908561706543 0.29766020178794861 -0.91267240047454834
vn -4.999998964194674E-06 0.33616301417350769 -0.94180381298065186
vn 0.080071963369846344 -0.74390971660614014 0.66346573829650879
vn 0.15500904619693756 -0.56698429584503174 0.80901235342025757
vn -0.35580280423164368 -0.43495979905128479 0.82717251777648926
vn -0.73719668388366699 0.11659295856952667 0.66554272174835205
vn -0.37160012125968933 0.68464517593383789 0.62703615427017212
vn -0.27594998478889465 0.59433799982070923 0.75538992881774902
vn -0.33090794086456299 0.53313595056533813 0.77863085269927979
vn -0.28218284249305725 0.48122578859329224 0.82993650436401367
vn -0.36827719211578369 0.40080925822257996 0.83888250589370728
vn -0.48505803942680359 0.46397200226783752 0.74124807119369507
vn -0.45947405695915222 0.63037019968032837 0.62571316957473755
vn -0.41304406523704529 -0.43648999929428101 0.799294114112854
vn -0.40273922681808472 -0.75184148550033569 0.52204930782318115
vn -0.44311496615409851 -0.75740396976470947 0.47957098484039307
vn -0.40626287460327148 -0.69092273712158203 0.59797680377960205
vn -0.25601500272750854 -0.66632586717605591 0.70033293962478638
vn -0.025469992309808731 0.85034686326980591 0.52560585737228394
vn 0.043183974921703339 0.60184991359710693 0.79744082689285278
vn -0.13320806622505188 -0.79373735189437866 0.59349524974822998
vn -0.21969500184059143 -0.77303493022918701 0.59510594606399536
vn -0.035790994763374329 -0.78909087181091309 0.61323291063308716
vn -0.19301202893257141 -0.49074003100395203 0.84965908527374268
vn -0.11672801524400711 0.10081400722265244 0.9880339503288269
vn -0.22415792942047119 0.37702491879463196 0.89866870641708374
vn -0.32851409912109375 0.56498616933822632 0.75688117742538452
vn -0.3155459463596344 0.66242098808288574 0.67943298816680908
vn -0.23274202644824982 0.75766122341156006 0.60973817110061646
vn -0.24415211379528046 0.75916343927383423 0.60337436199188232
vn -0.33156189322471619 0.3721739649772644 0.86692172288894653
vn -0.35351499915122986 0.059680014848709106 0.93352311849594116
vn -0.34429877996444702 -0.037928983569145203 0.93809366226196289
vn -0.38038790225982666 -0.36275696754455566 0.85071289539337158
vn -0.38880181312561035 -0.55177587270736694 0.73781877756118774
vn -0.31384590268135071 -0.68160980939865112 0.66099077463150024
vn -0.3402349054813385 -0.10890593379735947 0.93401271104812622
vn -0.20907501876354218 -0.29818102717399597 0.93133008480072021
vn -0.22354608774185181 -0.30733612179756165 0.92497116327285767
vn -0.22529701888561249 -0.55182796716690063 0.80294901132583618
vn -0.32960212230682373 -0.48706310987472534 0.80878424644470215
vn -0.26750713586807251 -0.49168431758880615 0.82866549491882324
vn -0.32870814204216003 -0.36274504661560059 0.87199026346206665
vn -0.17904497683048248 -0.52379900217056274 0.83281302452087402
vn -3.9999981709115673E-06 -0.51907980442047119 0.85472577810287476
vn -0.60244399309158325 -0.2829439640045166 0.7463269829750061
vn -0.85323584079742432 -0.24477094411849976 0.46051687002182007
vn -0.96817576885223389 -0.18791995942592621 0.16529293358325958
vn -0.98619931936264038 -0.14169207215309143 -0.085640035569667816
vn -0.94252109527587891 -0.14523102343082428 -0.3009350597858429
vn -0.92566770315170288 -0.140036940574646 -0.3514668345451355
vn -0.91895312070846558 -0.08845800906419754 -0.3843180239200592
vn -0.91740691661834717 -0.039119992405176163 -0.39602294564247131
vn -0.89329391717910767 0.0086360005661845207 -0.44939002394676208
vn -3.0000016977282939E-06 0.15692608058452606 -0.9876103401184082
vn -0.72557210922241211 0.098459005355834961 -0.68106603622436523
vn -0.3056890070438385 0.20590798556804657 -0.92960000038146973
vn -0.03999999538064003 0.21723896265029907 -0.97529852390289307
vn -0.82824689149856567 0.060138989239931107 -0.55712693929672241
vn -0.53726118803024292 0.15500304102897644 -0.82905036211013794
vn 0.082311011850833893 0.18107803165912628 -0.98001819849014282
vn 0.2387741357088089 -0.43837317824363708 0.86649632453918457
vn 0.22332097589969635 0.186925008893013 0.95665395259857178
vn 0.31654495000839233 0.32339894771575928 0.89174681901931763
vn 0.68174540996551514 -0.20880614221096039 0.70115846395492554
vn 0.54425013065338135 -0.40226706862449646 0.73618817329406738
vn 0.61055809259414673 0.20382605493068695 0.76529324054718018
vn 0.51115995645523071 0.28597399592399597 0.81051486730575562
vn 0.45891806483268738 -0.66423404216766357 0.59007400274276733
vn 0.51432085037231445 0.097428955137729645 0.85204559564590454
vn 0.73826473951339722 -0.19007889926433563 0.64717477560043335
vn 0.67529791593551636 0.089062973856925964 0.73214787244796753
vn 0.5722728967666626 -0.010593999177217484 0.81999480724334717
vn 0.70135492086410522 -0.052827995270490646 0.71085196733474731
vn 0.57106608152389526 -0.52859997749328613 0.62806499004364014
vn 0.48457807302474976 -0.6901591420173645 0.53746110200881958
vn 0.61977404356002808 -0.34219801425933838 0.70624405145645142
vn 0.68492031097412109 -0.06947501003742218 0.72529810667037964
vn 0.64711397886276245 -0.070052005350589752 0.75916808843612671
vn 0.1937849223613739 -0.40985184907913208 0.89132982492446899
vn 0.29433616995811462 -0.53566128015518188 0.79147535562515259
vn 0.53057914972305298 -0.37304010987281799 0.76113522052764893
vn 0.56166201829910278 -0.37181496620178223 0.73911392688751221
vn 0.70604157447814941 -0.24757783114910126 0.66348361968994141
vn 0.76433807611465454 -0.1796099990606308 0.61929601430892944
vn 0.5755961537361145 -0.088157027959823608 0.81296825408935547
vn 0.76149702072143555 0.076163016259670258 0.64367806911468506
vn 0.31741896271705627 -0.42091995477676392 0.84974795579910278
vn 0.3959900438785553 -0.47540205717086792 0.78561109304428101
vn 0.53198587894439697 -0.27402094006538391 0.80118882656097412
vn 0.57401680946350098 -0.21662093698978424 0.78967082500457764
vn 0.53976106643676758 -0.19833698868751526 0.81812006235122681
vn 0.5588410496711731 -0.27002501487731934 0.7840811014175415
vn 0.71343237161636353 -0.33214813470840454 0.61700236797332764
vn 0.70444279909133911 -0.19928202033042908 0.68120992183685303
vn 0.64454835653305054 -0.12666505575180054 0.7539982795715332
vn 0.4742749035358429 -0.08098699152469635 0.8766438364982605
vn 0.4141659140586853 -0.090160995721817017 0.90572488307952881
vn 0.77989202737808228 0.12429700046777725 0.61344814300537109
vn 0.30436381697654724 0.033270984888076782 0.95197463035583496
vn 0.54743510484695435 -0.071405015885829926 0.83379620313644409
vn 0.64307332038879395 -0.11867501586675644 0.75655335187911987
vn 0.70052695274353027 -0.18782095611095428 0.68846589326858521
vn 0.71303898096084595 -0.27013498544692993 0.64699500799179077
vn 0.64276182651519775 -0.089347980916500092 0.7608378529548645
vn 0.69521427154541016 -0.37520718574523926 0.61310416460037231
vn 0.39244291186332703 -0.15159296989440918 0.90719795227050781
vn 0.37549218535423279 -0.56298315525054932 0.73624426126480103
vn 0.2805330753326416 -0.8827204704284668 0.37696915864944458
vn 0.59563213586807251 -0.72820115089416504 0.33903604745864868
vn 0.7850341796875 -0.4551851749420166 0.42015212774276733
vn 0.84840697050094604 -0.37339198589324951 0.37521201372146606
vn 0.52834111452102661 -0.77199119329452515 0.3533911406993866
vn 0.72520583868026733 -0.60079890489578247 0.33632895350456238
vn 0.40865713357925415 -0.8374902606010437 0.36278009414672852
vn 0.70140421390533447 -0.61087620258331299 0.36723610758781433
vn 0.33273187279701233 -0.62327855825424194 0.70768165588378906
vn 0.67062705755233765 -0.52902215719223022 0.51999509334564209
vn 0.35513800382614136 -0.41637909412384033 0.83696204423904419
vn 0.46316400170326233 -0.31163802742958069 0.82967513799667358
vn 0.26749393343925476 -0.4917009174823761 0.82865989208221436
vn 0.32870921492576599 -0.36276721954345703 0.87198060750961304
vn 0.1443609744310379 -0.43911778926849365 0.88675558567047119
vn 0.17905893921852112 -0.52379775047302246 0.83281081914901733
vn 0.082969985902309418 -0.7391817569732666 0.66837590932846069
vn 0.2010379433631897 -0.91405469179153442 0.35226091742515564
vn 0.28584101796150208 -0.91426503658294678 0.28707903623580933
vn 0.60244894027709961 -0.28292587399482727 0.74632984399795532
vn 0.56661427021026611 -0.16467908024787903 0.80735933780670166
vn 0.77431118488311768 -0.27536705136299133 0.56975007057189941
vn 0.84105086326599121 -0.47278091311454773 0.26289096474647522
vn 0.84382516145706177 -0.50315606594085693 0.18652899563312531
vn 0.88682818412780762 -0.30944409966468811 0.34319108724594116
vn 0.93090248107910156 -0.28418615460395813 0.22947511076927185
vn 0.85321277379989624 -0.24479693174362183 0.46054580807685852
vn 0.77957314252853394 -0.099922016263008118 0.61828899383544922
vn 0.75129985809326172 0.012384999543428421 0.65984475612640381
vn 0.93104857206344604 -0.26236522197723389 0.25360018014907837
vn 0.88620316982269287 -0.46328198909759521 0.0037070009857416153
vn 0.94442099332809448 -0.28235602378845215 0.1683569997549057
vn 0.88486611843109131 -0.27180007100105286 0.37833404541015625
vn 0.92954027652740479 -0.23509909212589264 0.28404808044433594
vn 0.94040119647979736 -0.20050007104873657 0.27467307448387146
vn 0.95277643203735352 -0.22679513692855835 0.20194312930107117
vn 0.95149290561676025 -0.30710595846176147 0.018632998690009117
vn 0.96653497219085693 -0.24869100749492645 0.062952004373073578
vn 0.91715192794799805 -0.38679200410842896 -0.096043013036251068
vn 0.94243031740188599 -0.33431011438369751 0.0078640030696988106
vn 0.89635390043258667 -0.029361993074417114 0.44236591458320618
vn 0.89486402273178101 0.054597988724708557 0.44298696517944336
vn 0.95799005031585693 -0.074423022568225861 0.27697703242301941
vn 0.96817374229431152 -0.18796996772289276 0.16524797677993774
vn 0.97282218933105469 -0.059775006026029587 0.223704993724823
vn 0.98671162128448486 0.032893985509872437 0.15911689400672913
vn 0.99747419357299805 -0.064508020877838135 0.029731007292866707
vn 0.98619699478149414 -0.14170600473880768 -0.085643991827964783
vn 0.99375921487808228 -0.029786013066768646 -0.10749604552984238
vn 0.99586105346679688 -0.090883046388626099 -0.00099700025748461485
vn 0.94253569841384888 -0.14520898461341858 -0.30090001225471497
vn 0.96952998638153076 -0.095393985509872437 -0.22563596069812775
vn 0.98537033796310425 -0.17018307745456696 -0.0091140018776059151
vn 0.89395010471343994 -0.14367301762104034 -0.42451301217079163
vn 0.95630377531051636 -0.17634393274784088 -0.23320786654949188
vn 0.91674530506134033 -0.011020004749298096 -0.39932018518447876
vn 0.93288719654083252 -0.072894014418125153 -0.35271504521369934
vn 0.92569237947463989 -0.14003607630729675 -0.35140222311019897
vn 0.76796376705169678 -0.11393095552921295 -0.6302788257598877
vn 0.74272668361663818 -0.23256483674049377 -0.62790977954864502
vn 0.85964870452880859 0.084255971014499664 -0.50388985872268677
vn 0.91026365756988525 0.0070589976385235786 -0.41396892070770264
vn 0.91895300149917603 -0.088380984961986542 -0.38433605432510376
vn 0.67806309461593628 -0.68906831741333008 0.25576406717300415
vn 0.8492092490196228 0.24183009564876556 0.46942716836929321
vn 0.62240004539489746 -0.7253119945526123 -0.29417803883552551
vn -0.7087332010269165 -0.66943210363388062 -0.222616046667099
vn 0.52673196792602539 -0.66430199146270752 0.53033602237701416
vn -0.41326102614402771 -0.20385195314884186 0.88750195503234863
vn 0.77619665861129761 -0.56802076101303101 0.27362596988677979
vn 0.68103283643722534 -0.35352692008018494 0.64125889539718628
vn 0.25776904821395874 -0.96620643138885498 -0.00053800002206116915
vn 0.6226688027381897 -0.61680084466934204 0.48149794340133667
vn -0.29335489869117737 -0.65648174285888672 0.69496375322341919
vn -0.41859209537506104 -0.89551341533660889 0.15111702680587769
vn 0.75569391250610352 0.086953006684780121 0.64912700653076172
vn 0.82593798637390137 0.23981700837612152 0.51021003723144531
vn 0.75038141012191772 0.15896303951740265 0.64160621166229248
vn 0.66782182455062866 0.63380074501037598 0.39026987552642822
vn 0.79361581802368164 0.4481738805770874 0.4114779531955719
vn 0.69663512706756592 0.48226010799407959 0.5311540961265564
vn 0.98863083124160767 -0.021972000598907471 0.148748978972435
vn 0.84932011365890503 0.51888805627822876 0.097008019685745239
vn 0.32780015468597412 0.3434421718120575 0.88011050224304199
vn 0.49812695384025574 0.37512996792793274 0.78175896406173706
vn 0.60074859857559204 0.41586774587631226 0.68275552988052368
vn 0.55859643220901489 0.60987633466720581 0.56215739250183105
vn 0.40183794498443604 0.14245697855949402 0.90456193685531616
vn 0.14935797452926636 0.86027896404266357 0.48745495080947876
vn 0.32435706257820129 0.82968026399612427 0.45433813333511353
vn 0.36438107490539551 0.875907301902771 0.31624805927276611
vn 0.061177995055913925 0.99335378408432007 0.097496002912521362
vn -0.72139596939086914 0.21060897409915924 0.65972095727920532
vn 0.20858405530452728 -0.86869919300079346 0.44928210973739624
vn 0.26338201761245728 -0.84245693683624268 0.46999600529670715
vn 0.30999809503555298 -0.85652023553848267 0.41264304518699646
vn 0.24394598603248596 -0.90594995021820068 0.34604191780090332
vn 0.071171015501022339 -0.99198997020721436 0.10435800999403
vn 0.055429991334676743 -0.98272413015365601 0.17658096551895142
vn 0.13422498106956482 -0.96439683437347412 0.22786489129066467
vn 0.10839497298002243 -0.97245281934738159 0.20636391639709473
vn 0.74502027034759521 0.35854119062423706 0.56248825788497925
vn 0.72537434101104736 0.31081312894821167 0.61418831348419189
vn 0.69273310899734497 0.30212205648422241 0.65486115217208862
vn 0.58122843503952026 0.27117124199867249 0.76722854375839233
vn 0.14390091598033905 -0.083871938288211823 0.98603147268295288
vn 0.88001132011413574 0.060776017606258392 0.47104817628860474
vn 0.19590401649475098 -0.42208099365234375 0.88513797521591187
vn 0.85998702049255371 0.25592294335365295 0.44150397181510925
vn 0.79356139898300171 0.2935071587562561 0.53302329778671265
vn 0.81105774641036987 0.25500690937042236 0.52645683288574219
vn 0.71473312377929688 0.27265501022338867 0.64406198263168335
vn 0.64508086442947388 0.22065997123718262 0.7315598726272583
vn 0.59912282228469849 0.37001094222068787 0.71003079414367676
vn 0.65480828285217285 0.55463927984237671 0.51342123746871948
vn 0.83382034301757813 0.061769023537635803 0.54856926202774048
vn 0.52677863836288452 -0.48734372854232788 0.69641965627670288
vn 0.58025401830673218 0.19183693826198578 0.79151999950408936
vn 0.46091106534004211 0.12382502853870392 0.87876522541046143
vn 0.37208792567253113 0.17140598595142365 0.91223382949829102
vn 0.33547696471214294 0.44781792163848877 0.82880294322967529
vn 0.13067701458930969 -0.80217486619949341 0.58261394500732422
vn 0.19807994365692139 -0.15230298042297363 0.96828103065490723
vn 0.017073996365070343 -0.54146987199783325 0.84054678678512573
vn 0.30228006839752197 0.13552302122116089 0.94353604316711426
vn 0.3588530421257019 -0.3943839967250824 0.8459821343421936
vn 0.55919528007507324 0.2680201530456543 0.78451633453369141
vn 0.61747491359710693 -0.40246394276618958 0.67583096027374268
vn 0.86375105381011963 0.18260902166366577 0.46966806054115295
vn 0.76914483308792114 -0.43572291731834412 0.46750593185424805
vn 0.96868437528610229 0.038520008325576782 0.245289146900177
vn 0.77706074714660645 -0.36683788895606995 0.51147490739822388
vn 0.94834703207015991 -0.084662005305290222 0.30572906136512756
vn 0.73124885559082031 -0.015706997364759445 0.68192988634109497
vn 0.89906078577041626 0.029543997719883919 0.43682584166526794
vn 0.69856899976730347 0.36695402860641479 0.61428505182266235
vn 0.88862526416778564 0.023703008890151978 0.45802107453346252
vn 0.67588192224502563 0.1906849592924118 0.71191495656967163
vn 0.75647515058517456 -0.068759001791477203 0.65039801597595215
vn 0.52331101894378662 0.14538499712944031 0.83964800834655762
vn 0.55950814485549927 -0.075464025139808655 0.82538223266601563
vn 0.37129095196723938 0.19761399924755096 0.90724402666091919
vn 0.39878401160240173 -0.02403000183403492 0.91672998666763306
vn 0.33354490995407104 0.29258489608764648 0.89618182182312012
vn 0.32719108462333679 0.043067015707492828 0.94397628307342529
vn 0.4673367440700531 0.034842979162931442 0.88339251279830933
vn 0.37865081429481506 0.0089129963889718056 0.92549669742584229
vn 0.42878282070159912 -0.078508973121643066 0.8999897837638855
vn 0.49344086647033691 -0.046548984944820404 0.86853283643722534
vn 0.61492073535919189 -0.16545796394348145 0.77103579044342041
vn 0.66429120302200317 -0.14028200507164001 0.73419219255447388
vn 0.80292618274688721 -0.22934803366661072 0.55018997192382813
vn 0.83639949560165405 -0.20030315220355988 0.51021027565002441
vn 0.86614722013473511 -0.16595703363418579 0.47143107652664185
vn 0.93668752908706665 -0.24208785593509674 0.253001868724823
vn 0.91318166255950928 -0.25212588906288147 0.32020586729049683
vn 0.90803819894790649 -0.22899703681468964 0.35075199604034424
vn 0.96672070026397705 0.040463980287313461 0.25261387228965759
vn 0.96098124980926514 0.1492040604352951 0.23292310535907745
vn 0.95304304361343384 -0.19006502628326416 0.23576304316520691
vn 0.9370194673538208 -0.28103411197662354 0.20739907026290894
vn 0.93813341856002808 -0.23324106633663177 0.25593811273574829
vn 0.95631629228591919 -0.19764208793640137 0.21539907157421112
vn 0.96547836065292358 -0.21979212760925293 0.13979607820510864
vn 0.99106550216674805 -0.094363056123256683 0.094259068369865417
vn 0.98199021816253662 0.14925800263881683 0.11583299934864044
vn 0.97898465394973755 0.12558791041374207 0.16067589819431305
vn 0.99105608463287354 0.1097090095281601 0.075972005724906921
vn 0.98287731409072876 0.018901007249951363 0.18328909575939178
vn 0.99997925758361816 0.0063369986601173878 -0.0011669998057186604
vn 0.99257659912109375 -0.11300797760486603 0.044953983277082443
vn 0.98144811391830444 -0.17006106674671173 0.088537059724330902
vn 0.98912888765335083 -0.088619999587535858 0.11734799295663834
vn 0.96764457225799561 -0.038781981915235519 0.24931891262531281
vn 0.99641668796539307 0.053834982216358185 -0.065234974026679993
vn 0.99776297807693481 -0.0666159987449646 -0.0055970009416341782
vn 0.98609483242034912 -0.15320801734924316 0.064375974237918854
vn 0.73717600107192993 0.11663003265857697 0.66555911302566528
vn 0.48456311225891113 0.28621509671211243 0.82660722732543945
vn 0.17546398937702179 -0.34677496552467346 0.92138999700546265
vn 0.35583800077438354 -0.43492993712425232 0.82717305421829224
vn -0.17255492508411407 -0.44909989833831787 0.87666076421737671
vn -0.15502801537513733 -0.56696110963821411 0.80902498960494995
vn 0.099544040858745575 -0.27723208069801331 0.95563244819641113
vn -0.080071017146110535 -0.74391394853591919 0.66346114873886108
vn 0.25586298108100891 -0.66650086641311646 0.70022189617156982
vn -0.054473992437124252 -0.91078484058380127 0.40927201509475708
vn 0.33143708109855652 -0.7117990255355835 0.61926698684692383
vn 0.40621080994606018 -0.69102078676223755 0.59789884090423584
vn 0.2667478621006012 -0.86346453428268433 0.42810580134391785
vn 0.44311398267745972 -0.75739890336990356 0.47957989573478699
vn 0.47764506936073303 -0.6993250846862793 0.53178906440734863
vn 0.40265095233917236 -0.75189310312271118 0.52204304933547974
vn 0.70409440994262695 -0.23887814581394196 0.66872137784957886
vn 0.41301292181015015 -0.43649795651435852 0.79930585622787476
vn 0.54870468378067017 0.63255655765533447 0.54662179946899414
vn 0.45960503816604614 0.63037413358688354 0.62561303377151489
vn 0.5781019926071167 0.45266604423522949 0.6788899302482605
vn 0.48500204086303711 0.46408003568649292 0.74121707677841187
vn 0.5327569842338562 0.18075099587440491 0.82674002647399902
vn 0.3683319091796875 0.40067687630653381 0.83892172574996948
vn 0.31548193097114563 0.01912899874150753 0.94873875379562378
vn 0.28218811750411987 0.48111113905906677 0.83000117540359497
vn 0.2254980057477951 0.22906000912189484 0.94693303108215332
vn 0.33101385831832886 0.53337687253952026 0.77842080593109131
vn 0.17634895443916321 0.53565478324890137 0.8258177638053894
vn 0.27605804800987244 0.59454917907714844 0.75518423318862915
vn 0.31033101677894592 0.61845415830612183 0.72194814682006836
vn 0.37146314978599548 0.68462324142456055 0.62714123725891113
vn 0.24576008319854736 0.8525313138961792 0.46129420399665833
vn 0.31552910804748535 0.46479928493499756 0.82728654146194458
vn 0.13914696872234344 0.43670192360877991 0.88877981901168823
vn 0.035791993141174316 0.71619987487792969 0.69697684049606323
vn 0.10925297439098358 0.88835698366165161 0.445965975522995
vn 0.63138526678085327 0.60536736249923706 0.48464730381965637
vn 0.47392511367797852 -0.59621310234069824 0.64801615476608276
vn 0.072467021644115448 -0.82096105813980103 0.56636691093444824
vn 0.0037170001305639744 -0.74917203187942505 0.66236507892608643
vn 0.14389196038246155 -0.7245858907699585 0.67399585247039795
vn 0.032745003700256348 -0.90314126014709473 0.42809301614761353
vn 0.049095984548330307 -0.89473283290863037 0.44389498233795166
vn -0.068917997181415558 -0.83091479539871216 0.55211490392684937
vn 0.094783015549182892 0.87561416625976563 0.47362011671066284
vn 0.025529017671942711 0.85034233331680298 0.52561026811599731
vn 0.01733100600540638 -0.15473908185958862 0.98780333995819092
vn 0.86733180284500122 0.15016098320484161 -0.47453898191452026
vn 0.78334504365921021 -0.078400023281574249 -0.61662304401397705
vn 0.91146737337112427 0.063549019396305084 -0.40643420815467834
vn 0.91742914915084839 -0.039094004780054092 -0.39597401022911072
vn 0.8560369610786438 0.20349794626235962 -0.47517293691635132
vn 0.78955680131912231 -0.040253989398479462 -0.61235582828521729
vn 0.88824141025543213 0.1093870997428894 -0.44616326689720154
vn 0.8933182954788208 0.0087610026821494102 -0.4493391215801239
vn 0.81692492961883545 0.24245098233222961 -0.5233079195022583
vn 0.7815248966217041 0.0394119992852211 -0.62262791395187378
vn 0.69914191961288452 0.26996004581451416 -0.66205900907516479
vn 0.65805619955062866 0.061717040836811066 -0.7504352331161499
vn 0.47526979446411133 0.3061809241771698 -0.82484656572341919
vn 0.42093604803085327 0.10497197508811951 -0.90099596977233887
vn 0.24948802590370178 0.34454703330993652 -0.90500998497009277
vn 0.20138399302959442 0.13397200405597687 -0.97030717134475708
vn 0.076018981635570526 0.37187495827674866 -0.92516493797302246
vn 0.034106995910406113 0.1502869725227356 -0.98805391788482666
vn -0.01060700137168169 0.3770700991153717 -0.9261239767074585
vn -0.021634003147482872 0.15357400476932526 -0.98790031671524048
vn -0.035660009831190109 0.29331004619598389 -0.9553520679473877
vn 0.69986337423324585 0.20742911100387573 -0.68349426984786987
vn 0.82295078039169312 0.16019599139690399 -0.54505890607833862
vn 0.25760006904602051 0.31082817912101746 -0.91489237546920776
vn 0.48579698801040649 0.26836296916007996 -0.83185493946075439
vn 0.043506011366844177 0.31524598598480225 -0.94801223278045654
vn 0.11968496441841125 -0.24907790124416351 -0.96105968952178955
vn -0.022805994376540184 -0.35386985540390015 -0.93501657247543335
vn 0.16548094153404236 0.0031849995721131563 -0.98620784282684326
vn 0.81582874059677124 -0.153377965092659 -0.55758291482925415
vn 0.76476407051086426 -0.16052602231502533 -0.62399303913116455
vn 0.84424573183059692 0.0036549991928040981 -0.53594380617141724
vn 0.87863492965698242 -0.070446006953716278 -0.47226899862289429
vn 0.9030001163482666 0.15444701910018921 -0.40092006325721741
vn 0.94422411918640137 0.060254018753767014 -0.32374408841133118
vn 0.16636595129966736 0.98003089427947998 -0.10891198366880417
vn 0.14934298396110535 0.80665004253387451 -0.5718500018119812
vn -0.032687004655599594 -0.10714501142501831 -0.99370592832565308
vn 0.70330989360809326 0.47238296270370483 -0.53123396635055542
vn 0.73970836400985718 0.649361252784729 -0.17652606964111328
vn 0.85736912488937378 0.47955703735351563 -0.1869310587644577
vn 0.78865319490432739 0.36495214700698853 -0.49480912089347839
vn 0.63148969411849976 0.220227912068367 -0.74345171451568604
vn 0.54311388731002808 0.27669590711593628 -0.79275888204574585
vn 0.57269895076751709 0.60983192920684814 -0.54783296585083008
vn 0.56397193670272827 -0.09903399646282196 -0.81983411312103271
vn 0.47146493196487427 -0.053871996700763702 -0.88023781776428223
vn 0.52602308988571167 -0.22177600860595703 -0.8210451602935791
vn 0.63192528486251831 -0.13456898927688599 -0.76325726509094238
vn 0.58771926164627075 -0.24379311501979828 -0.77146029472351074
vn 0.63523995876312256 -0.26070001721382141 -0.72698396444320679
vn 0.5584719181060791 -0.23180194199085236 -0.79647785425186157
vn 0.58469122648239136 -0.15727707743644714 -0.79586440324783325
vn 0.69458597898483276 -0.19595897197723389 -0.69220691919326782
vn 0.4195079505443573 0.71918785572052002 -0.55387896299362183
vn 0.44621992111206055 0.88419681787490845 -0.13814395666122437
vn 0.57415616512298584 0.80352926254272461 -0.15711602568626404
vn 0.44077384471893311 0.34052190184593201 -0.83051985502243042
vn 0.33600088953971863 0.40075987577438354 -0.85234671831130981
vn 0.26941600441932678 0.77974504232406616 -0.56516605615615845
vn 0.37127590179443359 -0.015759998932480812 -0.92838883399963379
vn 0.27373009920120239 -0.00013500006753019989 -0.9618065357208252
vn 0.30424588918685913 -0.22674691677093506 -0.92521363496780396
vn 0.43219795823097229 -0.21230602264404297 -0.87643086910247803
vn 0.37261620163917542 -0.23571215569972992 -0.89755052328109741
vn 0.16075199842453003 -0.26802098751068115 -0.94990712404251099
vn 0.12818804383277893 -0.11448103934526443 -0.98512023687362671
vn 0.35288402438163757 -0.12776400148868561 -0.92690300941467285
vn 0.83902865648269653 0.28160884976387024 -0.4655398428440094
vn 0.92641502618789673 0.33278802037239075 -0.17608900368213654
vn 0.98403716087341309 0.12961500883102417 -0.12194602191448212
vn 0.77347880601882935 0.090742982923984528 -0.62729281187057495
vn 0.69897919893264771 0.162461057305336 -0.69644415378570557
vn 0.7144131064414978 -0.17025907337665558 -0.67869418859481812
vn 0.63981211185455322 -0.25334301590919495 -0.7255740761756897
vn 0.69824802875518799 -0.2586820125579834 -0.66748285293579102
vn 0.69722890853881836 -0.316336989402771 -0.64327502250671387
vn 0.65895897150039673 -0.29803603887557983 -0.69061392545700073
vn 0.72412174940109253 -0.22120292484760284 -0.65323573350906372
vn 0.71831792593002319 -0.23580899834632874 -0.6545330286026001
vn 0.29965394735336304 0.94585686922073364 -0.12474899739027023
vn 0.19815900921821594 0.44826191663742065 -0.87166178226470947
vn 0.21021799743175507 -0.24336600303649902 -0.9468798041343689
vn 0.030521005392074585 -0.31483614444732666 -0.94865518808364868
vn -0.011764994822442532 -0.11448798328638077 -0.99335497617721558
vn 0.99521809816360474 0.036435004323720932 -0.090627998113632202
vn 0.76878911256790161 -0.28059107065200806 -0.57465815544128418
vn 0.76282316446304321 -0.30245909094810486 -0.57150614261627197
vn 0.96623378992080688 0.11816997826099396 0.22897189855575562
vn 0.96883434057235718 -0.0068000028841197491 0.24761617183685303
vn 0.98016756772994995 0.056150976568460464 0.19004888832569122
vn 0.95504289865493774 0.253091961145401 0.15439397096633911
vn 0.96695786714553833 0.051214985549449921 0.24973897635936737
vn 0.97873872518539429 -0.0075739994645118713 0.20497098565101624
vn 0.97559612989425659 0.12354502081871033 0.18151804804801941
vn 0.97813171148300171 0.048196997493505478 0.20232495665550232
vn 0.96334755420684814 0.051379039883613586 0.26329010725021362
vn 0.98584616184234619 -0.01663600467145443 0.1668250560760498
vn 0.96740591526031494 0.11587297171354294 0.2251649796962738
vn 0.87493294477462769 0.20459096133708954 0.4389018714427948
vn 0.85407727956771851 0.25352904200553894 0.45417505502700806
vn 0.88298803567886353 0.27812495827674866 0.37812510132789612
vn 0.87773066759109497 0.39817285537719727 0.26654696464538574
vn 0.85559415817260742 0.50051611661911011 0.13206906616687775
vn 0.13165093958377838 0.20918889343738556 0.96897268295288086
vn 0.041447997093200684 0.26946401596069336 0.96211808919906616
vn 0.28617402911186218 0.34293404221534729 0.89470702409744263
vn 0.38206696510314941 0.33463203907012939 0.86142104864120483
vn 0.22109191119670868 0.34681090712547302 0.91150456666946411
vn 0.12916000187397003 0.62305790185928345 0.77143794298171997
vn 0.12687098979949951 0.34472984075546265 0.93008875846862793
vn 0.17491492629051208 0.88601678609848022 0.42939376831054688
vn 0.28713223338127136 0.94303745031356812 0.1680341362953186
vn 0.43840423226356506 0.88110649585723877 0.17735008895397186
vn 0.16038595139980316 0.97165477275848389 0.17367595434188843
vn 0.60902100801467896 0.36722597479820251 0.70302098989486694
vn 0.46633586287498474 0.34841293096542358 0.81310474872589111
vn 0.77596443891525269 0.42808425426483154 0.46327430009841919
vn 0.6299547553062439 0.49889177083969116 0.59520077705383301
vn 0.55248504877090454 0.31671500205993652 0.77100706100463867
vn 0.71885651350021362 0.29544118046760559 0.62925338745117188
vn 0.72008627653121948 0.61435127258300781 0.32256513833999634
vn 0.60276031494140625 0.71565937995910645 0.35286208987236023
vn 0.69757199287414551 0.69884413480758667 0.15814599394798279
vn 0.55288386344909668 0.8130868673324585 0.18223389983177185
vn 0.43855491280555725 0.81694686412811279 0.37452292442321777
vn 0.42202910780906677 0.59268313646316528 0.68601614236831665
vn 0.30317685008049011 0.86937558650970459 0.39021775126457214
vn 0.26423397660255432 0.6452949047088623 0.7167809009552002
vn 0.97852259874343872 -0.081010974943637848 0.18955400586128235
vn 0.99885869026184082 -0.01969299279153347 -0.043513990938663483
vn 0.96809178590774536 -0.027358002960681915 -0.24909800291061401
vn 0.93063759803771973 -0.11940095573663712 -0.34591490030288696
vn 0.91439473628997803 -0.16822193562984467 -0.368216872215271
vn 0.91280895471572876 -0.26946595311164856 -0.30686792731285095
vn 0.90520364046096802 -0.2312329113483429 -0.3565637469291687
vn 0.96581238508224487 -0.19104290008544922 0.1752399206161499
vn 0.96889966726303101 -0.14255495369434357 0.2022659033536911
vn 0.99611318111419678 -0.087544985115528107 -0.0097190001979470253
vn 0.97401660680770874 -0.11340194940567017 -0.19603994488716125
vn 0.95647734403610229 -0.17875802516937256 -0.23064401745796204
vn 0.9649849534034729 -0.21404103934764862 -0.15162600576877594
vn 0.96906042098999023 -0.2371821403503418 -0.068312026560306549
vn 0.99200814962387085 -0.11708506941795349 -0.047020021826028824
vn 0.99604970216751099 -0.085601955652236938 0.023607984185218811
vn 0.53238093852996826 -0.604716956615448 -0.59235793352127075
vn 0.2677040696144104 -0.81657719612121582 0.51140612363815308
vn 0.91471892595291138 -0.046034988015890121 0.4014599621295929
vn 0.98998361825942993 0.028240982443094254 0.1383289247751236
vn 0.99894505739212036 0.040845993906259537 -0.02098599448800087
vn 0.95401626825332642 0.02532600611448288 0.2986830472946167
vn 0.97233563661575317 0.16341598331928253 0.16690896451473236
vn 0.98275715112686157 -0.034662000834941864 0.18162301182746887
vn 0.94591265916824341 -0.14006495475769043 0.29262781143188477
vn 0.96479851007461548 -0.038166012614965439 0.26020616292953491
vn 0.99869710206985474 -0.049294013530015945 -0.013198003172874451
vn 0.97477835416793823 -0.16344708204269409 -0.15196108818054199
vn 0.95963031053543091 -0.24852307140827179 -0.13170404732227325
vn 0.97030603885650635 -0.23656199872493744 -0.05044400691986084
vn 0.97014892101287842 -0.24230396747589111 0.0099949976429343224
vn 0.99386328458786011 -0.087659038603305817 0.067466013133525848
vn 0.99173992872238159 -0.11381198465824127 -0.059149991720914841
vn 0.59423524141311646 -0.36639314889907837 -0.71598923206329346
vn -0.6441648006439209 -0.35378989577293396 -0.67814779281616211
vn 0.20157395303249359 -0.86540484428405762 -0.45874002575874329
vn -0.32937318086624146 -0.30452612042427063 -0.89374333620071411
vn 0.10354700684547424 -0.61282503604888916 -0.78340506553649902
vn -0.32200402021408081 -0.677295982837677 -0.66150099039077759
vn -0.77153456211090088 -0.22720485925674438 -0.59423261880874634
vn -0.7665444016456604 -0.25723311305046082 -0.58842229843139648
vn 0.59779095649719238 -0.63709485530853271 -0.48657593131065369
vn 0.91366899013519287 0.050982002168893814 0.40324905514717102
vn 0.90864408016204834 0.067863039672374725 0.41202008724212646
vn 0.95714759826660156 0.096176929771900177 0.27316385507583618
vn 0.773060142993927 0.50119709968566895 -0.38881805539131165
vn 0.73564869165420532 -0.29257789254188538 -0.61091667413711548
vn 0.61937308311462402 0.6448250412940979 0.44785898923873901
vn 0.93992704153060913 -0.17371007800102234 0.29387402534484863
vn 0.73906725645065308 0.49709621071815491 0.45461517572402954
vn 0.92977243661880493 -0.36557209491729736 -0.043362006545066833
vn 0.72239005565643311 0.6247979998588562 0.29627698659896851
vn 0.99164712429046631 -0.079414993524551392 0.1016329899430275
vn 0.98497229814529419 -0.091369003057479858 0.1465650200843811
vn 0.90994030237197876 0.065576046705245972 0.40952220559120178
vn 0.9668390154838562 -0.24302405118942261 -0.078496009111404419
vn 0.94789063930511475 0.072893962264060974 0.31014487147331238
vn 0.55821377038955688 -0.5092017650604248 -0.65506565570831299
vn -0.77138489484786987 -0.20571397244930267 -0.60220187902450562
vn 0.95159655809402466 -0.18008795380592346 -0.24906289577484131
vn 0.71456432342529297 -0.14999504387378693 0.68330031633377075
vn 0.90619337558746338 -0.40334609150886536 0.1269860565662384
vn 0.80880731344223022 -0.38900613784790039 0.44102716445922852
vn 0.8763546347618103 -0.23945185542106628 -0.41792982816696167
vn 0.82015389204025269 -0.51238179206848145 -0.25458294153213501
vn 0.51753592491149902 0.46686500310897827 0.71707296371459961
vn 0.85464906692504883 -0.1110050156712532 0.50720101594924927
vn 0.70926684141159058 -0.70151185989379883 0.069437988102436066
vn 0.86904525756835938 0.33989402651786804 0.3594890832901001
vn 0.71525174379348755 -0.5290648341178894 0.45662385225296021
vn 0.74351990222930908 0.60381889343261719 0.28736889362335205
vn -0.24820208549499512 0.96094822883605957 -0.12236908078193665
vn 0.73883312940597534 0.61452120542526245 -0.2765670120716095
vn 0.3797619640827179 -0.28815695643424988 -0.87905997037887573
vn 0.90635514259338379 -0.10393401235342026 0.4095340371131897
vn 0.35380899906158447 0.022084999829530716 -0.93505692481994629
vn 0.91254281997680664 -0.20123495161533356 0.35604789853096008
vn 0.52232092618942261 0.30142289400100708 -0.79769986867904663
vn 0.96476733684539795 -0.12362606078386307 0.23225110769271851
vn 0.7706337571144104 0.54258882999420166 -0.33424684405326843
vn 0.93408828973770142 -0.21937210857868195 0.28170007467269897
vn -0.60074895620346069 0.52825790643692017 -0.60003691911697388
vn -0.65614688396453857 0.19712798297405243 -0.72843104600906372
vn -0.72979080677032471 -0.011492999270558357 -0.68357390165328979
vn -0.78882521390914917 -0.040644999593496323 -0.61327219009399414
vn -0.6312180757522583 0.39118111133575439 -0.66973209381103516
vn -0.87274926900863647 0.13521404564380646 -0.46906915307044983
vn -0.62463837862014771 0.1097220778465271 -0.77316749095916748
vn -0.48587211966514587 -0.17781004309654236 -0.85575222969055176
vn -0.70381486415863037 -0.25234594941139221 -0.66405278444290161
vn -0.30329909920692444 -0.54674112796783447 -0.78043818473815918
vn 0.18130600452423096 -0.62985795736312866 -0.75525301694869995
vn 0.14026308059692383 -0.40007320046424866 -0.90568631887435913
vn 0.62959599494934082 -0.10073099285364151 -0.77036494016647339
vn 0.82069289684295654 -0.062582984566688538 -0.56793183088302612
vn 0.85430079698562622 0.088002994656562805 -0.51227492094039917
vn -0.17543907463550568 -0.28542011976242065 -0.94220829010009766
vn -0.12353403866291046 0.20524410903453827 -0.97088319063186646
vn -0.056010987609624863 0.44231387972831726 -0.89510959386825562
vn -0.050952982157468796 0.21882091462612152 -0.9744337797164917
vn 0.74413615465164185 -0.037793010473251343 0.66695809364318848
vn 0.57928401231765747 -0.144880011677742 0.8021470308303833
vn 0.81696909666061401 0.11902301013469696 0.56426501274108887
vn 0.96503978967666626 0.24683484435081482 -0.088151954114437103
vn 0.97506219148635864 0.0062040016055107117 -0.22184506058692932
vn 0.95893764495849609 -0.19303788244724274 -0.20778588950634003
vn 0.96517866849899292 -0.25827094912528992 -0.041547983884811401
vn 0.89380902051925659 -0.22532400488853455 0.38772997260093689
vn 0.83765280246734619 -0.44213888049125671 0.32070392370223999
vn 0.84787100553512573 -0.36920303106307983 0.38053104281425476
vn 0.65522128343582153 -0.016194010153412819 0.75526344776153564
vn 0.5500909686088562 -0.1166129857301712 0.82692283391952515
vn 0.1958179771900177 -0.80700981616973877 0.55712693929672241
vn 0.41486203670501709 -0.69542604684829712 0.58674705028533936
vn 0.10464503616094589 -0.62852203845977783 0.77072006464004517
vn 0.093519009649753571 -0.25487500429153442 0.96244114637374878
vn 0.17691604793071747 0.43075308203697205 0.88495904207229614
vn 0.24031807482242584 0.91671210527420044 0.31919607520103455
vn 0.080279998481273651 0.96894979476928711 0.23386192321777344
vn 0.37556281685829163 0.91743552684783936 0.13139492273330688
vn 0.51864635944366455 0.73824453353881836 0.4312782883644104
vn 0.65550291538238525 0.67377609014511108 0.34108901023864746
vn 0.67149078845977783 0.54657483100891113 0.50035595893859863
vn 0.67345571517944336 0.27049484848976135 0.68796074390411377
vn 0.35512903332710266 -0.34758201241493225 0.86779612302780151
vn 0.61599504947662354 -0.65577805042266846 0.43646907806396484
vn 0.8153039813041687 0.12625402212142944 0.56510114669799805
vn 0.92053014039993286 0.19992505013942719 0.33564001321792603
vn 0.80068230628967285 0.20970907807350159 0.56118619441986084
vn 0.72829282283782959 0.41968783736228943 0.54171180725097656
vn 0.81615602970123291 -0.24300900101661682 0.52424800395965576
vn 0.83528780937194824 0.22429998219013214 0.50197982788085938
vn 0.98252284526824951 0.15250298380851746 0.10673197358846664
vn 0.77829265594482422 0.17743593454360962 -0.60230976343154907
vn 0.51595205068588257 -0.82668006420135498 0.22448502480983734
vn 0.90643799304962158 0.23066200315952301 -0.35378697514533997
vn 0.85689312219619751 0.51532500982284546 0.013201001100242138
vn 0.83064889907836914 -0.52346992492675781 0.18974097073078156
vn 0.95207077264785767 -0.28723388910293579 0.10515695810317993
vn 0.72844523191452026 -0.42768120765686035 0.53521615266799927
vn 0.66974174976348877 -0.651347815990448 0.35663992166519165
vn 0.87481409311294556 0.082479022443294525 0.47738611698150635
vn 0.7025904655456543 0.71108841896057129 0.026832021772861481
vn 0.42994910478591919 0.65921604633331299 -0.61691004037857056
vn -0.26196205615997314 -0.086894020438194275 -0.96115833520889282
vn 0.56197100877761841 0.44676300883293152 -0.69612598419189453
vn 0.87651604413986206 -0.40712499618530273 -0.25684401392936707
vn -0.3333410918712616 -0.2885800302028656 -0.89755517244338989
vn 0.2196701318025589 -0.7730332612991333 0.59511727094650269
vn 0.13322192430496216 -0.79374057054519653 0.59348785877227783
vn 0.22356106340885162 -0.30737903714179993 0.92495328187942505
vn 0.22531089186668396 -0.55179071426391602 0.80297070741653442
vn 0.019676009193062782 -0.95921933650970459 0.28197711706161499
vn -0.12250397354364395 -0.92891579866409302 0.34943985939025879
vn 0.022533005103468895 -0.96281617879867554 0.26921606063842773
vn 0.25166699290275574 -0.89711189270019531 0.36311700940132141
vn 0.5191349983215332 -0.54753589630126953 0.65627992153167725
vn 0.20652687549591064 0.78467875719070435 0.58448773622512817
vn 0.070040985941886902 0.93213069438934326 0.35528388619422913
vn 0.25611698627471924 0.95729696750640869 0.13411404192447662
vn 0.17719893157482147 0.97283989191055298 0.14893996715545654
vn 0.0041520004160702229 0.98880571126937866 0.14915098249912262
vn -0.0083319991827011108 0.96548402309417725 0.2603289783000946
vn -0.03165600448846817 0.81063604354858398 0.5846940279006958
vn -0.043231017887592316 0.60190826654434204 0.79739421606063843
vn -0.15205001831054688 -0.63647693395614624 0.75615996122360229
vn -0.066887021064758301 -0.047977015376091003 0.99660640954971313
vn -0.15281395614147186 -0.8689349889755249 0.47074398398399353
vn -0.015796994790434837 -0.99826353788375854 -0.056747972965240479
vn -0.072376012802124023 -0.99729520082473755 -0.012807996943593025
vn -0.079956993460655212 -0.99558395147323608 0.049187995493412018
vn -0.12606403231620789 -0.98823738098144531 0.086572028696537018
vn -0.99039334058761597 0.1374410092830658 -0.015200003981590271
vn -0.051037974655628204 0.99218189716339111 -0.11388695240020752
vn -0.027025986462831497 0.99010258913040161 -0.13771893084049225
vn -0.017013004049658775 0.99244415760040283 -0.1215120330452919
vn -0.12640899419784546 0.97998201847076416 -0.15380503237247467
vn -0.26380395889282227 -0.5825120210647583 -0.76882195472717285
vn -0.49878880381584167 -0.52346980571746826 -0.69078874588012695
vn -0.73882830142974854 -0.48077017068862915 -0.47222110629081726
vn -0.72104102373123169 -0.60144400596618652 -0.34404206275939941
vn -0.96682488918304443 0.029533999040722847 -0.25372692942619324
vn -0.19323703646659851 0.76248210668563843 -0.61747914552688599
vn -0.31724593043327332 0.73226070404052734 -0.60261869430541992
vn -0.47389012575149536 0.74462413787841797 -0.47006708383560181
vn -0.46244391798973083 0.80267786979675293 -0.37663492560386658
vn -0.28003403544425964 0.29764711856842041 -0.91268128156661987
vn -0.2265089750289917 0.52345699071884155 -0.82139301300048828
vn -0.52215385437011719 0.28073793649673462 -0.80532079935073853
vn -0.45658093690872192 0.47836795449256897 -0.75013196468353271
vn -0.74480253458023071 0.26861479878425598 -0.610831618309021
vn -0.68406999111175537 0.39532005786895752 -0.61300104856491089
vn -0.72209542989730835 0.23700505495071411 -0.64992833137512207
vn -0.55188101530075073 0.45570102334022522 -0.69840097427368164
vn -0.79733246564865112 0.16909205913543701 -0.57936930656433105
vn -0.71089887619018555 0.21324892342090607 -0.67018485069274902
vn -0.31175398826599121 0.12517797946929932 -0.94188106060028076
vn -0.37103608250617981 -0.15932601690292358 -0.91484832763671875
vn -0.52461487054824829 0.16976900398731232 -0.83424079418182373
vn -0.56445997953414917 -0.04476199671626091 -0.82424592971801758
vn -0.76485174894332886 0.16301897168159485 -0.62323880195617676
vn -0.75231307744979858 -0.019023001194000244 -0.6585310697555542
vn -0.73794716596603394 0.18366509675979614 -0.64938515424728394
vn -0.72865074872970581 0.011207997798919678 -0.68479377031326294
vn 0.035794999450445175 -0.78908908367156982 0.6132349967956543
vn 0.19300593435764313 -0.4907238781452179 0.84966981410980225
vn 0.1166909858584404 0.10092597454786301 0.98802691698074341
vn 0.22421091794967651 0.37696284055709839 0.89868152141571045
vn 0.32852298021316528 0.56509906053543091 0.75679302215576172
vn 0.31552720069885254 0.66249024868011475 0.67937415838241577
vn 0.23272396624088287 0.75770479440689087 0.60969090461730957
vn 0.24414807558059692 0.75919026136398315 0.60334223508834839
vn 0.33151611685752869 0.37209212779998779 0.8669743537902832
vn 0.3535359799861908 0.060043003410100937 0.93349188566207886
vn 0.34421098232269287 -0.038102008402347565 0.93811887502670288
vn 0.38031604886054993 -0.36288106441497803 0.85069209337234497
vn 0.38882377743721008 -0.55174976587295532 0.73782670497894287
vn 0.31382700800895691 -0.68156200647354126 0.66104906797409058
vn 0.20907604694366455 -0.29820206761360168 0.93132311105728149
vn 0.34024214744567871 -0.10897207260131836 0.9340023398399353
vn 0.32966500520706177 -0.48711705207824707 0.80872613191604614
vn -0.0822950080037117 0.18108102679252625 -0.9800189733505249
vn 0.8282209038734436 0.060162998735904694 -0.55716294050216675
vn 0.72559112310409546 0.098450019955635071 -0.68104708194732666
vn 0.53723984956741333 0.15491902828216553 -0.82907986640930176
vn 0.30567312240600586 0.20590804517269135 -0.92960518598556519
vn 0.039998993277549744 0.2172279953956604 -0.97530102729797363
vn -0.052712973207235336 -0.31557387113571167 0.94743573665618896
vn -0.20200906693935394 -0.01396600529551506 0.97928404808044434
vn 0.11383602023124695 0.18683300912380219 0.97577393054962158
vn -3.800001650233753E-05 0.17129711806774139 0.98521941900253296
vn 0.10041698068380356 0.095845997333526611 0.99031811952590942
vn -0.22145815193653107 0.29897412657737732 0.92820835113525391
vn -0.023868007585406303 0.13328704237937927 0.99079000949859619
vn -6.4000021666288376E-05 0.071055017411708832 0.99747240543365479
vn 0.11360898613929749 0.18174098432064056 0.9767615795135498
vn -0.42493975162506104 0.21651983261108398 0.87894558906555176
vn -0.24738699197769165 -0.71913999319076538 0.64933604001998901
vn -1.9999988580821082E-05 -0.35029992461204529 0.93663758039474487
vn -0.23002207279205322 -0.097290031611919403 0.96831011772155762
vn -0.42860981822013855 -0.40983492136001587 0.80518877506256104
vn -0.61679923534393311 -0.051631029695272446 0.78542530536651611
vn -0.4977518618106842 0.20803691446781158 0.84199982881546021
vn -0.48232084512710571 -0.062268961220979691 0.87377870082855225
vn -0.57242012023925781 0.27068400382995605 0.77399313449859619
vn -0.48503199219703674 0.36746904253959656 0.79354298114776611
vn -0.50068920850753784 0.34644815325737 0.79327422380447388
vn -0.4989069402217865 0.13906295597553253 0.85542583465576172
vn -0.47544127702713013 -0.10202606767416 0.87381136417388916
vn -0.50884902477264404 0.28419798612594604 0.81259101629257202
vn -0.54170793294906616 0.22172994911670685 0.8107948899269104
vn -0.52582186460494995 -0.01999199390411377 0.85035973787307739
vn -0.78284531831741333 -0.27350509166717529 0.55888116359710693
vn -0.56239688396453857 0.1095379963517189 0.8195798397064209
vn -0.62684589624404907 0.16227099299430847 0.76205796003341675
vn -0.65458023548126221 0.075327031314373016 0.75223040580749512
vn -0.55597281455993652 0.046140994876623154 0.82991880178451538
vn -0.62985306978225708 0.12816502153873444 0.76606714725494385
vn -0.68068718910217285 0.078006021678447723 0.72840923070907593
vn -0.69497311115264893 0.088761009275913239 0.71353620290756226
vn -0.65934616327285767 0.16312803328037262 0.73392903804779053
vn -0.58204710483551025 -0.45100301504135132 0.67662209272384644
vn -0.65872514247894287 -0.29323813319206238 0.69288712739944458
vn -0.66221505403518677 -0.17004604637622833 0.72976404428482056
vn -0.54228103160858154 -0.60029405355453491 0.58785909414291382
vn -0.56182366609573364 -0.54309862852096558 0.62401765584945679
vn -0.69323813915252686 -0.15296801924705505 0.7042880654335022
vn -0.64037209749221802 -0.37588205933570862 0.66980314254760742
vn -0.64539605379104614 -0.18027503788471222 0.74227005243301392
vn -0.68381416797637939 0.033141009509563446 0.72890317440032959
vn -0.69035416841506958 -0.023462003096938133 0.7230910062789917
vn -0.70146816968917847 -0.028961023315787315 0.71211212873458862
vn -0.61003988981246948 -0.041449993848800659 0.79128581285476685
vn -0.67083996534347534 0.035163998603820801 0.74076801538467407
vn -1.4000008377479389E-05 -0.74780428409576416 0.66391921043395996
vn -0.060729991644620895 -0.39584791660308838 0.9163057804107666
vn -0.21792997419834137 -0.66981196403503418 0.70982986688613892
vn -0.13295204937458038 -0.59976810216903687 0.78905129432678223
vn -0.070119969546794891 -0.71476578712463379 0.69583982229232788
vn -0.35908409953117371 -0.39882108569145203 0.84380114078521729
vn -0.52332586050033569 -0.49953591823577881 0.69035780429840088
vn -0.45420089364051819 -0.45600894093513489 0.76534789800643921
vn -0.38263711333274841 -0.58564823865890503 0.71456629037857056
vn -0.66647708415985107 -0.31855008006095886 0.67404311895370483
vn -0.750629723072052 -0.33566385507583618 0.56910878419876099
vn -0.67369925975799561 -0.27050009369850159 0.68772017955780029
vn -0.6654011607170105 -0.4233630895614624 0.61482113599777222
vn -0.68219190835952759 -0.15904894471168518 0.7136649489402771
vn -0.71756905317306519 -0.072286009788513184 0.6927260160446167
vn -0.78835630416870117 -0.076833046972751617 0.61040234565734863
vn -0.76182335615158081 -0.21761812269687653 0.61013728380203247
vn -0.3652530312538147 -0.2221580445766449 0.904011070728302
vn -0.31507909297943115 -0.44946211576461792 0.83588814735412598
vn -0.63663113117218018 0.12435401976108551 0.76107615232467651
vn -0.54051589965820313 -0.09178798645734787 0.83631187677383423
vn -0.4470379650592804 -0.47663187980651855 0.75695383548736572
vn -0.35294094681739807 -0.77786993980407715 0.51995289325714111
vn -0.39983305335044861 -0.64135408401489258 0.6548270583152771
vn -0.4110141396522522 -0.34405109286308289 0.84421336650848389
vn -0.64184290170669556 -0.20133799314498901 0.73993289470672607
vn -0.53919523954391479 -0.32128319144248962 0.77848929166793823
vn -0.60519987344741821 -0.22265595197677612 0.76430195569992065
vn -0.62453705072402954 -0.14037100970745087 0.76827692985534668
vn -0.68685668706893921 -0.13678693771362305 0.71380472183227539
vn -0.51082402467727661 -0.1336369514465332 0.849234938621521
vn -0.47735700011253357 -0.23251299560070038 0.84738892316818237
vn -0.40780580043792725 -0.21372988820075989 0.88770151138305664
vn -0.58373814821243286 -0.25539115071296692 0.77073025703430176
vn -0.55665332078933716 -0.25432315468788147 0.79085826873779297
vn -0.55854916572570801 -0.24801315367221832 0.79152530431747437
vn -0.57862186431884766 -0.2896769642829895 0.76241981983184814
vn -0.71961838006973267 -0.27613618969917297 0.63710141181945801
vn -0.583290696144104 -0.19566889107227325 0.78834360837936401
vn -0.5808107852935791 -0.25596493482589722 0.77274882793426514
vn -0.67369914054870605 -0.12793202698230743 0.7278481125831604
vn -0.58775603771209717 -0.10886601358652115 0.80168014764785767
vn -0.60898822546005249 -0.12780302762985229 0.78281527757644653
vn -0.55318135023117065 -0.11491905152797699 0.82509636878967285
vn -0.48861518502235413 -0.064834021031856537 0.87008720636367798
vn -0.54170912504196167 -0.10844507068395615 0.8335411548614502
vn -0.41365876793861389 -0.068775966763496399 0.90783053636550903
vn -0.4221651554107666 -0.044395007193088531 0.90543121099472046
vn -0.44647875428199768 -0.030286980792880058 0.89428150653839111
vn -0.52142882347106934 -0.090258941054344177 0.84850770235061646
vn -0.79554396867752075 -0.072545997798442841 0.60153704881668091
vn -0.50944507122039795 -0.11864999681711197 0.85228395462036133
vn -8.6999971244949847E-05 0.014364994131028652 0.9998968243598938
vn -0.14570192992687225 0.097587980329990387 0.98450368642807007
vn -0.22900596261024475 -0.06630900502204895 0.97116392850875854
vn -0.0913500115275383 0.020386004820466042 0.99561017751693726
vn -0.4356728196144104 -0.033250991255044937 0.89949071407318115
vn -0.53726482391357422 -0.1760610044002533 0.8248327374458313
vn -0.38634687662124634 -0.14762097597122192 0.91046369075775146
vn -0.61689811944961548 -0.087659008800983429 0.782146155834198
vn -0.63767600059509277 -0.10868300497531891 0.76259905099868774
vn -0.62814879417419434 -0.14509193599224091 0.76444578170776367
vn -0.61706280708312988 -0.1442599892616272 0.77357774972915649
vn -0.61437296867370605 -0.090650983154773712 0.7837909460067749
vn -0.68333584070205688 -0.17740091681480408 0.70822387933731079
vn -0.63723105192184448 -0.24897405505180359 0.72934800386428833
vn -0.64094406366348267 -0.22443901002407074 0.73404216766357422
vn -0.71172302961349487 -0.20880596339702606 0.67070889472961426
vn -0.65761709213256836 -0.33281600475311279 0.6758500337600708
vn -0.610667884349823 -0.27310898900032043 0.74330085515975952
vn -0.71026521921157837 -0.1252310574054718 0.69270521402359009
vn -0.67453384399414063 -0.18493096530437469 0.7147059440612793
vn -0.75839197635650635 -0.26788902282714844 0.59420287609100342
vn -0.73536783456802368 -0.17315497994422913 0.65517288446426392
vn -0.58466392755508423 -0.055413972586393356 0.80938088893890381
vn -0.66580021381378174 -0.10991103947162628 0.73799026012420654
vn -0.3580690324306488 -0.031543005257844925 0.9331621527671814
vn -0.53707206249237061 -0.1103450134396553 0.8362879753112793
vn -0.47546884417533875 -0.032154984772205353 0.87914472818374634
vn 0.00019600008090492338 0.0024010012857615948 0.99999707937240601
vn -0.207147017121315 -0.17308299243450165 0.96287715435028076
vn -0.1926659494638443 -0.029532996937632561 0.98081988096237183
vn -8.9000037405639887E-05 -0.33943817019462585 0.94062834978103638
vn -0.18252794444561005 -0.60752671957015991 0.77304255962371826
vn -0.40415281057357788 -0.33640184998512268 0.85058468580245972
vn -0.20307201147079468 -0.35200396180152893 0.91370397806167603
vn -0.55117189884185791 -0.46395286917686462 0.69351083040237427
vn -0.55356311798095703 -0.2649390697479248 0.78954112529754639
vn 0.00072799989720806479 -0.80912882089614868 0.58763086795806885
vn -0.091768965125083923 -0.91790866851806641 0.38603383302688599
vn -0.34717801213264465 -0.74069696664810181 0.57518297433853149
vn -0.12747497856616974 -0.80966794490814209 0.57287693023681641
vn -0.4831550121307373 -0.799297034740448 0.35733106732368469
vn -0.66860306262969971 -0.56233304738998413 0.48657110333442688
vn -0.55245697498321533 -0.6404869556427002 0.53344899415969849
vn -0.71541821956634521 -0.57868218421936035 0.39154016971588135
vn -0.75307583808898926 -0.36103188991546631 0.55002981424331665
vn -0.74853086471557617 -0.43448793888092041 0.50092095136642456
vn -0.81553882360458374 -0.42941892147064209 0.38793790340423584
vn -0.81690073013305664 -0.36680379509925842 0.44511592388153076
vn -0.76583278179168701 -0.39510688185691833 0.50733685493469238
vn -0.52633506059646606 -0.81202101707458496 0.25217697024345398
vn -0.62382668256759644 -0.71328365802764893 0.31947878003120422
vn -0.76898205280303955 -0.54198801517486572 0.33899202942848206
vn -0.64508801698684692 -0.71161901950836182 0.27831605076789856
vn -0.49942627549171448 -0.7602042555809021 0.41552719473838806
vn -0.58439809083938599 -0.70907920598983765 0.39457011222839355
vn -0.71027117967605591 -0.60702812671661377 0.35641506314277649
vn -0.63037800788879395 -0.66143292188644409 0.40636196732521057
vn -0.33944398164749146 -0.77381813526153564 0.5347740650177002
vn -0.51854699850082397 -0.59117597341537476 0.61775398254394531
vn -0.66331177949905396 -0.63155573606491089 0.40144094824790955
vn -0.5227779746055603 -0.71845608949661255 0.45882898569107056
vn -0.36821186542510986 -0.48662775754928589 0.7922205924987793
vn -0.41105383634567261 -0.37420189380645752 0.83126872777938843
vn -0.59901612997055054 -0.40886005759239197 0.68848609924316406
vn -0.48036709427833557 -0.47535607218742371 0.73707807064056396
vn -0.29576796293258667 -0.44211795926094055 0.84678983688354492
vn -0.28876999020576477 -0.43551105260848999 0.85260897874832153
vn -0.3651299774646759 -0.31469792127609253 0.87615370750427246
vn -0.32903379201889038 -0.38499274849891663 0.86227452754974365
vn -0.25886499881744385 -0.44410595297813416 0.85776382684707642
vn -0.18257799744606018 -0.47680205106735229 0.85984015464782715
vn -0.23364000022411346 -0.51899904012680054 0.82222402095794678
vn -0.24329890310764313 -0.47227984666824341 0.84720563888549805
vn -0.07728201150894165 -0.4253670871257782 0.90171521902084351
vn -1.0000003385357559E-06 -0.48785209655761719 0.87292629480361938
vn -0.096384987235069275 -0.52133280038833618 0.84789270162582397
vn -0.10484705120325089 -0.47328716516494751 0.87464642524719238
vn -0.17030395567417145 -0.66870301961898804 0.72376298904418945
vn -0.076912000775337219 -0.53146892786026001 0.84357887506484985
vn -0.19955208897590637 -0.52054423093795776 0.8301883339881897
vn -0.30701196193695068 -0.8839220404624939 0.35273995995521545
vn -0.15923005342483521 -0.90936535596847534 0.38431814312934875
vn -0.24364794790744781 -0.85661172866821289 0.45480984449386597
vn -0.39572083950042725 -0.86383277177810669 0.31176590919494629
vn -0.25766199827194214 -0.89026880264282227 0.37554195523262024
vn -0.36686298251152039 -0.83944189548492432 0.40093496441841125
vn -0.25807002186775208 -0.93468326330184937 0.24447299540042877
vn -0.41277888417243958 -0.87807279825210571 0.24207797646522522
vn 0.00031999999191612005 -0.95502626895904541 0.29652103781700134
vn -0.16153401136398315 -0.93811225891113281 0.30635303258895874
vn -0.10742601007223129 -0.95587688684463501 0.27342092990875244
vn 0.00026599995908327401 -0.93725186586380005 0.34865298867225647
vn -0.084238015115261078 -0.94376343488693237 0.31971010565757751
vn -0.12067200988531113 -0.9264988899230957 0.35642394423484802
vn 0.00011999994603684172 -0.88418078422546387 0.46714484691619873
vn -0.015783997252583504 -0.71062695980072021 0.7033919095993042
vn -0.048118997365236282 -0.90319913625717163 0.42651602625846863
vn -6.0000024859618861E-06 -0.46753916144371033 0.88397234678268433
vn -0.040101997554302216 -0.49569392204284668 0.86757093667984009
vn -0.44563406705856323 -0.31671512126922607 0.83731824159622192
vn -0.57044917345046997 -0.24798300862312317 0.78300201892852783
vn -0.46114885807037354 -0.23411491513252258 0.85588079690933228
vn -0.42368409037590027 -0.28392106294631958 0.86016315221786499
vn -0.63407087326049805 -0.13795393705368042 0.76086980104446411
vn -0.72949373722076416 -0.41979297995567322 0.54001182317733765
vn -0.59197598695755005 -0.27385693788528442 0.75800186395645142
vn -0.82940739393234253 -0.43700221180915833 0.34801214933395386
vn -0.77837759256362915 -0.53989481925964355 0.32037782669067383
vn -0.75931799411773682 -0.53009802103042603 0.37740200757980347
vn -0.83527976274490356 -0.50460588932037354 0.21835894882678986
vn -0.78452920913696289 -0.5546191930770874 0.27732908725738525
vn -0.78351080417633057 -0.55799883604049683 0.27340096235275269
vn -0.81302571296691895 -0.44932681322097778 0.37026286125183105
vn -0.85906583070755005 -0.33773493766784668 0.38463100790977478
vn -0.80343103408813477 -0.44706505537033081 0.39323201775550842
vn -0.90603458881378174 -0.36695083975791931 0.21082794666290283
vn -0.91519278287887573 -0.29523298144340515 0.27433490753173828
vn -0.86626696586608887 -0.41793397068977356 0.27370193600654602
vn -0.73975467681884766 -0.25506192445755005 0.62266075611114502
vn -0.82216525077819824 -0.20206610858440399 0.53217810392379761
vn -0.67921775579452515 -0.11835695803165436 0.72433066368103027
vn -0.70676565170288086 -0.21559290587902069 0.67379671335220337
vn -0.73464727401733398 0.00026500012609176338 0.67844921350479126
vn -0.77221500873565674 -0.11228900402784348 0.62536001205444336
vn -0.67809271812438965 -0.040752988308668137 0.73384565114974976
vn -0.86317998170852661 -0.12203600257635117 0.48992601037025452
vn -0.89427614212036133 -0.39920806884765625 0.20224505662918091
vn -0.87372010946273804 -0.29939007759094238 0.38337805867195129
vn -0.90546518564224243 -0.42294710874557495 0.035334009677171707
vn -0.87156641483306885 -0.47219324111938477 0.13193003833293915
vn -0.87287986278533936 -0.47023493051528931 0.13022992014884949
vn -0.92605119943618774 -0.3616931140422821 0.10773701965808868
vn -0.93689364194869995 -0.28698191046714783 0.1996789276599884
vn -0.91313821077346802 -0.36830416321754456 0.1747300922870636
vn -0.87534213066101074 -0.31842705607414246 0.36384111642837524
vn -0.83350211381912231 -0.24533802270889282 0.49505910277366638
vn -0.82996636629104614 -0.29971116781234741 0.47045618295669556
vn -0.90989768505096436 -0.25078883767127991 0.33044084906578064
vn -0.91374170780181885 -0.27304795384407043 0.30086690187454224
vn -0.8939250111579895 -0.29762500524520874 0.33513796329498291
vn -0.93828064203262329 -0.23640188574790955 0.25247493386268616
vn -0.93630772829055786 -0.20091299712657928 0.2880309522151947
vn -0.92794615030288696 -0.23287400603294373 0.29100802540779114
vn -0.94974887371063232 -0.25249397754669189 0.18499697744846344
vn -0.94593197107315063 -0.21423599123954773 0.24354802072048187
vn -0.94464713335037231 -0.24648304283618927 0.21653610467910767
vn -0.95069706439971924 -0.29234206676483154 0.10349500924348831
vn -0.95859074592590332 -0.2819448709487915 0.040135990828275681
vn -0.95970803499221802 -0.23327097296714783 0.15666897594928741
vn -0.95555102825164795 -0.25843706727027893 0.1418890506029129
vn -0.89467644691467285 -0.43471223115921021 -0.10285603255033493
vn -0.92965459823608398 -0.35632288455963135 -0.093681968748569489
vn -0.9287269115447998 -0.37070497870445251 -0.0066439989022910595
vn -0.93629664182662964 -0.34797286987304688 -0.047575980424880981
vn -0.95985984802246094 -0.27566200494766235 -0.051764000207185745
vn -0.94287657737731934 -0.3228188157081604 -0.08229093998670578
vn -0.91819238662719727 -0.10503104329109192 0.38195708394050598
vn -0.94906383752822876 -0.23047390580177307 0.21484792232513428
vn -0.94638800621032715 -0.3112109899520874 0.086588002741336823
vn -0.78749656677246094 0.057513967156410217 0.61362957954406738
vn -0.87249499559402466 0.054384998977184296 0.48558700084686279
vn -0.82894456386566162 0.0082619963213801384 0.55926978588104248
vn -0.8875730037689209 -0.086917996406555176 0.45239302515983582
vn -0.92921483516693115 0.010423997417092323 0.36939293146133423
vn -0.8319389820098877 0.011689996346831322 0.55474400520324707
vn -0.93337595462799072 -0.21848800778388977 0.28473204374313354
vn -0.96612274646759033 -0.15979398787021637 0.20266401767730713
vn -0.91768783330917358 -0.18473595380783081 0.35174092650413513
vn -0.93950015306472778 -0.04104001447558403 0.34008112549781799
vn -0.97019749879837036 -0.19598610699176788 0.14250005781650543
vn -0.95032060146331787 -0.22324489057064056 0.21691586077213287
vn -0.95982176065444946 0.047359980642795563 0.2765849232673645
vn -0.97940975427627563 0.015880996361374855 0.20125693082809448
vn -0.94508814811706543 0.042281005531549454 0.32406902313232422
vn -0.9857909083366394 -0.066835969686508179 0.15410797297954559
vn -0.9946485161781311 0.00072799966437742114 0.10331396758556366
vn -0.97450560331344604 0.0081239994615316391 0.22421595454216003
vn -0.98540765047073364 -0.15994393825531006 0.058220982551574707
vn -0.99204033613204956 -0.12136107683181763 -0.033577021211385727
vn -0.98562884330749512 -0.13768598437309265 0.097868986427783966
vn -0.99933469295501709 0.0029139991383999586 0.036354992538690567
vn -0.99686896800994873 -0.052289996296167374 -0.059312991797924042
vn -0.9907219409942627 -0.067811012268066406 0.11777802556753159
vn -0.99601364135742188 -0.015061997808516026 0.08791998028755188
vn -0.96477621793746948 -0.1385350376367569 -0.22364009916782379
vn -0.95313149690628052 -0.12911306321620941 -0.27362415194511414
vn -0.99102544784545898 -0.076054975390434265 -0.1099279597401619
vn -0.9770846962928772 -0.11963096261024475 -0.17605094611644745
vn -0.99210458993911743 -0.1180269718170166 0.042403969913721085
vn -0.97275078296661377 -0.12899596989154816 -0.19265495240688324
vn -0.91417193412780762 -0.18458196520805359 -0.36085891723632813
vn -0.9925464391708374 -0.12180908769369125 -0.0037520029582083225
vn -0.98471993207931519 -0.14600802958011627 -0.094912007451057434
vn -0.96471047401428223 -0.038930021226406097 -0.26041916012763977
vn -0.90060275793075562 -0.066485978662967682 -0.42952796816825867
vn -0.96640658378601074 -0.077031038701534271 -0.24520310759544373
vn -0.98549908399581909 -0.049516022205352783 -0.16229504346847534
vn -0.94944483041763306 -0.098496988415718079 -0.29808199405670166
vn -0.92945939302444458 -0.018604002892971039 -0.36845499277114868
vn -0.95984804630279541 -0.052792996168136597 -0.27550798654556274
vn -0.93187528848648071 -0.15038809180259705 -0.33013918995857239
vn -0.92923510074615479 -0.12380201369524002 -0.3481309711933136
vn -0.93814325332641602 -0.13530203700065613 -0.31871715188026428
vn -0.8060646653175354 -0.13028997182846069 -0.57730776071548462
vn -0.7437821626663208 -0.1938280314207077 -0.63970214128494263
vn -0.82272624969482422 -0.21684706211090088 -0.52545112371444702
vn -0.80197763442993164 -0.19620087742805481 -0.56421369314193726
vn -0.87406784296035767 0.038488984107971191 -0.48427680134773254
vn -0.81454217433929443 0.0022410000674426556 -0.58009999990463257
vn -0.83622127771377563 -0.032870009541511536 -0.54740619659423828
vn -0.91812318563461304 -0.030957013368606567 -0.39508411288261414
vn -0.89151215553283691 0.077615000307559967 -0.44629809260368347
vn -0.90286940336227417 0.033031009137630463 -0.42864415049552917
vn -0.91921979188919067 -0.11493697762489319 -0.37659585475921631
vn -0.91669845581054688 -0.066583029925823212 -0.39399322867393494
vn -0.92063432931900024 -0.096399948000907898 -0.37833777070045471
vn -0.95646065473556519 -0.28665092587471008 -0.054901976138353348
vn -0.98637646436691284 -0.13855201005935669 0.088684022426605225
vn -0.99930912256240845 -0.02197599783539772 -0.029972003772854805
vn -0.76873695850372314 -0.59260094165802002 0.24055697023868561
vn -0.37825718522071838 -0.78776437044143677 0.48615717887878418
vn 2.9999991966178641E-06 -0.93879479169845581 0.34447687864303589
vn -0.33950486779212952 -0.87581771612167358 0.34304484724998474
vn -0.83929723501205444 -0.010818002745509148 0.54356521368026733
vn -0.98949342966079712 -0.14157801866531372 0.029299009591341019
vn -0.72660571336746216 -0.67866277694702148 -0.10705596953630447
vn -0.9885631799697876 -0.14028406143188477 0.055346027016639709
vn 0.21260197460651398 -0.88413679599761963 -0.41605591773986816
vn 0.38386303186416626 -0.92246103286743164 0.041409999132156372
vn -0.47613617777824402 -0.8164181113243103 0.32673507928848267
vn -0.079477012157440186 -0.99482029676437378 -0.063372015953063965
vn 0.77922296524047852 -0.54394704103469849 0.31134092807769775
vn 0.098510958254337311 -0.48099786043167114 0.87116968631744385
vn 0.051481999456882477 -0.8976171612739563 0.43775913119316101
vn 0.56184107065200806 -0.77788805961608887 0.28146898746490479
vn -0.6604430079460144 -0.72524780035018921 0.19450095295906067
vn -0.72592610120773315 -0.50255405902862549 0.46954309940338135
vn -0.55609893798828125 -0.47677800059318542 0.68076187372207642
vn -0.42904612421989441 -0.74216413497924805 0.51489013433456421
vn -0.25774809718132019 0.23354102671146393 0.93756306171417236
vn -0.35784494876861572 -0.14036500453948975 0.92317098379135132
vn -0.48870700597763062 -0.84749692678451538 0.20715798437595367
vn -0.20406393706798553 -0.69321483373641968 0.69123882055282593
vn 0.43310180306434631 -0.84778052568435669 0.306089848279953
vn 0.15624208748340607 -0.98242509365081787 0.10212404280900955
vn 0.031399976462125778 -0.94788455963134766 0.31706294417381287
vn -0.62064111232757568 -0.42860308289527893 0.65658509731292725
vn -0.44456475973129272 0.013384995050728321 0.89564669132232666
vn 3.5000011848751456E-05 -0.57321023941040039 0.8194083571434021
vn -0.36807602643966675 -0.4762330949306488 0.79857504367828369
vn -0.83582216501235962 -0.053410019725561142 0.54639613628387451
vn -0.86288726329803467 0.16043701767921448 0.47925516963005066
vn -0.7972571849822998 -0.24840003252029419 0.55016219615936279
vn -0.73974394798278809 -0.085386998951435089 0.66744881868362427
vn -0.73991525173187256 0.23103104531764984 0.63178324699401855
vn -0.71905189752578735 -0.093881003558635712 0.68858605623245239
vn -0.72749286890029907 0.41806197166442871 0.54403889179229736
vn -0.67095303535461426 0.63689404726028442 0.37972098588943481
vn -0.7981342077255249 0.40556606650352478 0.44553107023239136
vn -0.68903398513793945 0.48685798048973083 0.53684401512145996
vn -0.81831955909729004 0.40782123804092407 0.40501227974891663
vn -0.71522688865661621 0.38876792788505554 0.58078396320343018
vn -0.83536016941070557 0.35814705491065979 0.41701805591583252
vn -0.38878580927848816 0.57560878992080688 0.71938872337341309
vn 0.00020500006212387234 0.51422500610351563 0.85765528678894043
vn -0.42368403077125549 0.42208412289619446 0.80145919322967529
vn -0.95825213193893433 -0.19913305342197418 0.20518006384372711
vn -0.91055405139923096 -0.36402812600135803 0.19589503109455109
vn -0.85533428192138672 -0.51626217365264893 0.043320022523403168
vn -0.88009697198867798 0.44536501169204712 0.16455797851085663
vn -0.9414602518081665 0.31932809948921204 0.10808404535055161
vn -0.96478563547134399 0.15100294351577759 0.21537594497203827
vn -0.79253613948822021 0.43313804268836975 0.42927601933479309
vn -0.77117985486984253 0.60173189640045166 0.2078469842672348
vn -0.74394738674163818 0.63505828380584717 0.20795011520385742
vn -0.88543236255645752 0.1101200208067894 0.45153418183326721
vn -0.87996721267700195 0.37158101797103882 0.29594802856445313
vn -0.87037688493728638 -0.17627596855163574 0.45975089073181152
vn -0.00046899984590709209 -0.079259969294071198 0.99685388803482056
vn -0.35578075051307678 -0.060432940721511841 0.93261349201202393
vn -0.17564906179904938 0.31465011835098267 0.93281441926956177
vn -0.19727005064487457 -0.13574203848838806 0.97090607881546021
vn -0.5672299861907959 0.047766000032424927 0.82217305898666382
vn -0.43082281947135925 0.36015784740447998 0.82745271921157837
vn -0.48417508602142334 -0.0035170009359717369 0.87496405839920044
vn -0.69531649351119995 0.16999709606170654 0.69830936193466187
vn -0.55826985836029053 0.38562098145484924 0.73459595441818237
vn -0.63965094089508057 0.10970199853181839 0.76079708337783813
vn -0.6844906210899353 0.36375179886817932 0.63178890943527222
vn -0.6116059422492981 0.47395402193069458 0.63348698616027832
vn -0.71874892711639404 0.23407599329948425 0.65468192100524902
vn -0.44862091541290283 -0.32000690698623657 0.83446681499481201
vn -0.44300270080566406 0.67071050405502319 0.59489160776138306
vn -0.58277112245559692 0.38538715243339539 0.71544015407562256
vn -0.27767309546470642 0.61049515008926392 0.74175018072128296
vn -0.059472978115081787 0.87581878900527954 0.47896179556846619
vn -2.8000000384054147E-05 0.60740005970001221 0.79439610242843628
vn -0.15455500781536102 0.64882522821426392 0.74507623910903931
vn -0.46367618441581726 0.53301405906677246 0.70774316787719727
vn -0.2475319504737854 0.84572988748550415 0.47272500395774841
vn -0.38515496253967285 0.56515693664550781 0.72955691814422607
vn -0.54660660028457642 0.58582156896591187 0.59835964441299438
vn -0.38299912214279175 0.82438421249389648 0.41677612066268921
vn -0.5287049412727356 0.52809888124465942 0.6645168662071228
vn -0.28874704241752625 0.89338821172714233 0.3442130982875824
vn -0.22772598266601563 0.95639806985855103 0.18287600576877594
vn -0.46184107661247253 0.75090813636779785 0.47205910086631775
vn 0.019738985225558281 0.070172958076000214 0.99733954668045044
vn 0.11801092326641083 0.98663151264190674 0.11239093542098999
vn -0.12572599947452545 0.90196019411087036 0.4131111204624176
vn -0.00019899995822925121 -0.69254481792449951 0.72137480974197388
vn -0.19789712131023407 -0.84759140014648438 0.49236729741096497
vn -0.22633399069309235 -0.77345389127731323 0.59206587076187134
vn -0.1791778951883316 -0.73021954298019409 0.65929865837097168
vn -0.21260404586791992 -0.85538417100906372 0.47235310077667236
vn -0.36890783905982971 -0.7151607871055603 0.59367674589157104
vn -0.29376593232154846 -0.73605281114578247 0.60985887050628662
vn -0.29549205303192139 -0.84532421827316284 0.44509705901145935
vn -0.43879207968711853 -0.72550010681152344 0.53019911050796509
vn -0.42326313257217407 -0.70706719160079956 0.56648415327072144
vn -0.29657891392707825 -0.87845057249069214 0.37465387582778931
vn -0.33705714344978333 -0.83803331851959229 0.42906022071838379
vn -0.40890401601791382 -0.7796560525894165 0.47427201271057129
vn -0.00054500013357028365 -0.95226502418518066 0.30527201294898987
vn -0.10302097350358963 -0.99307090044021606 0.056540984660387039
vn -0.15314701199531555 -0.94924503564834595 0.27473598718643188
vn -0.17052000761032104 -0.9491269588470459 0.26472797989845276
vn -0.047662001103162766 -0.98641198873519897 0.15722501277923584
vn -0.1956719309091568 -0.9050067663192749 0.37772378325462341
vn -0.14649695158004761 -0.92474180459976196 0.35127091407775879
vn -0.097342029213905334 -0.97419929504394531 0.20361799001693726
vn -0.25482591986656189 -0.9022519588470459 0.34785795211791992
vn -0.24023391306400299 -0.896617591381073 0.37197387218475342
vn -0.15823899209499359 -0.96095788478851318 0.22698095440864563
vn -0.19054999947547913 -0.93882709741592407 0.28687000274658203
vn -0.24185894429683685 -0.918384850025177 0.31316691637039185
vn -0.19797296822071075 -0.84968602657318115 0.48871293663978577
vn -0.24925406277179718 -0.8440132737159729 0.47488316893577576
vn 0.14582595229148865 -0.94768369197845459 0.283954918384552
vn -0.061441034078598022 -0.90964239835739136 0.41082319617271423
vn -0.74908500909805298 0.39031392335891724 0.53528189659118652
vn -0.48337715864181519 0.47287312150001526 0.73670721054077148
vn 0.00018799993267748505 0.57128661870956421 0.82075059413909912
vn -0.487123042345047 0.50097900629043579 0.71535390615463257
vn -0.71735721826553345 0.36938908696174622 0.59072017669677734
vn -0.54952681064605713 0.3911128044128418 0.73827576637268066
vn -0.00017699993622954935 0.52469587326049805 0.85128974914550781
vn -0.48163199424743652 0.46014705300331116 0.74585205316543579
vn -0.7130969762802124 0.26857304573059082 0.64758104085922241
vn -0.40772691369056702 0.44136887788772583 0.79934489727020264
vn 0.00028899993048980832 0.44495692849159241 0.89555191993713379
vn -0.48564881086349487 0.36912882328033447 0.79239457845687866
vn -0.66753607988357544 0.35117202997207642 0.65656208992004395
vn -0.36657804250717163 0.45232111215591431 0.81303513050079346
vn 0.00015999993775039911 0.56693184375762939 0.82376468181610107
vn -0.42585200071334839 0.49423003196716309 0.75788307189941406
vn -0.36283615231513977 -0.042345024645328522 0.93089032173156738
vn -0.1941438615322113 -0.06762097030878067 0.97863966226577759
vn -4.199998511467129E-05 0.27222487330436707 0.96223366260528564
vn -0.2875729501247406 0.13132396340370178 0.94871270656585693
vn -0.78252744674682617 0.1169830709695816 0.61152738332748413
vn -0.73338514566421509 -0.24813501536846161 0.63291013240814209
vn -0.12993505597114563 -0.17190702259540558 0.97650647163391113
vn -0.53293108940124512 -0.15939497947692871 0.83101004362106323
vn -0.8247835636138916 0.21839188039302826 0.52157175540924072
vn -0.89271557331085205 0.20195196568965912 0.40283283591270447
vn -0.83035397529602051 0.21721206605434418 0.51315802335739136
vn -0.78952831029891968 0.28513410687446594 0.54345524311065674
vn -0.81618231534957886 0.2792041003704071 0.50585716962814331
vn -0.80360525846481323 0.23217809200286865 0.54800719022750854
vn -0.82136613130569458 0.28382101655006409 0.49477604031562805
vn -0.79823172092437744 0.29050084948539734 0.52766972780227661
vn -0.79694098234176636 0.30980905890464783 0.51855897903442383
vn -0.83062136173248291 0.29314813017845154 0.47342613339424133
vn -0.83135116100311279 0.32640409469604492 0.44979509711265564
vn -0.76787585020065308 0.32550102472305298 0.55173885822296143
vn -0.69318705797195435 0.2206299751996994 0.68615895509719849
vn -0.75113910436630249 0.24130904674530029 0.61445909738540649
vn -0.78403371572494507 0.24503791332244873 0.57030481100082397
vn -0.62522804737091064 0.27714106440544128 0.72957706451416016
vn -0.75956130027770996 0.332145094871521 0.55923724174499512
vn -0.74184173345565796 0.29442989826202393 0.60247975587844849
vn -0.57267892360687256 0.47519004344940186 0.66800695657730103
vn -0.80382591485977173 0.36575695872306824 0.46913298964500427
vn -0.76572078466415405 0.37088590860366821 0.52546674013137817
vn -0.82736885547637939 0.32801687717437744 0.45592290163040161
vn -0.86537587642669678 0.037169996649026871 0.49974292516708374
vn -0.86127954721450806 0.27574178576469421 0.4268067479133606
vn -0.72713583707809448 -0.22446997463703156 0.64875781536102295
vn -0.42264312505722046 -0.64750325679779053 0.63412326574325562
vn -0.71322405338287354 -0.30986696481704712 0.62872403860092163
vn -0.65767812728881836 0.1892620325088501 0.72913604974746704
vn -0.65746468305587769 0.26228994131088257 0.70635980367660522
vn -0.72095310688018799 0.3263990581035614 0.61130207777023315
vn -0.50584501028060913 0.15391501784324646 0.84878206253051758
vn -0.53271418809890747 0.17002806067466736 0.82903921604156494
vn -0.60299789905548096 0.20485000312328339 0.77099287509918213
vn -0.41545182466506958 0.11733396351337433 0.9020158052444458
vn -0.44613504409790039 0.29058000445365906 0.84647905826568604
vn -0.49548974633216858 0.21143889427185059 0.84248650074005127
vn -0.35217294096946716 0.28675800561904907 0.8909231424331665
vn -0.40977883338928223 0.58150875568389893 0.70280075073242188
vn -0.41410517692565918 0.41476410627365112 0.81023925542831421
vn -0.25677496194839478 -0.7573239803314209 0.60043901205062866
vn -0.19138692319393158 -0.67035377025604248 0.71693575382232666
vn -0.06569400429725647 -0.2857280969619751 0.95605635643005371
vn -0.16767996549606323 -0.76748496294021606 0.61874896287918091
vn -0.015639005228877068 -0.70313924551010132 0.71088016033172607
vn -0.18295702338218689 -0.36064699292182922 0.91458213329315186
vn -0.25389906764030457 -0.0054770000278949738 0.96721524000167847
vn -0.16023406386375427 -0.5224992036819458 0.83744829893112183
vn -0.18374396860599518 -0.43302994966506958 0.88245296478271484
vn -0.46012985706329346 -0.18121896684169769 0.86916065216064453
vn -0.41449594497680664 0.22962300479412079 0.88060569763183594
vn -0.29165813326835632 -0.2478630393743515 0.92385035753250122
vn -0.50647181272506714 -0.38278582692146301 0.77263271808624268
vn -0.75217294692993164 -0.19252602756023407 0.63021391630172729
vn -0.70406782627105713 0.2542729377746582 0.66304880380630493
vn -0.61220568418502808 -0.15862695872783661 0.7746235728263855
vn -0.71324813365936279 -0.42920500040054321 0.55413007736206055
vn -0.90608620643615723 -0.21848310530185699 0.3623160719871521
vn -0.95014530420303345 0.076287992298603058 0.30233108997344971
vn -0.85659676790237427 -0.24188895523548126 0.45577594637870789
vn -0.85286349058151245 -0.28000319004058838 0.44070631265640259
vn -0.96319174766540527 -0.02606099471449852 0.26754900813102722
vn -0.78015464544296265 -0.41150578856468201 0.47119179368019104
vn -0.8680417537689209 -0.29440990090370178 0.39978286623954773
vn -0.76232177019119263 -0.26197591423988342 0.59180581569671631
vn -0.81692290306091309 0.029344994574785233 0.57599985599517822
vn -0.93333703279495239 -0.065772004425525665 0.35292497277259827
vn -0.8409346342086792 -0.18395595252513885 0.50890976190567017
vn -0.69652670621871948 0.27092590928077698 0.66441679000854492
vn -0.79912501573562622 0.19803597033023834 0.56760990619659424
vn -0.8786434531211853 0.12577109038829803 0.46061623096466064
vn -0.79944330453872681 0.18824712932109833 0.57048523426055908
vn -0.71515887975692749 0.26480194926261902 0.64685988426208496
vn -0.73380506038665771 0.045389998704195023 0.67784208059310913
vn -0.82686907052993774 -0.048341002315282822 0.56031304597854614
vn -0.7890007495880127 0.085493974387645721 0.60841482877731323
vn -0.6115412712097168 0.14671306312084198 0.77749121189117432
vn -0.56391900777816772 0.015686001628637314 0.82568109035491943
vn -0.66713571548461914 -0.077595978975296021 0.74088376760482788
vn -0.66106826066970825 0.025054009631276131 0.74990737438201904
vn -0.43174120783805847 0.1603931188583374 0.8876224160194397
vn -0.39771577715873718 0.059401970356702805 0.91558372974395752
vn -0.46438503265380859 -0.057635996490716934 0.88375598192214966
vn -0.46661892533302307 0.026517000049352646 0.88406085968017578
vn -0.34643608331680298 0.244640052318573 0.90561211109161377
vn -0.3325018584728241 0.15631790459156036 0.93005764484405518
vn -0.35819697380065918 -0.00052399979904294014 0.93364590406417847
vn -0.35759615898132324 0.10502205789089203 0.92795222997665405
vn -0.31884488463401794 0.35264584422111511 0.87976068258285522
vn -0.32124590873718262 0.10470496863126755 0.94118964672088623
vn -0.31983014941215515 0.22188514471054077 0.92112737894058228
vn -0.45991602540016174 -0.020530004054307938 0.88772505521774292
vn -0.514382004737854 0.1014690175652504 0.85153698921203613
vn -0.54769295454025269 0.045083995908498764 0.83546388149261475
vn -0.43692284822463989 0.043166983872652054 0.89846259355545044
vn -0.40837478637695313 0.076457947492599487 0.90960663557052612
vn -0.46153998374938965 0.093190997838973999 0.88221102952957153
vn -0.33333709836006165 -0.013695000670850277 0.94270825386047363
vn -0.34166401624679565 0.044098991900682449 0.93878698348999023
vn -0.38588604331016541 -0.039510011672973633 0.92170000076293945
vn -0.40860006213188171 -0.077561996877193451 0.9094119668006897
vn -0.36098179221153259 -0.050648968666791916 0.93119645118713379
vn -0.45565187931060791 -0.00073799974052235484 0.89015775918960571
vn -0.46535304188728333 -0.052074003964662552 0.88359200954437256
vn -0.42672523856163025 -0.0051800026558339596 0.90436649322509766
vn -0.49948394298553467 -0.065216995775699615 0.86386489868164063
vn -0.45176193118095398 -0.031791999936103821 0.89157187938690186
vn -0.51522183418273926 -0.11677198112010956 0.84906464815139771
vn -0.59114575386047363 -0.14295096695423126 0.79379576444625854
vn -0.48885291814804077 -0.11193697899580002 0.86515486240386963
vn -0.5702899694442749 -0.098801992833614349 0.81547993421554565
vn -0.64525586366653442 -0.154402956366539 0.74820089340209961
vn -0.55025416612625122 -0.10299200564622879 0.82862114906311035
vn -0.66555207967758179 -0.14048200845718384 0.73301106691360474
vn -0.56918036937713623 -0.10773003846406937 0.81512451171875
vn -0.71983504295349121 -0.20581203699111938 0.66293203830718994
vn -0.79127210378646851 -0.17248204350471497 0.58663308620452881
vn -0.70151424407958984 -0.16513903439044952 0.69325816631317139
vn -0.76259583234786987 -0.17427295446395874 0.62295788526535034
vn -0.81858623027801514 -0.23293310403823853 0.52503210306167603
vn -0.74362128973007202 -0.19925107061862946 0.63822126388549805
vn -0.77739149332046509 -0.12828497588634491 0.61579656600952148
vn -0.85006994009017944 -0.16676898300647736 0.49956902861595154
vn -0.76815426349639893 -0.15444007515907288 0.62135922908782959
vn -0.91444891691207886 -0.2086939811706543 0.3467419445514679
vn -0.92643481492996216 -0.24174393713474274 0.28857997059822083
vn -0.88311785459518433 -0.22614498436450958 0.4110490083694458
vn -0.89946812391281128 -0.19751903414726257 0.38979905843734741
vn -0.90580564737319946 -0.2590978741645813 0.33523786067962646
vn -0.86357879638671875 -0.23701198399066925 0.44503596425056458
vn -0.86960375308990479 -0.25333690643310547 0.42380386590957642
vn -0.9109310507774353 -0.14341503381729126 0.38682907819747925
vn -0.86005526781082153 -0.16206102073192596 0.48377802968025208
vn -0.8818168044090271 -0.2208569347858429 0.41667893528938293
vn -0.81011813879013062 -0.17227707803249359 0.56038308143615723
vn -0.93786519765853882 -0.24455907940864563 0.24617010354995728
vn -0.91981929540634155 -0.24634011089801788 0.30536702275276184
vn -0.94388997554779053 0.0011450002202764153 0.33025804162025452
vn -0.96034079790115356 0.13168993592262268 0.2457708865404129
vn -0.94126266241073608 0.10447492450475693 0.32110685110092163
vn -0.93558192253112793 0.097538985311985016 0.33937090635299683
vn -0.93548375368118286 -0.21084190905094147 0.28357690572738647
vn -0.96419060230255127 -0.08416198194026947 0.25150191783905029
vn -0.94456136226654053 -0.12290904670953751 0.30446216464042664
vn -0.92979526519775391 -0.27455013990402222 0.24515910446643829
vn -0.94246816635131836 -0.25421500205993652 0.21709099411964417
vn -0.92913824319839478 -0.25812005996704102 0.26471900939941406
vn -0.94051402807235718 -0.25032204389572144 0.2297220379114151
vn -0.93717730045318604 -0.27037507295608521 0.22044508159160614
vn -0.93510621786117554 -0.27346706390380859 0.22537107765674591
vn -0.93818700313568115 -0.20701298117637634 0.27739998698234558
vn -0.94050920009613037 -0.22207503020763397 0.25714805722236633
vn -0.95354211330413818 -0.21267701685428619 0.21336804330348969
vn -0.94340187311172485 -0.21286305785179138 0.25432699918746948
vn -0.94318342208862305 -0.20911107957363129 0.25822007656097412
vn -0.96042454242706299 -0.20727892220020294 0.18606485426425934
vn -0.9479060173034668 -0.26149991154670715 0.18191196024417877
vn -0.94549340009689331 -0.24350209534168243 0.21621508896350861
vn -0.97749209403991699 -0.18000902235507965 0.11002703756093979
vn -0.97413754463195801 -0.15317806601524353 0.16611003875732422
vn -0.95848774909973145 -0.23043598234653473 0.16792997717857361
vn -0.99462014436721802 0.034544013440608978 0.097660019993782043
vn -0.9769212007522583 0.10723700374364853 0.18473000824451447
vn -0.98396742343902588 -0.027232008054852486 0.17625707387924194
vn -0.97464317083358765 0.17476905882358551 0.13973703980445862
vn -0.97059094905853271 0.16193702816963196 0.17812804877758026
vn -0.96933948993682861 0.1722949743270874 0.1752009391784668
vn -0.98545664548873901 0.14932994544506073 0.081090971827507019
vn -0.98731786012649536 0.06341099739074707 0.1455419510602951
vn -0.98314625024795532 0.068992026150226593 0.16930308938026428
vn -0.98229330778121948 0.13056002557277679 0.13436503708362579
vn -0.99852639436721802 -0.037532027810811996 0.039196029305458069
vn -0.99588602781295776 0.089448027312755585 0.01449300441890955
vn -0.99588960409164429 0.077345959842205048 0.047132968902587891
vn -0.98180663585662842 -0.16601788997650146 0.092161953449249268
vn -0.9972606897354126 -0.072682999074459076 0.013720999471843243
vn -0.99079829454421997 -0.12286904454231262 0.056762013584375381
vn -0.96955150365829468 -0.18558596074581146 0.15977394580841064
vn -0.98801887035369873 -0.13219395279884338 0.079645991325378418
vn -0.97538423538208008 -0.16829799115657806 0.14248299598693848
vn -0.97447079420089722 -0.20531797409057617 0.090836018323898315
vn -0.96413874626159668 -0.20980596542358398 0.16253592073917389
vn -0.99353897571563721 0.037241995334625244 0.10720702260732651
vn -0.97389954328536987 -0.066644966602325439 0.21697491407394409
vn -0.97680693864822388 -0.015830997377634048 0.21353596448898315
vn -0.98359376192092896 -0.0045589995570480824 0.18034002184867859
vn -0.99877631664276123 0.034795023500919342 -0.035145021975040436
vn -0.99818950891494751 0.023300979286432266 -0.055450957268476486
vn -0.99850881099700928 0.054518993943929672 -0.002797999419271946
vn -0.99702340364456177 -0.077072992920875549 -0.0020260005258023739
vn -0.99954134225845337 -0.0087440097704529762 -0.028993023559451103
vn -0.99927574396133423 -0.032229989767074585 -0.020229993388056755
vn -0.98772549629211426 -0.15485994517803192 0.020413991063833237
vn -0.99502134323120117 -0.099258050322532654 0.0089620063081383705
vn -0.99407112598419189 -0.10806301236152649 0.012040998786687851
vn -0.96078360080718994 -0.25678187608718872 0.10467999428510666
vn -0.97850310802459717 -0.20544405281543732 0.018011009320616722
vn -0.60152876377105713 0.17008891701698303 0.78053373098373413
vn -0.46141394972801208 -0.06819598376750946 0.88456004858016968
vn -0.33051007986068726 -0.44595211744308472 0.83179914951324463
vn -0.61204129457473755 -0.1934610903263092 0.76679742336273193
vn -0.56098401546478271 -0.14830403029918671 0.81443405151367188
vn 0.063690975308418274 -0.40540897846221924 0.91191393136978149
vn 0.063595004379749298 -0.7120811939239502 0.69921106100082397
vn -0.064035005867481232 -0.5433691143989563 0.83704811334609985
vn -0.076942995190620422 -0.58312177658081055 0.80873280763626099
vn 0.14615103602409363 -0.44391205906867981 0.8840712308883667
vn 0.084588028490543365 -0.96487134695053101 0.24873305857181549
vn 0.21533499658107758 -0.60648006200790405 0.76538407802581787
vn 0.11430000513792038 -0.84734320640563965 0.51859909296035767
vn -0.11472798138856888 -0.73812901973724365 0.66483306884765625
vn -0.18093203008174896 -0.57166218757629395 0.80029118061065674
vn 0.092428997159004211 -0.96293497085571289 0.25340306758880615
vn 0.09877295047044754 -0.98606157302856445 0.13388992846012115
vn -0.19311197102069855 -0.6391218900680542 0.74446690082550049
vn 0.074343033134937286 -0.93002420663833618 0.35990011692047119
vn -0.29824700951576233 -0.69821596145629883 0.65080195665359497
vn 0.18429706990718842 -0.95158040523529053 0.24602709710597992
vn -0.32747894525527954 -0.81622284650802612 0.47595983743667603
vn 0.041913013905286789 -0.9291192889213562 0.36739712953567505
vn -0.45314487814903259 -0.72496473789215088 0.51873481273651123
vn -0.024929013103246689 -0.91872632503509521 0.39410719275474548
vn -0.32084211707115173 -0.80644917488098145 0.49668911099433899
vn -0.050215985625982285 -0.84951764345169067 0.52516484260559082
vn -0.42516204714775085 -0.76452714204788208 0.48449504375457764
vn 0.071857966482639313 -0.90728789567947388 0.41432490944862366
vn -0.51483219861984253 -0.64493906497955322 0.56480211019515991
vn -0.44169992208480835 -0.45961892604827881 0.77048790454864502
vn -0.36809608340263367 -0.73495513200759888 0.56951403617858887
vn -0.20343102514743805 -0.80895793437957764 0.55154591798782349
vn -0.66572481393814087 0.40822687745094299 0.62462890148162842
vn -0.47060132026672363 0.67390334606170654 0.56955128908157349
vn -0.45450001955032349 0.29353401064872742 0.84099197387695313
vn -0.55178380012512207 0.34276983141899109 0.7602916955947876
vn -0.57658874988555908 0.549399733543396 0.60473579168319702
vn -0.52691692113876343 0.4529479444026947 0.71916389465332031
vn -0.50304090976715088 0.54363793134689331 0.67186874151229858
vn -0.50815325975418091 0.57777422666549683 0.63871526718139648
vn -0.55498909950256348 0.34095498919487 0.75877320766448975
vn -0.40463584661483765 0.32243192195892334 0.85574966669082642
vn -0.43709203600883484 0.4029160737991333 0.80412012338638306
vn -0.46934404969215393 0.37092608213424683 0.80133014917373657
vn -0.42650207877159119 0.060837011784315109 0.90243828296661377
vn -0.2762610912322998 0.36187118291854858 0.89035332202911377
vn -0.30505990982055664 0.43354585766792297 0.84792476892471313
vn -0.32801607251167297 0.31396210193634033 0.89097321033477783
vn -0.2432420551776886 0.082284018397331238 0.9664691686630249
vn -0.31339800357818604 0.51724708080291748 0.79639005661010742
vn -0.30640587210655212 0.51668494939804077 0.79946988821029663
vn -0.28416693210601807 0.44633784890174866 0.84854680299758911
vn -0.21290895342826843 0.39232492446899414 0.89484685659408569
vn -0.26156899333000183 0.63162398338317871 0.7298169732093811
vn -0.31504392623901367 0.55120986700057983 0.77260273694992065
vn -0.30346107482910156 0.56871521472930908 0.76450926065444946
vn -0.19117294251918793 0.64340084791183472 0.74127477407455444
vn -0.30187195539474487 0.6494939923286438 0.6978759765625
vn -0.26998803019523621 0.66282814741134644 0.69840198755264282
vn -0.24936991930007935 0.68715089559555054 0.68237698078155518
vn -0.37942296266555786 0.49100005626678467 0.78419202566146851
vn -0.61392778158187866 0.49426287412643433 0.61546480655670166
vn -0.41260901093482971 0.49661296606063843 0.76362907886505127
vn -0.35571998357772827 0.663504958152771 0.65819787979125977
vn -0.35814502835273743 -0.12135203182697296 0.92574608325958252
vn -0.57150006294250488 0.3302980363368988 0.75119298696517944
vn -0.50588810443878174 0.036950010806322098 0.86180734634399414
vn -0.20586204528808594 0.37260007858276367 0.90487015247344971
vn -0.11184899508953094 0.020432997494935989 0.99351513385772705
vn -0.20493198931217194 -0.12530100345611572 0.97072267532348633
vn -0.094709984958171844 0.57276791334152222 0.81422781944274902
vn -0.051443997770547867 0.46964988112449646 0.88135266304016113
vn -0.074535004794597626 0.24757303297519684 0.96599799394607544
vn -0.01178000308573246 0.83043146133422852 0.55699622631072998
vn -0.24649399518966675 0.66670411825180054 0.70338207483291626
vn -0.083489023149013519 0.62960410118103027 0.77241712808609009
vn -0.27461901307106018 0.88633620738983154 0.37281703948974609
vn -0.5635991096496582 0.38624000549316406 0.73018813133239746
vn -0.41628095507621765 0.61591601371765137 0.66884797811508179
vn -0.75706297159194946 -0.15851394832134247 0.63382095098495483
vn -0.1733870804309845 -0.26745507121086121 0.94784212112426758
vn -0.48991593718528748 0.022005986422300339 0.87149190902709961
vn -0.24887898564338684 -0.74644505977630615 0.61715394258499146
vn 0.23033803701400757 -0.30373498797416687 0.92449414730072021
vn 0.087776005268096924 -0.34535801410675049 0.93435710668563843
vn 0.062557995319366455 -0.80599892139434814 0.58860188722610474
vn -0.065167970955371857 0.052014999091625214 0.99651771783828735
vn 0.19709509611129761 -0.14337301254272461 0.96984416246414185
vn -0.14866296947002411 -0.71128201484680176 0.68700599670410156
vn -0.42251724004745483 0.080460019409656525 0.90277647972106934
vn -0.29304307699203491 0.072593033313751221 0.95333939790725708
vn -0.048990987241268158 -0.85946780443191528 0.50883692502975464
vn -0.54328912496566772 -0.56246119737625122 0.62327712774276733
vn -0.50546479225158691 -0.30142092704772949 0.8084867000579834
vn -0.044911008328199387 -0.9134070873260498 0.40456211566925049
vn -0.59353911876678467 -0.66527515649795532 0.45290207862854004
vn -0.56841808557510376 -0.66382604837417603 0.48604100942611694
vn -0.02233198843896389 -0.85442370176315308 0.5190967321395874
vn -0.45785585045814514 -0.73191571235656738 0.50464582443237305
vn -0.57637381553649902 -0.67046076059341431 0.46719977259635925
vn -0.48851686716079712 0.57009482383728027 0.66056275367736816
vn -0.19866900146007538 0.85275912284851074 0.48304504156112671
vn -0.53477776050567627 0.45602667331695557 0.71137362718582153
vn -0.52732807397842407 0.63840305805206299 0.56068408489227295
vn -0.03030598908662796 0.8683546781539917 0.49501684308052063
vn -0.46431806683540344 0.64529186487197876 0.6066359281539917
vn 0.05729302391409874 -0.71067929267883301 0.70117932558059692
vn -0.54636788368225098 -0.2093779593706131 0.81095188856124878
vn -0.45140179991722107 -0.65551573038101196 0.60542178153991699
vn -0.8637317419052124 0.11967894434928894 -0.48953491449356079
vn -0.83235418796539307 0.062867015600204468 -0.55066704750061035
vn -0.77162361145019531 -0.097298949956893921 -0.62859362363815308
vn -0.8227686882019043 0.033507999032735825 -0.56738781929016113
vn -0.91157335042953491 0.036957006901502609 -0.40947309136390686
vn -0.89376384019851685 0.13878095149993896 -0.42652788758277893
vn -0.89295709133148193 0.1107499897480011 -0.43630501627922058
vn -0.92050385475158691 -0.063422009348869324 -0.38555192947387695
vn -0.91752851009368896 -0.014161992818117142 -0.39741772413253784
vn -0.91894024610519409 -0.039794005453586578 -0.39238408207893372
vn -0.86427778005599976 0.17825596034526825 -0.47037085890769958
vn -0.83168387413024902 0.11656599491834641 -0.54287594556808472
vn -0.78916603326797485 -0.059787008911371231 -0.61126303672790527
vn -0.83445101976394653 0.090321004390716553 -0.54363000392913818
vn -0.90447878837585449 0.089152991771697998 -0.41709697246551514
vn -0.87546610832214355 0.18901602923870087 -0.44478312134742737
vn -0.88828575611114502 0.16541995108127594 -0.42846783995628357
vn -0.90755379199981689 -0.013148996978998184 -0.41972994804382324
vn -0.89285075664520264 0.028485991060733795 -0.44945088028907776
vn -0.9093635082244873 0.011667993851006031 -0.41583874821662903
vn -0.84017622470855713 0.22512203454971313 -0.49338015913963318
vn -0.80490601062774658 0.18742500245571136 -0.56302589178085327
vn -0.78475010395050049 -0.016557000577449799 -0.6195911169052124
vn -0.82213693857192993 0.14294600486755371 -0.55105102062225342
vn -0.77194446325302124 0.25467011332511902 -0.582447350025177
vn -0.67399036884307861 0.20688208937644958 -0.70918035507202148
vn -0.73336637020111084 0.0361030213534832 -0.67887431383132935
vn -0.75407248735427856 0.186721071600914 -0.62969034910202026
vn -0.59327208995819092 0.28664606809616089 -0.75223815441131592
vn -0.43668097257614136 0.24489594995975494 -0.86564177274703979
vn -0.545157790184021 0.084423951804637909 -0.83407169580459595
vn -0.56030309200286865 0.2259080559015274 -0.79688519239425659
vn -0.35843595862388611 0.32580497860908508 -0.87485700845718384
vn -0.21534204483032227 0.27507799863815308 -0.93699514865875244
vn -0.30930209159851074 0.12142203003168106 -0.94318020343780518
vn -0.32213017344474792 0.26165714859962463 -0.9098173975944519
vn -0.15146198868751526 0.36089494824409485 -0.92022502422332764
vn -0.054614972323179245 0.29583781957626343 -0.95367562770843506
vn -0.10206504911184311 0.14372411370277405 -0.98434042930603027
vn -0.12223499268293381 0.28655591607093811 -0.9502338171005249
vn -0.021798990666866302 0.3765428364276886 -0.92614269256591797
vn 0.014994001947343349 0.30305200815200806 -0.95285606384277344
vn 0.0040100011974573135 0.15322305262088776 -0.98818349838256836
vn -0.010031998157501221 0.30116292834281921 -0.95351994037628174
vn 0.017970999702811241 0.3769260048866272 -0.92606902122497559
vn 0 0.28310194611549377 -0.95908981561660767
vn 0.019375009462237358 0.1531800776720047 -0.98800832033157349
vn 0.017362995073199272 0.3033539354801178 -0.95271974802017212
vn -1.99999976757681E-06 0.35594001412391663 -0.9345088005065918
vn 0.018619989976286888 0.36825889348983765 -0.92953681945800781
vn 0.022179998457431793 0.28742903470993042 -0.95754510164260864
vn 0.018015006557106972 0.36562910676002502 -0.93058627843856812
vn -0.69706684350967407 0.26127398014068604 -0.66770780086517334
vn -0.82116991281509399 0.22529301047325134 -0.52433097362518311
vn -0.77369105815887451 0.18097403645515442 -0.60716599225997925
vn -0.77281647920608521 0.24207112193107605 -0.58664834499359131
vn -0.25722095370292664 0.35322284698486328 -0.89948374032974243
vn -0.48268371820449829 0.31088986992835999 -0.81875753402709961
vn -0.37112319469451904 0.29265016317367554 -0.88126242160797119
vn -0.36665493249893188 0.33378297090530396 -0.86841988563537598
vn -0.070925027132034302 0.37439912557601929 -0.92455118894577026
vn -0.14265702664852142 0.31927204132080078 -0.93686407804489136
vn -0.15622410178184509 0.36817517876625061 -0.91653752326965332
vn -0.85785502195358276 0.14131799340248108 -0.49407890439033508
vn -0.85381579399108887 0.20851194858551025 -0.47699198126792908
vn -0.60192704200744629 0.23845298588275909 -0.76211810111999512
vn -0.59679889678955078 0.28500494360923767 -0.75006884336471558
vn 0.017524000257253647 0.30398696660995483 -0.95251500606536865
vn -0.010466002859175205 0.37254205346107483 -0.92795628309249878
vn -0.0569319948554039 -0.35381591320037842 -0.93358075618743896
vn 0.013716998510062695 -0.36881104111671448 -0.92940318584442139
vn 2.0000002223241609E-06 -0.38468703627586365 -0.92304706573486328
vn -0.062081005424261093 -0.25256603956222534 -0.96558600664138794
vn -0.021991994231939316 -0.36700880527496338 -0.92995744943618774
vn 0 -0.13998603820800781 -0.99015349149703979
vn -0.098739989101886749 0.0058510000817477703 -0.99509608745574951
vn -0.13495802879333496 -0.12784403562545776 -0.98256921768188477
vn -0.076890990138053894 -0.12366099655628204 -0.98934108018875122
vn -0.78415924310684204 -0.1502600759267807 -0.6020931601524353
vn -0.80620390176773071 -0.10865497589111328 -0.58157491683959961
vn -0.86503410339355469 -0.030875002965331078 -0.50076216459274292
vn -0.8413270115852356 -0.12049002200365067 -0.52692598104476929
vn -0.82222139835357666 -0.11409305036067963 -0.55761528015136719
vn -0.87405705451965332 0.099623978137969971 -0.47549903392791748
vn -0.92677575349807739 0.10572796314954758 -0.36042791604995728
vn -0.91157060861587524 0.0055679981596767902 -0.41110587120056152
vn -0.89828199148178101 0.058693006634712219 -0.43548199534416199
vn 0 0.92203813791275024 -0.38709905743598938
vn -0.093839988112449646 0.9902457594871521 -0.102991983294487
vn -0.16627800464630127 0.92499291896820068 -0.34167197346687317
vn -0.070433981716632843 0.81593590974807739 -0.57383590936660767
vn -0.087191969156265259 0.93569654226303101 -0.34186184406280518
vn 0.042138013988733292 -0.21417312324047089 -0.97588640451431274
vn 0.022304996848106384 -0.11513198167085648 -0.99309974908828735
vn 1.9999988580821082E-06 -0.27231377363204956 -0.96220850944519043
vn 0.02433098666369915 -0.24291394650936127 -0.96974265575408936
vn -0.72980189323425293 0.58008885383605957 -0.36178189516067505
vn -0.8145596981048584 0.5511588454246521 -0.18087689578533173
vn -0.83406329154968262 0.43125113844871521 -0.34403613209724426
vn -0.75226593017578125 0.41218292713165283 -0.51400506496429443
vn -0.79439020156860352 0.49534705281257629 -0.35153308510780334
vn -0.59262889623641968 0.24674092233181 -0.76675283908843994
vn -0.56729137897491455 0.42977920174598694 -0.70247441530227661
vn -0.64493423700332642 0.5395161509513855 -0.54127824306488037
vn -0.67282509803771973 0.3359609842300415 -0.65911805629730225
vn -0.62733501195907593 0.37835004925727844 -0.68066293001174927
vn -0.52226686477661133 -0.077677987515926361 -0.84923696517944336
vn -0.50580686330795288 0.13450697064399719 -0.8520958423614502
vn -0.60008424520492554 0.083676032721996307 -0.79554837942123413
vn -0.55722910165786743 0.11126002669334412 -0.82287114858627319
vn -0.5210341215133667 -0.20200106501579285 -0.82928824424743652
vn -0.59690499305725098 -0.11685800552368164 -0.79375600814819336
vn -0.58956611156463623 -0.2190360426902771 -0.7774541974067688
vn -0.55956482887268066 -0.23288594186306 -0.79539382457733154
vn -0.5542488694190979 -0.21099597215652466 -0.8051639199256897
vn -0.60407286882400513 -0.26051092147827148 -0.75314676761627197
vn -0.61078208684921265 -0.24325697124004364 -0.75350600481033325
vn -0.54339069128036499 -0.23070485889911652 -0.80715662240982056
vn -0.58161026239395142 -0.24474610388278961 -0.77577626705169678
vn -0.57446408271789551 -0.20800304412841797 -0.7916601300239563
vn -0.67028403282165527 -0.23286405205726624 -0.70462304353713989
vn -0.65193986892700195 -0.17790597677230835 -0.73710507154464722
vn -0.63583105802536011 -0.21982493996620178 -0.73986208438873291
vn -0.43900921940803528 0.83222830295562744 -0.33862513303756714
vn -0.50401586294174194 0.85109990835189819 -0.14695897698402405
vn -0.57570505142211914 0.73577713966369629 -0.35664504766464233
vn -0.49589210748672485 0.67134618759155273 -0.5508042573928833
vn -0.50415617227554321 0.79131031036376953 -0.3459111750125885
vn -0.39056494832038879 0.37141996622085571 -0.84232193231582642
vn -0.29829412698745728 0.60629719495773315 -0.73717319965362549
vn -0.33974912762641907 0.75575917959213257 -0.55982011556625366
vn -0.43501004576683044 0.5299149751663208 -0.72798103094100952
vn -0.3682970404624939 0.57132691144943237 -0.73344588279724121
vn -0.32244810461997986 -0.0052990010008215904 -0.94657230377197266
vn -0.32538393139839172 0.18538199365139008 -0.92723178863525391
vn -0.4129868745803833 0.1635599285364151 -0.89592969417572021
vn -0.37004697322845459 0.17483200132846832 -0.9124138355255127
vn -0.33911812305450439 -0.15730103850364685 -0.92749947309494019
vn -0.42003893852233887 -0.031912989914417267 -0.90694481134414673
vn -0.44343194365501404 -0.17765694856643677 -0.87852495908737183
vn -0.3656429648399353 -0.21716597676277161 -0.90506583452224731
vn -0.39398095011711121 -0.16565598547458649 -0.90406697988510132
vn -0.40475195646286011 -0.23079492151737213 -0.88482177257537842
vn -0.26073905825614929 -0.25025305151939392 -0.93241006135940552
vn -0.22965890169143677 -0.26532888412475586 -0.93640661239624023
vn -0.31206399202346802 -0.24510301649570465 -0.91790008544921875
vn -0.13179199397563934 -0.20826297998428345 -0.96915292739868164
vn -0.36038625240325928 -0.19581611454486847 -0.9120185375213623
vn -0.23547488451004028 -0.11950195580720901 -0.96450549364089966
vn -0.2396000474691391 -0.20035700500011444 -0.94997310638427734
vn -0.88084810972213745 0.33119603991508484 -0.33825406432151794
vn -0.96230584383010864 0.2270539402961731 -0.1497129499912262
vn -0.94637084007263184 0.16107699275016785 -0.28006505966186523
vn -0.87197858095169067 0.2178608775138855 -0.43839478492736816
vn -0.91688632965087891 0.24659305810928345 -0.31386512517929077
vn -0.73487687110900879 0.12869596481323242 -0.66587787866592407
vn -0.74112057685852051 0.26897889375686646 -0.61513465642929077
vn -0.81300288438796997 0.3281269371509552 -0.48099792003631592
vn -0.80752694606781006 0.18840199708938599 -0.55893194675445557
vn -0.7732890248298645 0.2318570464849472 -0.59014099836349487
vn -0.67313456535339355 -0.15474489331245422 -0.72314858436584473
vn -0.66719430685043335 0.023484012112021446 -0.74451345205307007
vn -0.74317508935928345 -0.047804996371269226 -0.66738706827163696
vn -0.70224505662918091 -0.0091160004958510399 -0.71187692880630493
vn -0.66680479049682617 -0.22022494673728943 -0.71194970607757568
vn -0.74632918834686279 -0.17141403257846832 -0.64312517642974854
vn -0.72006094455718994 -0.20358599722385406 -0.66337394714355469
vn -0.66828471422195435 -0.25378388166427612 -0.69927769899368286
vn -0.69513195753097534 -0.21212197840213776 -0.68687397241592407
vn -0.69321507215499878 -0.30968010425567627 -0.65080803632736206
vn -0.67326802015304565 -0.31104600429534912 -0.67079097032546997
vn -0.63868594169616699 -0.28738489747047424 -0.71378582715988159
vn -0.66188573837280273 -0.29935187101364136 -0.68723773956298828
vn -0.69436299800872803 -0.26560100913047791 -0.66881698369979858
vn -0.70251095294952393 -0.28394404053688049 -0.65257501602172852
vn -0.72398394346237183 -0.22941996157169342 -0.65054881572723389
vn -0.69637387990951538 -0.2787250280380249 -0.66134393215179443
vn -0.29511108994483948 0.89268243312835693 -0.34062811732292175
vn -0.37859883904457092 0.91618555784225464 -0.13140392303466797
vn -0.36698001623153687 0.86654704809188843 -0.33826303482055664
vn -0.27382001280784607 0.42694100737571716 -0.86182594299316406
vn -0.17223803699016571 0.64943015575408936 -0.74065816402435303
vn -0.21352192759513855 0.7943846583366394 -0.56864875555038452
vn -0.23655712604522705 0.63147324323654175 -0.73843228816986084
vn -0.22373396158218384 0.0015589996473863721 -0.97464901208877563
vn -0.1946759819984436 0.20627494156360626 -0.95893269777297974
vn -0.26891911029815674 0.19603309035301208 -0.94300240278244019
vn -0.23175190389156342 -0.14227393269538879 -0.96231448650360107
vn -0.25408709049224854 -0.23680205643177032 -0.9377443790435791
vn -0.28438219428062439 -0.15005911886692047 -0.94689440727233887
vn -0.084127023816108704 -0.28952601552009583 -0.95346593856811523
vn -0.13043996691703796 -0.31327986717224121 -0.94065994024276733
vn -0.17037402093410492 -0.28934606909751892 -0.9419403076171875
vn 0.015330010093748569 -0.22874116897583008 -0.97336655855178833
vn -0.041060004383325577 -0.11375600099563599 -0.99265986680984497
vn -0.043603986501693726 -0.2180069237947464 -0.97497266530990601
vn -0.99312764406204224 0.065713956952095032 -0.096845962107181549
vn -0.97648805379867554 0.057218998670578003 -0.20783904194831848
vn -0.96502673625946045 0.098286986351013184 -0.24302896857261658
vn -0.81251239776611328 0.047134038060903549 -0.581035315990448
vn -0.84290993213653564 0.14262600243091583 -0.51880699396133423
vn -0.78140044212341309 -0.085555031895637512 -0.61813724040985107
vn -0.79081171751022339 -0.20277494192123413 -0.57749384641647339
vn -0.72755497694015503 -0.26963803172111511 -0.630840003490448
vn -0.74713420867919922 -0.20035208761692047 -0.63375824689865112
vn -0.76274788379669189 -0.32447695732116699 -0.55940181016921997
vn -0.72815620899200439 -0.31309911608695984 -0.60971915721893311
vn -0.7262122631072998 -0.31875613331794739 -0.60910612344741821
vn -0.75230979919433594 -0.26297789812088013 -0.60404682159423828
vn -0.71928781270980835 -0.23751792311668396 -0.65284782648086548
vn -0.72046208381652832 -0.27800199389457703 -0.63533401489257813
vn -0.65513795614242554 0.7365800142288208 -0.16806000471115112
vn -0.65428584814071655 0.66316682100296021 -0.36348289251327515
vn -0.49117192625999451 0.30846294760704041 -0.81461691856384277
vn -0.50008308887481689 0.48271900415420532 -0.71895706653594971
vn -0.45696711540222168 0.15116603672504425 -0.8765442967414856
vn -0.48556709289550781 -0.21406900882720947 -0.84758424758911133
vn -0.4844171404838562 -0.19113504886627197 -0.85370218753814697
vn -0.47732022404670715 -0.22845213115215302 -0.84851342439651489
vn -0.48442474007606506 -0.22518888115882874 -0.84535354375839233
vn -0.47817894816398621 -0.139429971575737 -0.86712408065795898
vn -0.4802839457988739 -0.19835193455219269 -0.85439091920852661
vn -0.88763165473937988 0.41969478130340576 -0.18964794278144836
vn -0.85396295785903931 0.38911199569702148 -0.34545496106147766
vn -0.66448909044265747 0.1934090256690979 -0.72183597087860107
vn -0.7087777853012085 0.30142682790756226 -0.63778984546661377
vn -0.63510286808013916 0.053615983575582504 -0.77056455612182617
vn -0.61353582143783569 -0.25117987394332886 -0.74865376949310303
vn -0.6306610107421875 -0.22289903461933136 -0.74335908889770508
vn -0.64766514301300049 -0.28030103445053101 -0.7084922194480896
vn -0.62127286195755005 -0.27442601323127747 -0.73396891355514526
vn -0.71354866027832031 -0.21189291775226593 -0.66779464483261108
vn -0.68725895881652832 -0.24889300763607025 -0.68244218826293945
vn -0.23084807395935059 0.96597611904144287 -0.11661604791879654
vn -0.23341391980648041 0.91043752431869507 -0.34149885177612305
vn -0.10598301142454147 0.46349415183067322 -0.87973904609680176
vn -8.9999994088429958E-06 0.69385075569152832 -0.72011882066726685
vn -0.091906942427158356 0.66210770606994629 -0.7437516450881958
vn 2.9000011636526324E-05 0.26293611526489258 -0.964813232421875
vn -0.10573700070381165 0.21491098403930664 -0.97089284658432007
vn -0.16707396507263184 -0.24654592573642731 -0.9546210765838623
vn -0.18298797309398651 -0.13458198308944702 -0.97385990619659424
vn 0.004091999027878046 -0.33938184380531311 -0.94063979387283325
vn -0.094053983688354492 -0.33521893620491028 -0.93743377923965454
vn 0.03310699388384819 -0.1153789758682251 -0.99276965856552124
vn 0.040414005517959595 -0.23775503039360046 -0.97048401832580566
vn -0.74230194091796875 -0.1809840053319931 -0.64516091346740723
vn -0.73422777652740479 -0.18889695405960083 -0.65209472179412842
vn -0.74747711420059204 -0.1644819974899292 -0.64360207319259644
vn -0.74854004383087158 -0.17298901081085205 -0.64012700319290161
vn -0.73643171787261963 -0.11584394425153732 -0.66651970148086548
vn -0.73931121826171875 -0.15189504623413086 -0.65600824356079102
vn -0.62799185514450073 -0.081732966005802155 -0.77391600608825684
vn -0.69437426328659058 -0.10738107562065125 -0.71155720949172974
vn -0.39677989482879639 -0.039354987442493439 -0.91706973314285278
vn -0.52070713043212891 -0.058171018958091736 -0.85175126791000366
vn -0.17311094701290131 -0.012128999456763268 -0.98482763767242432
vn -0.28314301371574402 -0.024128003045916557 -0.9587741494178772
vn -0.011399995535612106 -0.0045049972832202911 -0.99992489814758301
vn -0.075609959661960602 -0.0062999962829053402 -0.99711757898330688
vn 0.028513986617326736 -0.0048619965091347694 -0.99958157539367676
vn 0.019335007295012474 -0.0044060018844902515 -0.99980336427688599
vn -5.0000026021734811E-06 -0.027592012658715248 -0.9996192455291748
vn 0.020988009870052338 -0.005009001586586237 -0.99976718425750732
vn -0.97305053472518921 0.026955988258123398 0.22901090979576111
vn -0.96662032604217529 0.015195008367300034 0.25576210021972656
vn -0.97405564785003662 0.13848395645618439 0.17899094521999359
vn -0.95904940366744995 0.17482906579971313 0.22284306585788727
vn -0.96801638603210449 0.070680022239685059 0.24072512984275818
vn -0.99323081970214844 0.10596197843551636 0.047587987035512924
vn -0.94682604074478149 0.32163304090499878 0.0085230022668838501
vn -0.97833156585693359 0.20468592643737793 0.031160986050963402
vn -0.97590929269790649 -0.001410000491887331 0.21817205846309662
vn -0.97708791494369507 -0.013365999795496464 0.21241600811481476
vn -0.968589186668396 0.080794014036655426 0.23517502844333649
vn -0.97707438468933105 0.007211003452539444 0.21277607977390289
vn -0.97121483087539673 0.12792395055294037 0.20094089210033417
vn -0.974254310131073 0.067382000386714935 0.21514703333377838
vn -0.96375131607055664 0.064977005124092102 0.25876903533935547
vn -0.98013561964035034 0.078154966235160828 0.18227992951869965
vn -0.97617805004119873 0.098276026546955109 0.19343800842761993
vn -0.97473651170730591 0.12196397036314011 0.18711894750595093
vn -0.97439050674438477 0.030634008347988129 0.22276604175567627
vn -0.97949421405792236 0.014399003237485886 0.20095707476139069
vn -0.96646088361740112 0.039093006402254105 0.2538209855556488
vn -0.97572016716003418 0.0088260015472769737 0.218843013048172
vn -0.98225253820419312 0.0066310013644397259 0.18744605779647827
vn -0.999114990234375 0.015450997278094292 0.039121996611356735
vn -0.99769967794418335 0.040032010525465012 0.05470600351691246
vn -0.96628201007843018 -0.016882998868823051 0.25693199038505554
vn -0.96956431865692139 -0.037181016057729721 0.2419971227645874
vn -0.96671998500823975 -0.014225000515580177 0.25544103980064392
vn -0.97968310117721558 0.0057950010523200035 0.20046801865100861
vn -0.9748542308807373 -0.0083480039611458778 0.22268705070018768
vn -0.98137420415878296 0.034288015216588974 0.18902108073234558
vn -0.96603631973266602 0.072747007012367249 0.2479550689458847
vn -0.93201309442520142 0.11563900858163834 0.34348100423812866
vn -0.87276178598403931 0.19207888841629028 0.44876781105995178
vn -0.93794602155685425 0.16633498668670654 0.30428597331047058
vn -0.9371802806854248 0.11773504316806793 0.32837715744972229
vn -0.96876418590545654 0.14676903188228607 0.19988702237606049
vn -0.84623050689697266 0.30869185924530029 0.43428480625152588
vn -0.93753325939178467 0.21396107971668243 0.27432101964950562
vn -0.97540783882141113 0.11264894902706146 0.18944595754146576
vn -0.97507494688034058 0.11784198135137558 0.18799501657485962
vn -0.97581803798675537 0.064798027276992798 0.20875905454158783
vn -0.94079428911209106 0.15078303217887878 0.30359610915184021
vn -0.88699531555175781 0.22740708291530609 0.40190210938453674
vn -0.94093728065490723 0.11832503974437714 0.31723210215568542
vn -0.93803298473358154 0.24890905618667603 0.24111902713775635
vn -0.88192754983901978 0.33710277080535889 0.32949280738830566
vn -0.94164609909057617 0.19663804769515991 0.27319610118865967
vn -0.91487491130828857 0.38085505366325378 0.13399000465869904
vn -0.86453741788864136 0.4571031928062439 0.20888207852840424
vn -0.92586690187454224 0.31366497278213501 0.21067696809768677
vn -0.86015093326568604 0.50996494293212891 -0.0087239984422922134
vn -0.90479713678359985 0.42575302720069885 -0.0087450025603175163
vn -0.12450002133846283 0.064203016459941864 0.99014025926589966
vn -0.090047977864742279 0.21584396064281464 0.9722667932510376
vn -0.00014099992404226214 0.096576996147632599 0.99532550573348999
vn -0.12731392681598663 0.065116971731185913 0.98972266912460327
vn -0.15265491604804993 0.31982684135437012 0.93509745597839355
vn -0.33884397149085999 0.35458698868751526 0.87146592140197754
vn -0.2908770740032196 0.3435090184211731 0.89296811819076538
vn -0.17382602393627167 0.34455013275146484 0.92253440618515015
vn -0.25017288327217102 0.35711491107940674 0.89993470907211304
vn -0.069260038435459137 0.6273651123046875 0.7756391167640686
vn -9.399995906278491E-05 0.41615286469459534 0.90929466485977173
vn -0.075604967772960663 0.34927892684936523 0.93396365642547607
vn -0.12754702568054199 0.4393431544303894 0.88921838998794556
vn -0.070693016052246094 0.4426409900188446 0.89390796422958374
vn -0.092066019773483276 0.8937414288520813 0.4390331506729126
vn 6.3000006775837392E-05 0.7713889479637146 0.63636398315429688
vn -0.14690396189689636 0.79066866636276245 0.59435874223709106
vn -0.072871997952461243 0.7939029335975647 0.60366201400756836
vn -0.27688997983932495 0.95909762382507324 0.058852992951869965
vn -0.36073294281959534 0.91539174318313599 0.17868894338607788
vn -0.43636581301689148 0.89804977178573608 0.055600982159376144
vn -0.35988405346870422 0.93123412132263184 0.057328019291162491
vn -0.087825015187263489 0.98119431734085083 0.17188505828380585
vn 4.0000013541430235E-06 0.9453662633895874 0.32601013779640198
vn -0.17575199902057648 0.93804401159286499 0.2986379861831665
vn -0.098073028028011322 0.94873315095901489 0.30047810077667236
vn -0.56394124031066895 0.41549715399742126 0.71367526054382324
vn -0.53296875953674316 0.36106482148170471 0.76522970199584961
vn -0.39393311738967896 0.34730702638626099 0.85099619626998901
vn -0.45955684781074524 0.40364888310432434 0.7911226749420166
vn -0.071787998080253601 0.22290197014808655 0.97219401597976685
vn -0.16371200978755951 0.34420803189277649 0.92451024055480957
vn -0.12540808320045471 0.3086191713809967 0.94288229942321777
vn -0.12683595716953278 0.32070398330688477 0.93864881992340088
vn -0.72440606355667114 0.47025007009506226 0.50408405065536499
vn -0.58595490455627441 0.3573419451713562 0.7272987961769104
vn -0.64036530256271362 0.29992318153381348 0.70709145069122314
vn -0.7660139799118042 0.34434801340103149 0.54281401634216309
vn -0.70087903738021851 0.35956105589866638 0.61602306365966797
vn -0.66875302791595459 0.66917800903320313 0.32399100065231323
vn -0.63028383255004883 0.62004989385604858 0.46720486879348755
vn -0.75290012359619141 0.52024203538894653 0.40310001373291016
vn -0.70803862810134888 0.57212769985198975 0.41394591331481934
vn -0.61904501914978027 0.76611107587814331 0.17279203236103058
vn -0.57721811532974243 0.77552813291549683 0.25568604469299316
vn -0.6957850456237793 0.67694205045700073 0.24006800353527069
vn -0.6308552622795105 0.73652029037475586 0.24404808878898621
vn -0.14435592293739319 0.9876936674118042 0.060187973082065582
vn -0.22947701811790466 0.95738077163696289 0.17539197206497192
vn -0.20876194536685944 0.9761427640914917 0.059696987271308899
vn -0.71258729696273804 0.70126420259475708 0.021162010729312897
vn -0.78025788068771362 0.608897864818573 0.14297202229499817
vn -0.79512554407119751 0.60641336441040039 0.0061830035410821438
vn -0.49294212460517883 0.85179829597473145 0.17733505368232727
vn -0.45049998164176941 0.85222280025482178 0.26601895689964294
vn -0.51403284072875977 0.78141176700592041 0.35378789901733398
vn -0.50920712947845459 0.82266515493392944 0.25284406542778015
vn -0.44056513905525208 0.73256832361221313 0.51888918876647949
vn -0.53009110689163208 0.56020104885101318 0.6365361213684082
vn -0.52791798114776611 0.6958649754524231 0.48690301179885864
vn -0.39236506819725037 0.41501802206039429 0.82085913419723511
vn -0.4724070131778717 0.32756704092025757 0.81824898719787598
vn -0.49898675084114075 0.39732378721237183 0.77015972137451172
vn -0.71351629495620728 0.34387305378913879 0.6104472279548645
vn -0.79665601253509521 0.26893097162246704 0.5413089394569397
vn -0.67422890663146973 0.30997398495674133 0.67032194137573242
vn -0.76888394355773926 0.27428796887397766 0.57756692171096802
vn -0.39027512073516846 0.34588909149169922 0.85325616598129272
vn -0.23470395803451538 0.21165293455123901 0.9487450122833252
vn -0.33792510628700256 0.27749708294868469 0.89933419227600098
vn -0.7025381326675415 0.38132309913635254 0.6008601188659668
vn -0.51713496446609497 0.32931187748908997 0.79001587629318237
vn -0.59710466861724854 0.32003489136695862 0.73555672168731689
vn -0.81814587116241455 0.37760892510414124 0.43364599347114563
vn -0.82147002220153809 0.31037390232086182 0.47838795185089111
vn -0.79344594478607178 0.52915495634078979 0.30072996020317078
vn -0.80345219373703003 0.45541009306907654 0.38349217176437378
vn -0.78206580877304077 0.58218193054199219 0.22234496474266052
vn -0.55598002672195435 0.82999294996261597 0.044697996228933334
vn -0.62981677055358887 0.77598476409912109 0.034328985959291458
vn -0.49396625161170959 0.86792832612991333 0.051940016448497772
vn -0.30785191059112549 0.9126778244972229 0.26878687739372253
vn -0.36363503336906433 0.84373706579208374 0.39481303095817566
vn -0.37745580077171326 0.88247060775756836 0.2806648313999176
vn -0.29138708114624023 0.7958483099937439 0.53077208995819092
vn -0.33351489901542664 0.60538786649703979 0.72268480062484741
vn -0.3563092052936554 0.75892144441604614 0.54505228996276855
vn -0.23644095659255981 0.45797687768936157 0.85694390535354614
vn -0.29645299911499023 0.42875492572784424 0.85339605808258057
vn -0.42815610766410828 0.34259709715843201 0.83624732494354248
vn 0.020653000101447105 0.078857995569705963 0.99667191505432129
vn -0.052274003624916077 0.1414179652929306 0.98856884241104126
vn 0.01933499239385128 0.080258958041667938 0.99658650159835815
vn -0.00029600004199892282 0.30417510867118835 0.95261609554290771
vn -0.085042014718055725 0.31104698777198792 0.94658207893371582
vn -0.18858805298805237 0.61853015422821045 0.76279419660568237
vn -0.17719091475009918 0.43555676937103271 0.88254952430725098
vn -0.2388160228729248 0.87546318769454956 0.42015606164932251
vn -0.21816912293434143 0.78527742624282837 0.57943212985992432
vn -0.24291799962520599 0.92410111427307129 0.29500502347946167
vn 0 0.99696195125579834 0.077889978885650635
vn -0.075566038489341736 0.99532335996627808 0.06017603725194931
vn -0.96613419055938721 -0.11908702552318573 0.22891704738140106
vn -0.98180782794952393 -0.042611997574567795 0.18503399193286896
vn -0.96804779767990112 -0.07309596985578537 0.23987592756748199
vn -0.99567329883575439 -0.043330017477273941 0.082202024757862091
vn -0.99805742502212524 0.010000002570450306 -0.061493024230003357
vn -0.99724507331848145 -0.013869002461433411 0.072869017720222473
vn -0.9876447319984436 -0.0067789973691105843 -0.1565629243850708
vn -0.96032744646072388 0.016608988866209984 -0.27837982773780823
vn -0.98348033428192139 0.025017000734806061 -0.17927800118923187
vn -0.94660025835037231 -0.07577301561832428 -0.31337901949882507
vn -0.90753918886184692 -0.084210015833377838 -0.41143810749053955
vn -0.932381272315979 -0.027744999155402184 -0.36041003465652466
vn -0.92139977216720581 -0.14853696525096893 -0.35910895466804504
vn -0.8710777759552002 -0.15883399546146393 -0.4647529125213623
vn -0.88614225387573242 -0.12567704916000366 -0.44604617357254028
vn -0.90248298645019531 -0.27804398536682129 -0.32896202802658081
vn -0.81997913122177124 -0.28005802631378174 -0.49920105934143066
vn -0.83857446908950806 -0.28205183148384094 -0.46608972549438477
vn -0.82331442832946777 -0.31523019075393677 -0.47199922800064087
vn -0.91651594638824463 -0.20448596775531769 -0.34377902746200562
vn -0.82135647535324097 -0.24451920390129089 -0.51534831523895264
vn -0.95495313405990601 -0.19087398052215576 0.22722601890563965
vn -0.97323423624038696 -0.12102101743221283 0.19536904990673065
vn -0.97426432371139526 -0.16703402996063232 0.151356041431427
vn -0.96149164438247681 -0.16632993519306183 0.21878792345523834
vn -0.98904508352279663 -0.10518699884414673 0.10356402397155762
vn -0.99846726655960083 -0.048651009798049927 -0.026385005563497543
vn -0.99270987510681152 -0.076881982386112213 0.092823967337608337
vn -0.99011778831481934 -0.088701963424682617 -0.10862194001674652
vn -0.97130095958709717 -0.068922989070415497 -0.22764897346496582
vn -0.98995405435562134 -0.040412995964288712 -0.13549098372459412
vn -0.95866274833679199 -0.15250492095947266 -0.24022488296031952
vn -0.94745081663131714 -0.15214897692203522 -0.28140297532081604
vn -0.95538413524627686 -0.11947903037071228 -0.27012202143669128
vn -0.95944231748580933 -0.19606705009937286 -0.20255406200885773
vn -0.94650673866271973 -0.19076097011566162 -0.26025989651679993
vn -0.94624406099319458 -0.17296296358108521 -0.27332401275634766
vn -0.9671282172203064 -0.23693108558654785 -0.092340022325515747
vn -0.95335525274276733 -0.2554880678653717 -0.16074705123901367
vn -0.91496837139129639 -0.21307210624217987 -0.34268522262573242
vn -0.94981616735458374 -0.23571999371051788 -0.20563401281833649
vn -0.85681581497192383 -0.21002291142940521 -0.47091087698936462
vn -0.97980165481567383 -0.18984001874923706 -0.062844991683959961
vn -0.96928435564041138 -0.16636906564235687 -0.18113304674625397
vn -0.9580877423286438 -0.22577697038650513 -0.17633095383644104
vn -0.99624699354171753 -0.084727972745895386 -0.017695996910333633
vn -0.98866438865661621 -0.13862708210945129 -0.057665042579174042
vn -0.97960120439529419 -0.13746707141399384 -0.14657507836818695
vn -0.9953886866569519 -0.082032002508640289 -0.049719993025064468
vn -0.91044390201568604 -0.37808084487915039 -0.16776993870735168
vn -0.98781120777130127 -0.15131200850009918 -0.036520004272460938
vn 0.034173008054494858 -0.96498918533325195 -0.26005396246910095
vn -0.78824079036712646 -0.56374478340148926 0.24671490490436554
vn -0.63707005977630615 -0.76113212108612061 -0.12173602730035782
vn -0.72548019886016846 -0.14911603927612305 0.67189496755599976
vn -0.96387284994125366 -0.10766199231147766 0.24363496899604797
vn -0.8436773419380188 -0.26102811098098755 0.46911925077438354
vn -0.96611219644546509 -0.0442340187728405 0.25430402159690857
vn -0.99826180934906006 -0.035182993859052658 0.047280997037887573
vn -0.99149596691131592 -0.076979957520961761 0.10492797195911407
vn -0.99423897266387939 0.10670497268438339 0.010144999250769615
vn -0.99533849954605103 0.066234983503818512 -0.070100992918014526
vn -0.99771600961685181 0.058005001395940781 -0.03461499884724617
vn -0.99415409564971924 -0.08479706197977066 0.066836044192314148
vn -0.99917352199554443 -0.039882969111204147 0.0078529966995120049
vn -0.89866364002227783 0.0006799998227506876 0.43863791227340698
vn -0.9580187201499939 0.038573000580072403 0.28409898281097412
vn -0.97535830736160278 0.10637101531028748 0.19329099357128143
vn -0.94155865907669067 0.0033009999897330999 0.33683288097381592
vn -0.98537319898605347 0.11612402647733688 0.1247190535068512
vn -0.99780100584030151 0.0093340035527944565 0.065620012581348419
vn -0.98876070976257324 0.12559996545314789 0.081097997725009918
vn -0.96277672052383423 -0.10262298583984375 0.25005897879600525
vn -0.96019625663757324 -0.1924850195646286 0.2024170458316803
vn -0.98464137315750122 -0.10747399926185608 0.13758900761604309
vn -0.94159829616546631 -0.10994204878807068 0.31828507781028748
vn -0.96704262495040894 -0.13095694780349731 0.21835486590862274
vn -0.94997209310531616 -0.18957804143428802 0.2482200562953949
vn -0.99234497547149658 -0.0190420001745224 0.12201999872922897
vn -0.99418377876281738 -0.10768996924161911 -0.0012349996250122786
vn -0.98880958557128906 -0.10061197727918625 0.11014898121356964
vn -0.98858886957168579 -0.10905095934867859 -0.10392294824123383
vn -0.97556710243225098 -0.15445096790790558 -0.15624895691871643
vn -0.98775774240493774 -0.12668700516223907 -0.091022014617919922
vn -0.96219760179519653 -0.21384090185165405 -0.16866493225097656
vn -0.96124333143234253 -0.20778307318687439 -0.18121106922626495
vn -0.9624292254447937 -0.18422405421733856 -0.19947803020477295
vn -0.96453899145126343 -0.25294700264930725 -0.075381018221378326
vn -0.97260582447052002 -0.22366997599601746 -0.063321985304355621
vn -0.96676599979400635 -0.22275499999523163 -0.12547400593757629
vn -0.96774280071258545 -0.24610897898674011 -0.05389099195599556
vn -0.97490471601486206 -0.22253887355327606 0.0061039975844323635
vn -0.97309881448745728 -0.22866190969944 -0.028149988502264023
vn -0.98240953683853149 -0.1748918741941452 0.065454967319965363
vn -0.99567055702209473 -0.085607975721359253 0.036212999373674393
vn -0.98562973737716675 -0.16613492369651794 0.030547991394996643
vn -0.99764895439147949 -0.053216006606817245 0.043181005865335464
vn -0.996845543384552 -0.071605972945690155 0.034227974712848663
vn -0.99761676788330078 -0.056923002004623413 0.038994014263153076
vn -0.90227299928665161 -0.29617705941200256 -0.31334099173545837
vn -0.58884716033935547 -0.33523008227348328 -0.73544532060623169
vn -0.99307942390441895 -0.088859044015407562 -0.076794028282165527
vn 0.46043482422828674 -0.53488588333129883 -0.70844680070877075
vn 0.30026689171791077 -0.72083371877670288 -0.62469077110290527
vn -0.011810996569693089 -0.99975693225860596 0.018617991358041763
vn 0.4103350043296814 -0.79790902137756348 -0.44154998660087585
vn -0.02453300729393959 -0.40748307108879089 -0.91288316249847412
vn 0.60443300008773804 -0.14400294423103333 -0.78353297710418701
vn 0.29798489809036255 -0.3234998881816864 -0.89808285236358643
vn 0.31082803010940552 -0.6423831582069397 -0.70052111148834229
vn 0.40234306454658508 -0.5872461199760437 -0.70232617855072021
vn 0.63072705268859863 -0.22779197990894318 -0.74181818962097168
vn 0.0022869992535561323 -0.53136485815048218 -0.84713995456695557
vn 0.3732839822769165 -0.53680503368377686 -0.75663691759109497
vn 0.9023287296295166 -0.016467994078993797 -0.43073385953903198
vn 0.71880602836608887 -0.26798796653747559 -0.64148294925689697
vn 0.80158704519271851 -0.049214009195566177 -0.59584915637969971
vn 0.26385602355003357 -0.61043006181716919 -0.7468300461769104
vn -0.43902081251144409 -0.67780572175979614 -0.58977973461151123
vn 0.1505889892578125 -0.65713787078857422 -0.7385748028755188
vn -0.64636075496673584 -0.40731790661811829 0.64522081613540649
vn -0.90833014249801636 0.058976013213396072 0.41407504677772522
vn -0.82065355777740479 0.013468009419739246 0.57126730680465698
vn -0.92915248870849609 0.10636595636606216 0.35406485199928284
vn -0.94461679458618164 0.086134985089302063 0.3166700005531311
vn -0.95527952909469604 0.088602989912033081 0.28211790323257446
vn -0.93050187826156616 0.080165967345237732 0.35740688443183899
vn -0.96842259168624878 0.24213887751102448 0.059383977204561234
vn -0.70465195178985596 0.11688296496868134 -0.69985997676849365
vn -0.99515825510025024 -0.057341013103723526 -0.079825021326541901
vn -0.97439342737197876 0.1619679182767868 -0.15596091747283936
vn -0.85647487640380859 0.15542395412921906 0.49223390221595764
vn -0.73560112714767456 0.67672604322433472 0.030543003231287003
vn -0.93130224943161011 0.26961410045623779 0.24491706490516663
vn -0.89543020725250244 -0.0091899987310171127 0.44510707259178162
vn -0.90143561363220215 -0.098335951566696167 0.42159682512283325
vn -0.63869309425354004 0.48691010475158691 0.59581011533737183
vn -0.8333359956741333 0.01406299602240324 0.55258786678314209
vn -0.94183272123336792 -0.30976694822311401 0.1303669661283493
vn -0.99014627933502197 -0.050014019012451172 0.13080106675624847
vn -0.75914883613586426 0.59216976165771484 0.27023693919181824
vn -0.95904082059860229 -0.15336094796657562 0.23816195130348206
vn -0.97205895185470581 -0.036719996482133865 0.23184698820114136
vn -0.97857010364532471 -0.043601002544164658 0.20124498009681702
vn -0.94743567705154419 0.052898969501256943 0.31554290652275085
vn -0.98295712471008301 -0.1179649829864502 0.14099498093128204
vn -0.98108130693435669 -0.18034505844116211 0.070393025875091553
vn -0.97372102737426758 -0.1731249988079071 0.14797002077102661
vn -0.97068881988525391 0.015754994004964828 0.23982290923595428
vn -0.98223036527633667 -0.11139401793479919 0.15104605257511139
vn -0.94573783874511719 -0.29941990971565247 -0.1262049674987793
vn -0.98818343877792358 -0.12611405551433563 0.087113052606582642
vn -0.95940417051315308 -0.25759008526802063 -0.11485201120376587
vn -0.81828457117080688 0.43238577246665955 0.37875175476074219
vn -0.9780394434928894 -0.20392613112926483 -0.043046034872531891
vn -0.88565099239349365 -0.4323270320892334 -0.16945700347423553
vn -0.78369104862213135 -0.59717106819152832 0.17092405259609222
vn -0.97570282220840454 -0.213765949010849 0.048042993992567062
vn -0.92677938938140869 -0.34574216604232788 -0.14677304029464722
vn -0.63318008184432983 -0.58174103498458862 -0.51054906845092773
vn -0.97540885210037231 -0.21095599234104156 0.063836991786956787
vn -0.97868180274963379 -0.18582497537136078 0.087469987571239471
vn 0.77662801742553711 -0.26510399580001831 -0.57146197557449341
vn 0.14184197783470154 -0.48166400194168091 -0.86480093002319336
vn 0.12595097720623016 -0.62039780616760254 -0.77410781383514404
vn -0.72310316562652588 -0.026506004855036736 -0.6902313232421875
vn -0.98130369186401367 0.18755097687244415 -0.04321698471903801
vn -0.99933987855911255 0.02191699855029583 0.028973003849387169
vn -0.79727029800415039 -0.20382010936737061 0.56817024946212769
vn -0.88250714540481567 -0.098497018218040466 0.45986899733543396
vn -0.98322749137878418 0.027058010920882225 0.18036505579948425
vn -0.82877737283706665 -0.49275511503219604 0.2651800811290741
vn -0.93124169111251831 -0.35008692741394043 0.10113396495580673
vn -0.61982506513595581 -0.18877893686294556 0.76169508695602417
vn -0.76146894693374634 -0.31488797068595886 0.5665779709815979
vn -0.89056879281997681 -0.098990999162197113 -0.44394597411155701
vn -0.88993287086486816 -0.44328993558883667 -0.10730098932981491
vn -0.78430014848709106 -0.50122809410095215 -0.36557304859161377
vn -0.84170311689376831 -0.30722105503082275 -0.44401699304580688
vn -0.63742947578430176 0.054490029811859131 0.76857954263687134
vn -0.87000519037246704 0.057747010141611099 0.48964908719062805
vn -0.86528068780899048 0.0090039968490600586 0.50120681524276733
vn -0.78747010231018066 -0.21372802555561066 0.5781099796295166
vn -0.47745180130004883 0.45022782683372498 0.75454270839691162
vn -0.51826393604278564 0.088799990713596344 0.85059809684753418
vn -0.71437281370162964 -0.67363578081130981 -0.18943691253662109
vn -0.69355899095535278 -0.71108502149581909 -0.11547299474477768
vn -0.75850695371627808 -0.60377901792526245 -0.24518996477127075
vn -0.75465792417526245 0.40820005536079407 0.51367706060409546
vn -0.93605208396911621 0.14686401188373566 0.31974592804908752
vn -0.89493900537490845 0.075222000479698181 0.43980205059051514
vn -0.70326727628707886 -0.65545028448104858 0.27531811594963074
vn -0.89778095483779907 -0.25969600677490234 0.35573491454124451
vn -0.78406965732574463 0.27789497375488281 0.55498570203781128
vn -0.77360320091247559 -0.57765209674835205 0.26049205660820007
vn -0.18570807576179504 0.98100137710571289 0.056114029139280319
vn -0.19319999217987061 0.91514408588409424 0.35381501913070679
vn -0.28212708234786987 0.83277714252471924 0.4763261079788208
vn 0.087589986622333527 0.96421962976455688 -0.25021690130233765
vn -0.81363683938980103 0.56008589267730713 0.15588095784187317
vn -0.51704204082489014 0.82132214307785034 0.2410341203212738
vn -0.99409759044647217 0.089364990592002869 -0.061512988060712814
vn -0.98383760452270508 0.11252995580434799 0.13928592205047607
vn -0.45078423619270325 -0.39052408933639526 -0.80267333984375
vn -0.94340324401855469 -0.27256208658218384 -0.18894504010677338
vn -0.88773095607757568 -0.030803006142377853 0.4593309760093689
vn -0.96011078357696533 -0.26746588945388794 -0.081542976200580597
vn -0.33034700155258179 -0.160831019282341 -0.93005603551864624
vn -0.92747902870178223 -0.13904702663421631 -0.347057044506073
vn -0.90390241146087646 -0.15712808072566986 0.39783310890197754
vn -0.929115891456604 -0.24757298827171326 -0.27468395233154297
vn -0.42335492372512817 0.2050289511680603 -0.88245892524719238
vn -0.9636695384979248 0.071133054792881012 -0.25745117664337158
vn -0.94486290216445923 -0.18183496594429016 0.27234196662902832
vn -0.93919640779495239 0.0065880031324923038 -0.34331715106964111
vn -0.66033518314361572 0.45374608039855957 -0.59839111566543579
vn -0.98330032825469971 -0.12549702823162079 0.13179902732372284
vn -0.95631468296051025 -0.15985094010829926 0.24476496875286102
vn -0.99673068523406982 -0.0026489994488656521 -0.080751992762088776
vn -0.82014328241348267 0.57016915082931519 -0.047667011618614197
vn -0.86101299524307251 -0.32074099779129028 0.39469203352928162
vn -0.92062187194824219 -0.26774299144744873 0.28419896960258484
vn -0.078235000371932983 0.76409602165222168 -0.64034098386764526
vn 0.47075808048248291 0.76800912618637085 -0.43422207236289978
vn -0.16856902837753296 0.92506486177444458 -0.34035196900367737
vn 0.13533592224121094 0.28411787748336792 -0.94918978214263916
vn 0.64858001470565796 0.273762047290802 -0.71021002531051636
vn 0.053060974925756454 0.48980489373207092 -0.87021589279174805
vn 0.23278495669364929 0.014779996126890182 -0.97241592407226563
vn 0.68054676055908203 0.10883897542953491 -0.72457587718963623
vn 0.17915889620780945 0.18416191637516022 -0.96642976999282837
vn 0.27296096086502075 -0.18738092482089996 -0.9435998797416687
vn 0.7754741907119751 -0.052305012941360474 -0.62920904159545898
vn 0.27673900127410889 -0.10794401913881302 -0.95486313104629517
vn 0.77376341819763184 -0.093728058040142059 -0.62650233507156372
vn 0.20791493356227875 -0.31023594737052917 -0.92764490842819214
vn 0.82034999132156372 0.34088093042373657 -0.45915800333023071
vn 0.020542005077004433 0.72068214416503906 -0.69296121597290039
vn 0.60647118091583252 0.65770828723907471 -0.44678014516830444
vn 0.88645786046981812 0.10791498422622681 -0.45005202293395996
vn 0.85495132207870483 0.12249802052974701 -0.50403618812561035
vn 0.89324438571929932 0.13899503648281097 -0.42754516005516052
vn 0.82457512617111206 -0.015166008844971657 -0.56554913520812988
vn 0.78242260217666626 0.22454485297203064 -0.58085668087005615
vn 0.8591734766960144 0.095790065824985504 -0.50263822078704834
vn 0.88483881950378418 -0.029428994283080101 -0.46496686339378357
vn 0.49039620161056519 -0.089833073318004608 -0.86685729026794434
vn 0.8362165093421936 -0.070717975497245789 -0.54382067918777466
vn 0.92904293537139893 -0.009535997174680233 -0.36984902620315552
vn 0.59636121988296509 -0.19617606699466705 -0.77837538719177246
vn 0.91621005535125732 0.020992999896407127 -0.40014800429344177
vn 0.76477175951004028 -0.29755789041519165 -0.57147479057312012
vn 0.93045550584793091 -0.024871988222002983 -0.36555978655815125
vn 0.3142051100730896 -0.65041321516036987 -0.69154739379882813
vn 0.32459214329719543 -0.51451516151428223 -0.79367125034332275
vn 0.37691295146942139 -0.59971094131469727 -0.70589190721511841
vn -0.09109901636838913 -0.66044431924819946 -0.74532830715179443
vn 0.40114805102348328 -0.52446413040161133 -0.75101107358932495
vn 0.39443781971931458 -0.62052589654922485 -0.67776578664779663
vn -0.69568318128585815 -0.44293507933616638 -0.56553816795349121
vn -0.56674438714981079 -0.4184671938419342 -0.70970839262008667
vn -0.94126653671264648 -0.27969509363174438 -0.18917709589004517
vn -0.86119836568832397 -0.36264815926551819 -0.35612314939498901
vn -0.84686809778213501 -0.39058908820152283 -0.36090803146362305
vn -0.16790097951889038 -0.54812300205230713 -0.81937199831008911
vn -0.86860412359237671 -0.39730101823806763 -0.29610604047775269
vn -0.91243398189544678 -0.23814500868320465 -0.3327929675579071
vn -0.34789109230041504 -0.20778106153011322 -0.91422033309936523
vn -0.85105055570602417 -0.31361016631126404 -0.42114323377609253
vn -0.94525963068008423 -0.25314190983772278 -0.20592086017131805
vn -0.71300488710403442 -0.010135998018085957 -0.70108580589294434
vn -0.94392150640487671 -0.23786415159702301 -0.22898215055465698
vn -0.96465384960174561 -0.12888900935649872 -0.2298489511013031
vn -0.86385262012481689 -0.096281945705413818 -0.49445772171020508
vn -0.95151841640472412 -0.21883605420589447 -0.21615609526634216
vn -0.77160698175430298 0.3722650408744812 -0.51579201221466064
vn -0.98266756534576416 -0.016938991844654083 -0.18460091948509216
vn 0.260142982006073 -0.41319191455841064 -0.87269586324691772
vn 0.10756698250770569 -0.25853198766708374 -0.9599950909614563
vn 0.21843698620796204 -0.38411396741867065 -0.89707398414611816
vn 0.31475809216499329 -0.26039806008338928 -0.91275417804718018
vn 0.35411494970321655 -0.40572899580001831 -0.84260702133178711
vn 0.16053500771522522 -0.095173999667167664 -0.98243087530136108
vn 0.16184008121490479 0.1888640820980072 -0.96857529878616333
vn 0.094334036111831665 -0.087257027626037598 -0.99170929193496704
vn -0.019225990399718285 0.13885094225406647 -0.99012666940689087
vn 0.21770791709423065 -0.069885961711406708 -0.97350871562957764
vn 0.03376501053571701 0.43441206216812134 -0.90008115768432617
vn 0.48422008752822876 0.36058107018470764 -0.79719018936157227
vn 0.28894504904747009 0.40524211525917053 -0.86734628677368164
vn -0.33708986639976501 0.30116385221481323 -0.89200377464294434
vn -0.23510704934597015 0.30310407280921936 -0.9235001802444458
vn 0.072715014219284058 0.29380306601524353 -0.95309615135192871
vn 0.41592428088188171 0.27948719263076782 -0.86538654565811157
vn 0.60494488477706909 0.21016700565814972 -0.76803094148635864
vn -0.47828099131584167 0.18515300750732422 -0.85846704244613647
vn -0.5153619647026062 0.10655802488327026 -0.85032194852828979
vn -0.19452695548534393 0.47281593084335327 -0.85942095518112183
vn -0.84560859203338623 -0.25127416849136353 0.47096434235572815
vn -0.72765296697616577 -0.043259993195533752 0.68457996845245361
vn -0.73810672760009766 -0.38510680198669434 0.55397766828536987
vn -0.84636902809143066 -0.35602298378944397 0.39611497521400452
vn -0.56864511966705322 -0.065310008823871613 0.81998616456985474
vn -0.8379555344581604 0.025151981040835381 0.54515856504440308
vn -0.67954915761947632 -0.20038706064224243 0.70573222637176514
vn -0.9443477988243103 0.23039701581001282 0.23478600382804871
vn -0.99645966291427612 0.056299962103366852 0.062437959015369415
vn -0.97098201513290405 0.1132889986038208 0.21061700582504272
vn -0.9697108268737793 0.13975697755813599 -0.2003219872713089
vn -0.99224162101745605 -0.082310020923614502 0.093175008893013
vn -0.99777823686599731 -0.010985000990331173 0.06571100652217865
vn -0.9648166298866272 -0.1078229546546936 -0.23979797959327698
vn -0.95915931463241577 -0.19229207932949066 0.20745402574539185
vn -0.97094768285751343 -0.18683193624019623 0.14951395988464355
vn -0.96075087785720825 -0.24928197264671326 -0.12172199785709381
vn -0.94799697399139404 -0.14638595283031464 0.28261798620223999
vn -0.95694494247436523 -0.16731102764606476 0.23719902336597443
vn -0.96588188409805298 -0.25680497288703918 -0.033516999334096909
vn -0.94270294904708862 -0.10271602123975754 0.31742805242538452
vn -0.96246433258056641 -0.27110716700553894 -0.012779008597135544
vn -0.92958623170852661 -0.081481054425239563 0.35948610305786133
vn -0.96951675415039063 -0.24241788685321808 -0.035648979246616364
vn -0.95669132471084595 -0.26197510957717896 -0.12692804634571075
vn -0.8516048789024353 -0.37946596741676331 0.36162787675857544
vn -0.95142656564712524 -0.3011588454246521 -0.063959971070289612
vn -0.99344885349273682 -0.066670015454292297 -0.092814013361930847
vn -0.84663796424865723 -0.41712799668312073 0.33046695590019226
vn -0.97652912139892578 -0.16894201934337616 -0.13360202312469482
vn -0.49074897170066833 0.039259005337953568 0.87041610479354858
vn -0.92694443464279175 0.14143703877925873 0.3475191593170166
vn -0.70368880033493042 0.067013002932071686 0.70734101533889771
vn -0.59001302719116211 -0.036527004092931747 0.80656707286834717
vn -0.54243183135986328 -0.076166987419128418 0.8366398811340332
vn -0.54586213827133179 0.11867400258779526 0.82942813634872437
vn -0.48337101936340332 -0.49121701717376709 0.72460907697677612
vn -0.44789612293243408 -0.5843241810798645 0.67672324180603027
vn -0.81940078735351563 -0.23459687829017639 0.52301687002182007
vn -0.52305585145950317 -0.44063690304756165 0.72955584526062012
vn -0.62576538324356079 -0.35902014374732971 0.69247543811798096
vn -0.31667786836624146 -0.81834155321121216 0.47961676120758057
vn -0.52496469020843506 -0.46809986233711243 0.71084076166152954
vn -0.56515771150588989 -0.66414064168930054 0.48940166831016541
vn -0.67217522859573364 -0.39312613010406494 0.62740123271942139
vn -0.99875843524932861 0.0439470075070858 0.023458002135157585
vn -0.078277021646499634 -0.69370704889297485 0.71599107980728149
vn -0.46284490823745728 -0.57086294889450073 0.67815196514129639
vn -0.45142900943756104 -0.57542604207992554 0.68198001384735107
vn -0.069739028811454773 -0.53746706247329712 0.84039610624313354
vn -0.48605108261108398 -0.19308701157569885 0.85233312845230103
vn -0.45515608787536621 -0.44703313708305359 0.77006125450134277
vn -0.12018202245235443 0.076719008386135101 0.98978304862976074
vn -0.48959678411483765 0.3756318986415863 0.78688985109329224
vn -0.50277119874954224 0.077590048313140869 0.86093026399612427
vn -0.28022795915603638 0.71134990453720093 0.64455693960189819
vn -0.32003197073936462 0.90006983280181885 0.29572591185569763
vn -0.40184399485588074 0.69491702318191528 0.5963318943977356
vn -0.093872055411338806 0.98408925533294678 0.15085205435752869
vn -0.19468000531196594 0.9326331615447998 0.30380105972290039
vn -0.23328712582588196 0.95899438858032227 0.16095608472824097
vn -0.20532184839248657 0.93732148408889771 0.28155174851417542
vn -0.29942801594734192 0.93562513589859009 0.18694509565830231
vn -0.20227992534637451 0.89944356679916382 0.38740688562393188
vn -0.31468102335929871 0.89834505319595337 0.30651596188545227
vn -0.55378520488739014 0.71989631652832031 0.41841515898704529
vn -0.49142086505889893 0.8468436598777771 0.20337493717670441
vn -0.36221197247505188 0.88076293468475342 0.30505597591400146
vn -0.51944905519485474 0.72664302587509155 0.44962495565414429
vn -0.5850830078125 0.66029000282287598 0.47084498405456543
vn -0.40607216954231262 0.84690231084823608 0.34331014752388
vn -0.42497718334197998 0.37993314862251282 0.82161134481430054
vn -0.71331459283828735 0.44164669513702393 0.54417872428894043
vn -0.51670187711715698 0.61173582077026367 0.59899789094924927
vn -0.17776493728160858 -0.30388692021369934 0.93597668409347534
vn -0.54220998287200928 0.024491000920534134 0.83988600969314575
vn -0.31144088506698608 0.042452991008758545 0.94931674003601074
vn -0.12574306130409241 -0.70322221517562866 0.69976222515106201
vn -0.0032020001672208309 -0.59050703048706055 0.80702614784240723
vn -0.21760706603527069 -0.86145609617233276 0.45884701609611511
vn -0.72937279939651489 -0.33842188119888306 0.5945468544960022
vn -0.56272673606872559 -0.19880993664264679 0.80237972736358643
vn -0.39262813329696655 -0.59703600406646729 0.69956499338150024
vn -0.87564396858215332 0.32017701864242554 0.36157199740409851
vn -0.8150031566619873 0.2947770357131958 0.49887508153915405
vn -0.71904772520065308 0.1633109450340271 0.67549973726272583
vn -0.87078064680099487 0.14098493754863739 0.47102472186088562
vn -0.76052916049957275 0.36734908819198608 0.53539711236953735
vn -0.8151288628578186 0.32585200667381287 0.47894197702407837
vn -0.75922501087188721 0.34329000115394592 0.55292797088623047
vn -0.64823919534683228 0.56467419862747192 0.51081210374832153
vn -0.68962788581848145 0.49248093366622925 0.53091984987258911
vn -0.84326153993606567 -0.018095990642905235 0.53719878196716309
vn -0.85417395830154419 0.007526998408138752 0.51993286609649658
vn -0.78325706720352173 0.3328290581703186 0.52510303258895874
vn -0.81904613971710205 0.17389604449272156 0.54673904180526733
vn -0.78467392921447754 0.40229195356369019 0.47164395451545715
vn -0.70545566082000732 0.51285368204116821 0.48919671773910522
vn -0.95940029621124268 0.14484399557113647 0.24201507866382599
vn -0.8801194429397583 -0.277284175157547 0.3853611946105957
vn -0.90265250205993652 -0.083859972655773163 0.42212077975273132
vn -0.79673594236373901 0.0089769968762993813 -0.60426092147827148
vn -0.91776090860366821 -0.3021349310874939 -0.25773903727531433
vn -0.27723404765129089 -0.89925515651702881 0.33835107088088989
vn -0.71616590023040771 -0.69676804542541504 0.040257994085550308
vn -0.53791326284408569 -0.79297131299972534 0.28608712553977966
vn -0.17969296872615814 -0.93225264549255371 0.31403091549873352
vn -0.85149300098419189 0.16220004856586456 -0.49864897131919861
vn -0.96091461181640625 -0.26473087072372437 0.08099798858165741
vn -0.93441164493560791 -0.3523518443107605 -0.052182979881763458
vn -0.90466922521591187 0.39094316959381104 -0.16952003538608551
vn -0.8812292218208313 0.36112913489341736 0.30499312281608582
vn -0.96894806623458862 -0.012382004410028458 0.24695403873920441
vn -0.83627009391784668 0.54681408405303955 -0.040579013526439667
vn -0.87624633312225342 0.44122511148452759 0.19368208944797516
vn -0.87281244993209839 -0.46065464615821838 0.16123189032077789
vn -0.88442331552505493 -0.023644013330340385 -0.46608620882034302
vn -0.88233423233032227 -0.058229018002748489 -0.46700716018676758
vn -0.87521415948867798 -0.46731510758399963 0.124967060983181
vn -0.90062761306762695 0.22822888195514679 -0.36983978748321533
vn -0.88766413927078247 0.067069008946418762 -0.45558109879493713
vn -0.98786884546279907 -0.07719796895980835 0.13474296033382416
vn -0.89058524370193481 0.40086007118225098 -0.21487002074718475
vn -0.7003447413444519 -0.53393882513046265 0.47373682260513306
vn -0.77216321229934692 -0.35030308365821838 0.530143141746521
vn -0.78102588653564453 -0.42263492941856384 0.45975896716117859
vn -0.54580098390579224 -0.64089500904083252 0.53977298736572266
vn -0.69289261102676392 -0.50962084531784058 0.51008474826812744
vn -0.60832184553146362 -0.60678976774215698 0.5116158127784729
vn -0.65289407968521118 -0.72763299942016602 -0.21042701601982117
vn -0.60930776596069336 -0.63920968770980835 0.46920680999755859
vn -0.84854412078857422 -0.18835106492042542 0.49446609616279602
vn -0.84520804882049561 0.1590370237827301 0.51022601127624512
vn -0.85288333892822266 -0.097383029758930206 0.51293915510177612
vn -0.83546185493469238 0.44942393898963928 0.31626194715499878
vn -0.70627909898757935 0.66833513975143433 0.23344805836677551
vn -0.80615127086639404 0.4080640971660614 0.42849013209342957
vn -0.54710006713867188 0.75955414772033691 -0.35179400444030762
vn -0.44451594352722168 0.8889499306678772 -0.11033397912979126
vn -0.57584381103515625 0.81589478254318237 0.052149984985589981
vn -0.45303180813789368 0.61991578340530396 -0.64067667722702026
vn -0.44014710187911987 0.88605028390884399 -0.14555202424526215
vn -0.17529892921447754 0.19528591632843018 -0.96495270729064941
vn -0.019225997850298882 -0.31951290369033813 -0.94738686084747314
vn -0.36168605089187622 0.036242004483938217 -0.93159526586532593
vn -0.65396887063980103 0.70032894611358643 -0.28611898422241211
vn 0.068536967039108276 0.17879296839237213 -0.98149669170379639
vn -0.30634891986846924 0.56091874837875366 -0.76910370588302612
vn -0.8407590389251709 -0.53218305110931396 0.099526017904281616
vn -0.95033031702041626 -0.11743301898241043 0.28823909163475037
vn -0.86183464527130127 -0.31876584887504578 0.39449885487556458
vn -0.73926454782485962 -0.15888810157775879 -0.65440243482589722
vn -0.95435923337936401 0.28289309144020081 0.095760032534599304
vn 0.0079229995608329773 -0.31471198797225952 -0.94915413856506348
vn -0.28824716806411743 -0.4555782675743103 -0.84223634004592896
vn -0.41821613907814026 -0.74402123689651489 -0.52108317613601685
vn 0.4213731586933136 -0.18363708257675171 -0.888100266456604
vn 0.12228793650865555 -0.23503793776035309 -0.96426284313201904
vn 0.052134998142719269 -0.2244189977645874 -0.97309714555740356
vn -0.5440133810043335 -0.80314850807189941 -0.24290315806865692
vn 0.62815332412719727 -0.77382528781890869 -0.081350050866603851
vn 0.24944287538528442 -0.92675882577896118 -0.28088492155075073
vn 0.56488388776779175 -0.2241789698600769 0.79413473606109619
vn 0.69558256864547729 -0.63875263929367065 0.328876793384552
vn -0.83859819173812866 -0.13474404811859131 0.52782303094863892
vn -0.28438094258308411 0.0082700001075863838 0.95867568254470825
vn -0.92039972543716431 -0.38408887386322021 0.073075972497463226
vn -0.18967901170253754 -0.77826714515686035 0.59860014915466309
vn -0.1344820111989975 -0.68440312147140503 0.71659398078918457
vn -0.21831008791923523 -0.47401511669158936 0.85302424430847168
vn -0.23117801547050476 -0.6822780966758728 0.69358009099960327
vn -0.17285296320915222 -0.70014482736587524 0.69276195764541626
vn 0.098346948623657227 -0.98037272691726685 0.17087189853191376
vn 0.072358056902885437 -0.94761955738067627 0.31109723448753357
vn 0.29240408539772034 -0.92331618070602417 0.24897205829620361
vn 0.23611317574977875 -0.94764047861099243 0.21500715613365173
vn -0.01407600287348032 -0.98795217275619507 0.15411803126335144
vn -0.036358993500471115 -0.9630247950553894 0.26694804430007935
vn 0.012713002040982246 -0.98821890354156494 0.15251801908016205
vn -0.29752203822135925 -0.93940126895904541 0.1703110933303833
vn -0.069117963314056396 -0.95483076572418213 0.28899988532066345
vn -0.095878995954990387 -0.98645675182342529 0.13308000564575195
vn -0.61056572198867798 -0.69329977035522461 0.38281187415122986
vn -0.41212612390518188 -0.76901227235794067 0.48864316940307617
vn -0.46278500556945801 -0.84781813621520996 0.25891003012657166
vn -0.46267321705818176 0.80666428804397583 0.36773118376731873
vn -0.52953416109085083 0.19605307281017303 0.82532221078872681
vn -0.8401644229888916 -0.074248030781745911 0.53722524642944336
vn -0.030077006667852402 0.98132616281509399 0.18998502194881439
vn -0.071370027959346771 0.89714616537094116 0.43593013286590576
vn -0.11765202134847641 0.97304004430770874 0.19837102293968201
vn -0.16513891518115997 0.95500057935714722 0.24637988209724426
vn -0.13257990777492523 0.96612846851348877 0.22140088677406311
vn -0.039326995611190796 0.97845709323883057 0.20266996324062347
vn -0.19538693130016327 0.92684876918792725 0.32058587670326233
vn -0.2810700535774231 0.95351332426071167 0.10868299752473831
vn -0.24991297721862793 0.92903685569763184 0.27282598614692688
vn -0.038053024560213089 0.96274441480636597 0.26772215962409973
vn -0.065427988767623901 0.98349761962890625 0.16867595911026001
vn -0.098332017660140991 0.93575936555862427 0.33865207433700562
vn 0.095072954893112183 0.98313558101654053 0.15622292459011078
vn 0.0091180028393864632 0.98800724744796753 0.15413802862167358
vn 0.019979992881417274 0.98498690128326416 0.17146895825862885
vn 0.20674005150794983 0.91703635454177856 0.34103205800056458
vn 0.012982992455363274 0.89999163150787354 0.43571379780769348
vn 0.15865190327167511 0.96070688962936401 0.22775392234325409
vn 0.22488296031951904 0.78535294532775879 0.57675683498382568
vn 0.054444007575511932 0.7213091254234314 0.69047015905380249
vn 0.23390793800354004 0.86311078071594238 0.44757887721061707
vn 0.32482099533081055 -0.73871797323226929 0.59058201313018799
vn 0.090746015310287476 -0.49324318766593933 0.86514526605606079
vn 0.33291780948638916 0.070925965905189514 0.94028466939926147
vn 0.30488699674606323 -0.60044986009597778 0.73925900459289551
vn 0.34114590287208557 -0.85891473293304443 0.38194888830184937
vn 0.16577498614788055 -0.77451795339584351 0.61044293642044067
vn 0.34362408518791199 -0.79754120111465454 0.49583315849304199
vn 0.13742698729038239 -0.91025888919830322 0.39056697487831116
vn 0.32711100578308105 -0.89681500196456909 0.29786106944084167
vn -8.8999986473936588E-05 -0.99541163444519043 -0.095684997737407684
vn -0.033725999295711517 -0.99583494663238525 -0.084707021713256836
vn -0.017586996778845787 -0.99956202507019043 -0.02380099892616272
vn -0.039203990250825882 -0.9949297308921814 -0.092616990208625793
vn 0.047006994485855103 -0.99846100807189941 -0.029427995905280113
vn 0.036879014223814011 -0.99886441230773926 0.03016301617026329
vn 0.016369989141821861 -0.99962151050567627 0.022110983729362488
vn 0.08084898442029953 -0.99650007486343384 0.021238004788756371
vn 0.024938002228736877 -0.99586033821105957 0.087408997118473053
vn 0.035674989223480225 -0.9979088306427002 0.053900983184576035
vn 0.093880951404571533 -0.99360251426696777 0.062772944569587708
vn -0.010735993273556232 -0.99052160978317261 0.13693691790103912
vn -0.0055920006707310677 -0.99331194162368774 0.11532598733901978
vn 0.40970194339752197 -0.90523278713226318 0.11268498748540878
vn 0.97637605667114258 0.15229803323745728 0.15328106284141541
vn 0.26865193247795105 -0.94745087623596191 0.17367494106292725
vn 0.0056039988994598389 0.99924182891845703 0.038526996970176697
vn 0.070524998009204865 0.99549943208694458 -0.063302002847194672
vn 1.2000006790913176E-05 0.99011623859405518 0.14024904370307922
vn 0.045529995113611221 0.99590969085693359 0.078044012188911438
vn -0.080301038920879364 0.9964064359664917 0.026943014934659004
vn 0.03640100359916687 0.99070817232131958 -0.13104303181171417
vn -0.038414008915424347 0.99894297122955322 0.025244010612368584
vn -0.11678002029657364 0.99314326047897339 0.0053780004382133484
vn 0.016013005748391151 0.99143624305725098 -0.12960606813430786
vn -0.11540409922599792 0.99283748865127563 0.030913021415472031
vn 0.057344000786542892 0.99715918302536011 -0.048838995397090912
vn 0.072174012660980225 0.98914891481399536 -0.12796600162982941
vn -0.038396991789340973 0.99910068511962891 -0.017986994236707687
vn 0.25187087059020996 0.95500260591506958 -0.1566239595413208
vn 0.19308000802993774 0.97873818874359131 -0.06922198086977005
vn 0 -0.92219173908233643 -0.38673293590545654
vn 0.15925997495651245 -0.59265190362930298 -0.78955680131912231
vn 0.099414035677909851 -0.95938616991043091 -0.26399809122085571
vn 0.029865996912121773 -0.95690268278121948 -0.28886893391609192
vn 0.35053405165672302 -0.5599321722984314 -0.75073421001434326
vn 0.22402992844581604 -0.94711482524871826 -0.22974790632724762
vn 0.14833901822566986 -0.95708930492401123 -0.2489490807056427
vn 0.65196800231933594 -0.49193799495697021 -0.57700496912002563
vn 0.30806595087051392 -0.94402062892913818 -0.11798494309186935
vn 0.28408300876617432 -0.94284522533416748 -0.17418304085731506
vn 0.76052528619766235 -0.50192517042160034 -0.41191309690475464
vn 0.30896291136741638 -0.9510536789894104 -0.0062299990095198154
vn 0.31018689274787903 -0.94834768772125244 -0.066488958895206451
vn 0.75687307119369507 -0.62128007411956787 -0.20286501944065094
vn 0.98532706499099731 0.14012506604194641 -0.097445011138916016
vn 0.52683120965957642 -0.8495514988899231 0.026667015627026558
vn 0.072356060147285461 0.97071933746337891 -0.22906014323234558
vn 0.13736699521541595 0.77822214365005493 -0.61278104782104492
vn 2.0000006770715117E-06 0.9951331615447998 -0.098539039492607117
vn 0.061224021017551422 0.9796372652053833 -0.19121307134628296
vn 0.10415098071098328 0.95656281709671021 -0.27228686213493347
vn 0.24063985049724579 0.74968945980072021 -0.61648857593536377
vn 0.081395983695983887 0.96412402391433716 -0.25266498327255249
vn 0.16384595632553101 0.95393067598342896 -0.25133794546127319
vn 0.41627702116966248 0.73182803392410278 -0.53957498073577881
vn 0.13669194281101227 0.95336759090423584 -0.26908284425735474
vn 0.19956709444522858 0.95653015375137329 -0.21265707910060883
vn 0.48953905701637268 0.77077215909957886 -0.40775209665298462
vn 0.19357998669147491 0.95356094837188721 -0.23075594007968903
vn 0.53990083932876587 0.77473276853561401 -0.32908391952514648
vn 0.33005189895629883 0.92696291208267212 -0.17834097146987915
vn 0.18323297798633575 0.28846397995948792 -0.93979477882385254
vn -4.0000027183850762E-06 0.50108629465103149 -0.86539733409881592
vn 0.1392909437417984 0.5282738208770752 -0.83757078647613525
vn 0.24923905730247498 0.48528310656547546 -0.8380812406539917
vn 0.15878704190254211 0.48478811979293823 -0.86009716987609863
vn 0.37059101462364197 0.2987230122089386 -0.87944692373275757
vn 0.31993111968040466 0.51223224401473999 -0.79703336954116821
vn 0.49585884809494019 0.43577790260314941 -0.75114685297012329
vn 0.34202486276626587 0.47518375515937805 -0.81069070100784302
vn 0.6908949613571167 0.26719790697097778 -0.67176592350006104
vn 0.63324016332626343 0.41599208116531372 -0.65265417098999023
vn 0.68397289514541626 0.3883499801158905 -0.61754786968231201
vn 0.65676170587539673 0.38778883218765259 -0.64674872159957886
vn 0.73409378528594971 0.30054992437362671 -0.6089138388633728
vn 0.61337924003601074 0.44213911890983582 -0.65443021059036255
vn 0.61507081985473633 0.38393387198448181 -0.68868184089660645
vn 0.6369091272354126 0.42185807228088379 -0.64527708292007446
vn 0.76309686899185181 0.14203698933124542 -0.63048285245895386
vn 0.57450991868972778 0.35352298617362976 -0.73821395635604858
vn 0.77143770456314087 0.17114487290382385 -0.61285668611526489
vn 0.68834799528121948 0.25324591994285583 -0.67973786592483521
vn 0.1995360255241394 0.11562501639127731 -0.97304481267929077
vn 0.33751505613327026 -0.096194006502628326 -0.93639218807220459
vn 0.23651507496833801 -0.18948008120059967 -0.95297318696975708
vn 3.3000000257743523E-05 -0.11660801619291306 -0.99317800998687744
vn 0.21213094890117645 -0.12362993508577347 -0.96938955783843994
vn 0.40200400352478027 0.15113896131515503 -0.90307796001434326
vn 0.54300570487976074 0.0035299987066537142 -0.83972156047821045
vn 0.47086694836616516 -0.083971992135047913 -0.87819874286651611
vn 0.44085988402366638 -0.04189198836684227 -0.89659780263900757
vn 0.66539162397384644 0.16482488811016083 -0.72807055711746216
vn 0.7583845853805542 0.023965988308191299 -0.65136659145355225
vn 0.6945720911026001 -0.02523999847471714 -0.71898025274276733
vn 0.67121130228042603 0.013380005955696106 -0.74114531278610229
vn 0.77362501621246338 0.15099896490573883 -0.61538904905319214
vn 0.72604256868362427 0.027071984484791756 -0.68711668252944946
vn 0.74010562896728516 -0.051344960927963257 -0.67052769660949707
vn 0.75745707750320435 0.0045540002174675465 -0.65286904573440552
vn 0.73660409450531006 0.23080702126026154 -0.63572210073471069
vn 0.75766092538833618 0.11352499574422836 -0.64269900321960449
vn 0.74222797155380249 0.11767496913671494 -0.65973496437072754
vn 0.27967602014541626 0.40670204162597656 -0.86969810724258423
vn -1.1999999514955562E-05 0.47406491637229919 -0.88048988580703735
vn 0.18955411016941071 0.42185011506080627 -0.88662940263748169
vn 0.4756280779838562 0.39469411969184875 -0.78612625598907471
vn 0.35550081729888916 0.39883279800415039 -0.84531152248382568
vn 0.70917421579360962 0.39509311318397522 -0.58392924070358276
vn 0.61443424224853516 0.38553908467292786 -0.68835324048995972
vn 0.69262880086898804 0.45903292298316956 -0.55637586116790771
vn 0.7251739501953125 0.42010501027107239 -0.54555892944335938
vn 0.88897901773452759 0.10020699352025986 -0.44684994220733643
vn 0.71671223640441895 0.46519321203231812 -0.51953715085983276
vn 0.80343222618103027 -0.0050160009413957596 -0.59537512063980103
vn 0.8403131365776062 -0.085056044161319733 -0.53538703918457031
vn 0.80467832088470459 0.083343036472797394 -0.58783221244812012
vn 0.82130336761474609 0.09641604870557785 -0.56228524446487427
vn 0.54934895038604736 0.030530998483300209 -0.83503508567810059
vn 0.72238630056381226 0.060246005654335022 -0.68886023759841919
vn 0.30604687333106995 -0.017174994572997093 -0.95186150074005127
vn 0.39704623818397522 0.0043330020271241665 -0.91778838634490967
vn -1.3000004400964826E-05 0.0091230049729347229 -0.99995839595794678
vn 0.20172896981239319 -0.036318998783826828 -0.9787677526473999
vn 0.075016029179096222 -0.63012421131134033 0.77286225557327271
vn 0.064711049199104309 -0.42103627324104309 0.90473252534866333
vn 0.18999998271465302 -0.51668089628219604 0.83482986688613892
vn -0.42690795660018921 -0.46322789788246155 0.77663987874984741
vn -0.16272607445716858 -0.63189822435379028 0.75777626037597656
vn -0.79293167591094971 0.11246795952320099 0.59884077310562134
vn -0.67077791690826416 -0.18128201365470886 0.71916186809539795
vn -0.48931801319122314 0.6728549599647522 0.5548279881477356
vn -0.73368126153945923 0.44101816415786743 0.51692819595336914
vn -0.29836598038673401 0.5361139178276062 0.78965789079666138
vn -0.32696390151977539 0.64045274257659912 0.69492077827453613
vn -0.33087095618247986 0.42115688323974609 0.84448283910751343
vn -0.31366398930549622 0.46094009280204773 0.8301500678062439
vn -0.32849603891372681 0.36285102367401123 0.87202608585357666
vn -0.32736995816230774 0.39394190907478333 0.85885894298553467
vn -0.44209209084510803 0.30702802538871765 0.84278607368469238
vn -0.36827594041824341 0.33156695961952209 0.86858284473419189
vn -0.5623888373374939 0.36295792460441589 0.74295377731323242
vn -0.51912009716033936 0.29867404699325562 0.80081719160079956
vn -0.59002393484115601 0.49608993530273438 0.63699805736541748
vn -0.6081196665763855 0.41575878858566284 0.67626553773880005
vn -0.61407393217086792 -0.18711596727371216 0.76674693822860718
vn -0.5819319486618042 0.30443298816680908 0.75410592555999756
vn -0.69652330875396729 -0.48571914434432983 0.52814030647277832
vn -0.64835208654403687 -0.44640505313873291 0.61673504114151001
vn -0.72999000549316406 -0.47673800587654114 0.48973000049591064
vn -0.72482210397720337 -0.48368412256240845 0.49059411883354187
vn -0.62999731302261353 -0.39942318201065063 0.66600638628005981
vn -0.70226728916168213 -0.4431312084197998 0.55718523263931274
vn -0.37500688433647156 -0.37321481108665466 0.84857559204101563
vn -0.51805710792541504 -0.37332409620285034 0.76957517862319946
vn -0.18816898763179779 -0.38885799050331116 0.90187686681747437
vn -0.026239998638629913 0.66527879238128662 0.74613374471664429
vn -0.58918941020965576 0.37289029359817505 0.71680450439453125
vn 0.047060996294021606 0.44686689972877502 0.89336174726486206
vn 0.2286919504404068 0.67374497652053833 0.70268607139587402
vn -0.13189895451068878 -0.86972564458847046 0.47558382153511047
vn -0.14882004261016846 -0.85081535577774048 0.50395023822784424
vn -0.14221005141735077 -0.86242926120758057 0.48579016327857971
vn -0.011742999777197838 -0.87247878313064575 0.4885108470916748
vn -0.074539996683597565 -0.81188797950744629 0.57903516292572021
vn -0.083579011261463165 -0.8749203085899353 0.47700002789497375
vn -0.16603101789951324 -0.7322080135345459 0.66053396463394165
vn -0.073138006031513214 -0.6952369213104248 0.71504998207092285
vn -0.016274986788630486 -0.84544861316680908 0.53380876779556274
vn -0.25669890642166138 -0.16000498831272125 0.9531548023223877
vn -0.20402006804943085 -0.20728807151317596 0.95676928758621216
vn -0.27707308530807495 -0.5294690728187561 0.80180609226226807
vn -0.082223981618881226 0.61810982227325439 0.7817797064781189
vn -0.15804502367973328 0.20437806844711304 0.96604937314987183
vn -0.15228109061717987 0.34495618939399719 0.92618340253829956
vn -0.19358304142951965 0.72555410861968994 0.66037625074386597
vn -0.29090014100074768 0.48604923486709595 0.82409542798995972
vn -0.12534096837043762 0.6798059344291687 0.72260189056396484
vn -0.28200387954711914 0.8670727014541626 0.41068083047866821
vn -0.34714600443840027 0.60708600282669067 0.71479803323745728
vn -0.24942313134670258 0.82244729995727539 0.51124215126037598
vn -0.18987296521663666 0.91667479276657104 0.35164692997932434
vn -0.27521392703056335 0.72428286075592041 0.63219588994979858
vn -0.24714487791061401 0.89290463924407959 0.37635186314582825
vn -0.12419993430376053 0.94140064716339111 0.31359082460403442
vn -0.21754489839076996 0.74831855297088623 0.62665265798568726
vn -0.13946792483329773 0.93572360277175903 0.32399082183837891
vn -0.19233594834804535 0.82125890254974365 0.53715986013412476
vn -0.29080498218536377 0.6296457052230835 0.7204018235206604
vn -0.15170703828334808 0.91579824686050415 0.37188512086868286
vn -0.21769194304943085 0.49917379021644592 0.83871078491210938
vn -0.35916081070899963 0.15248896181583405 0.9207337498664856
vn -0.2166500985622406 0.66431021690368652 0.7153702974319458
vn -0.20171594619750977 0.29972189664840698 0.93245774507522583
vn -0.35789787769317627 0.020447988063097 0.9335368275642395
vn -0.20786696672439575 0.38512897491455078 0.89914792776107788
vn -0.24583901464939117 -0.25481703877449036 0.93521732091903687
vn -0.36555001139640808 -0.25964996218681335 0.89384287595748901
vn -0.22331385314464569 0.0014229989610612392 0.97474557161331177
vn -0.21406497061252594 -0.57483083009719849 0.78977572917938232
vn -0.3896431028842926 -0.45876899361610413 0.79856699705123901
vn -0.23123900592327118 -0.43664604425430298 0.86940711736679077
vn -0.21055895090103149 -0.80103373527526855 0.56036585569381714
vn -0.37593689560890198 -0.6336517333984375 0.67613381147384644
vn -0.21744902431964874 -0.73201018571853638 0.6456601619720459
vn -0.24957703053951263 -0.72761303186416626 0.63897615671157837
vn -0.17358401417732239 -0.8335188627243042 0.52451395988464355
vn -0.11191903799772263 -0.65702325105667114 0.74551630020141602
vn -0.25752407312393188 -0.4004071056842804 0.87940633296966553
vn -0.27806496620178223 -0.22439999878406525 0.93398314714431763
vn -0.17425395548343658 -0.57191586494445801 0.80159080028533936
vn -0.18017210066318512 -0.34594210982322693 0.92079424858093262
vn -0.1048540472984314 -0.68799018859863281 0.7181052565574646
vn -0.35987007617950439 0.087701022624969482 0.92887139320373535
vn -0.2985331118106842 -0.15066307783126831 0.94243228435516357
vn -0.32444199919700623 -0.59369802474975586 0.73638308048248291
vn -0.38545793294906616 -0.43797087669372559 0.81215989589691162
vn -0.39192712306976318 -0.54728615283966064 0.73950725793838501
vn -0.36229288578033447 0.27555787563323975 0.8903997540473938
vn -0.38204517960548401 0.3384411633014679 0.85994130373001099
vn -0.2619958221912384 0.29944989085197449 0.91743552684783936
vn -0.31912592053413391 0.28333893418312073 0.9043658971786499
vn -0.29499214887619019 0.30578011274337769 0.90525031089782715
vn -0.23848596215248108 0.27528297901153564 0.9313129186630249
vn -0.29759806394577026 -0.17414501309394836 0.93867403268814087
vn -0.31863102316856384 0.063757002353668213 0.94573217630386353
vn -0.36273699998855591 -0.25432798266410828 0.89651501178741455
vn -0.38100224733352661 -0.30510315299034119 0.87278252840042114
vn -0.2709079384803772 -0.49798798561096191 0.82378202676773071
vn -0.26309606432914734 -0.62437224388122559 0.73548609018325806
vn -0.33518603444099426 -0.20431604981422424 0.91973108053207397
vn 0.059639956802129745 0.16421189904212952 -0.98462051153182983
vn -9.9999954272789182E-07 0.20842692255973816 -0.97803795337677002
vn 0.063657008111476898 0.21158100664615631 -0.97528523206710815
vn 0.041017990559339523 0.19928491115570068 -0.97908276319503784
vn -0.78367322683334351 0.07868802547454834 -0.61616921424865723
vn -0.71738404035568237 0.13129602372646332 -0.68419402837753296
vn -0.82586514949798584 0.088526040315628052 -0.55687510967254639
vn -0.78091096878051758 0.10729198157787323 -0.61535882949829102
vn -0.42244619131088257 0.1823950856924057 -0.88784641027450562
vn -0.28289788961410522 0.24191688001155853 -0.92814064025878906
vn -0.51723122596740723 0.19308607280254364 -0.83378034830093384
vn -0.40183627605438232 0.22072510421276093 -0.88871145248413086
vn -0.17172101140022278 0.21941198408603668 -0.96040111780166626
vn -0.033050976693630219 0.24556881189346313 -0.96881556510925293
vn -0.15281598269939423 0.25097095966339111 -0.9558560848236084
vn -0.86673527956008911 0.033633012324571609 -0.49763315916061401
vn -0.86234217882156372 0.067055024206638336 -0.50186610221862793
vn -0.64329409599304199 0.12528900802135468 -0.7552981972694397
vn -0.62787806987762451 0.16180001199245453 -0.76130801439285278
vn 0.051751010119915009 0.20158806443214417 -0.97810226678848267
vn 0.043213021010160446 0.22949810326099396 -0.97234934568405151
vn -0.11375501751899719 0.18683001399040222 0.97578394412994385
vn 0.20235498249530792 -0.013426001183688641 0.97922021150588989
vn 0.052284013479948044 -0.31518113613128662 0.94759023189544678
vn -0.10056095570325851 0.095824934542179108 0.99030554294586182
vn 0.023849997669458389 0.13343392312526703 0.99077069759368896
vn 0.22162996232509613 0.29916894435882568 0.92810457944869995
vn -0.11354201287031174 0.18181803822517395 0.97675502300262451
vn 0.24741294980049133 -0.71910691261291504 0.64936280250549316
vn 0.4249991774559021 0.21665607392787933 0.87888330221176147
vn 0.2299889475107193 -0.097171977162361145 0.96832984685897827
vn 0.4978940486907959 0.20833806693553925 0.84184128046035767
vn 0.61708605289459229 -0.051109004765748978 0.78523415327072144
vn 0.42981714010238647 -0.4075590968132019 0.80570018291473389
vn 0.48273596167564392 -0.06152898445725441 0.87360185384750366
vn 0.48506683111190796 0.36757481098175049 0.79347270727157593
vn 0.57240116596221924 0.27095508575439453 0.77391231060028076
vn 0.50075101852416992 0.34681293368339539 0.7930757999420166
vn 0.47544091939926147 -0.10197198390960693 0.87381786108016968
vn 0.49888807535171509 0.13908003270626068 0.85543406009674072
vn 0.50885897874832153 0.28424301743507385 0.8125690221786499
vn 0.7827339768409729 -0.27326196432113647 0.55915600061416626
vn 0.52539408206939697 -0.020253995433449745 0.85061788558959961
vn 0.54171282052993774 0.22164888679981232 0.8108137845993042
vn 0.56230980157852173 0.10926095396280289 0.81967657804489136
vn 0.55576997995376587 0.045917995274066925 0.83006703853607178
vn 0.65450584888458252 0.075220979750156403 0.75230574607849121
vn 0.62687909603118896 0.16243299841880798 0.76199615001678467
vn 0.62972104549407959 0.12807703018188477 0.76619035005569458
vn 0.6950952410697937 0.088977038860321045 0.7133902907371521
vn 0.68073928356170654 0.078131005167961121 0.72834712266921997
vn 0.65941411256790161 0.1634020060300827 0.73380708694458008
vn 0.65910029411315918 -0.29266604781150818 0.6927722692489624
vn 0.58311718702316284 -0.44907912611961365 0.67698025703430176
vn 0.66243702173233032 -0.16935698688030243 0.72972279787063599
vn 0.6933780312538147 -0.15298302471637726 0.70414704084396362
vn 0.56202375888824463 -0.54297775030136108 0.62394267320632935
vn 0.54345417022705078 -0.59917324781417847 0.58791923522949219
vn 0.64067280292510986 -0.37567493319511414 0.66963177919387817
vn 0.68376612663269043 0.033101007342338562 0.72895008325576782
vn 0.64541822671890259 -0.1804700642824173 0.74220341444015503
vn 0.69045674800872803 -0.02344098873436451 0.72299379110336304
vn 0.60991400480270386 -0.041539005935192108 0.79137814044952393
vn 0.70150721073150635 -0.029192008078098297 0.71206420660018921
vn 0.67079687118530273 0.035145994275808334 0.74080789089202881
vn 0.13191904127597809 -0.60062313079833984 0.78857415914535522
vn 0.21707101166248322 -0.67114102840423584 0.70883703231811523
vn 0.060664020478725433 -0.39598411321640015 0.91625130176544189
vn 0.069736979901790619 -0.71505057811737061 0.69558566808700562
vn 0.45284396409988403 -0.45895397663116455 0.76439100503921509
vn 0.52278786897659302 -0.50361394882202148 0.68779784440994263
vn 0.35851213335990906 -0.40049508213996887 0.84325128793716431
vn 0.38129782676696777 -0.58843779563903809 0.71298873424530029
vn 0.67496687173843384 -0.27460888028144836 0.68484282493591309
vn 0.75220394134521484 -0.33918696641921997 0.56492602825164795
vn 0.66705852746963501 -0.32142877578735352 0.67209857702255249
vn 0.66592025756835938 -0.4279111921787262 0.61109918355941772
vn 0.79220288991928101 -0.077848993241786957 0.60527193546295166
vn 0.71903657913208008 -0.071584969758987427 0.69127559661865234
vn 0.68366700410842896 -0.15940698981285095 0.71217191219329834
vn 0.76431316137313843 -0.21866209805011749 0.60664016008377075
vn 0.63736003637313843 0.12538003921508789 0.76029735803604126
vn 0.3152240514755249 -0.44925606250762939 0.83594423532485962
vn 0.3655809760093689 -0.22189594805240631 0.90394288301467896
vn 0.54068106412887573 -0.091294005513191223 0.83625918626785278
vn 0.35323604941368103 -0.77786415815353394 0.51976114511489868
vn 0.44737687706947327 -0.47658079862594604 0.75678575038909912
vn 0.39987915754318237 -0.64127826690673828 0.65487319231033325
vn 0.64173978567123413 -0.20142491161823273 0.73999869823455811
vn 0.41078394651412964 -0.34379702806472778 0.8444288969039917
vn 0.53924268484115601 -0.32145977020263672 0.77838355302810669
vn 0.62392985820770264 -0.14055795967578888 0.76873594522476196
vn 0.60497814416885376 -0.22270506620407104 0.76446312665939331
vn 0.68668508529663086 -0.1368899941444397 0.71395009756088257
vn 0.47771376371383667 -0.23259387910366058 0.84716564416885376
vn 0.51135987043380737 -0.1336279958486557 0.84891378879547119
vn 0.40796908736228943 -0.21371504664421082 0.88763004541397095
vn 0.5565001368522644 -0.25443500280380249 0.79093009233474731
vn 0.58367109298706055 -0.2553119957447052 0.77080726623535156
vn 0.55811017751693726 -0.24789705872535706 0.79187124967575073
vn 0.5830082893371582 -0.19581015408039093 0.78851741552352905
vn 0.71951121091842651 -0.27641108632087708 0.63710325956344604
vn 0.57863199710845947 -0.28965908288955688 0.76241892576217651
vn 0.58071291446685791 -0.25631901621818542 0.77270501852035522
vn 0.58774793148040771 -0.1089240089058876 0.80167818069458008
vn 0.67382389307022095 -0.12766198813915253 0.7277800440788269
vn 0.60885709524154663 -0.12769301235675812 0.78293520212173462
vn 0.48866608738899231 -0.065108016133308411 0.87003815174102783
vn 0.55337202548980713 -0.11480703204870224 0.82498407363891602
vn 0.54170709848403931 -0.10839304327964783 0.83354926109313965
vn 0.42234918475151062 -0.044618021696805954 0.90533441305160522
vn 0.41412606835365295 -0.068423002958297729 0.90764415264129639
vn 0.44641411304473877 -0.030395006760954857 0.8943101167678833
vn 0.79525840282440186 -0.07273903489112854 0.60189127922058105
vn 0.52167278528213501 -0.08999498188495636 0.84838575124740601
vn 0.50923478603363037 -0.11877097934484482 0.85239273309707642
vn 0.22866703569889069 -0.066730991005897522 0.9712148904800415
vn 0.14563509821891785 0.097438067197799683 0.98452842235565186
vn 0.091469027101993561 0.019933011382818222 0.99560838937759399
vn 0.53738224506378174 -0.17794206738471985 0.8243524432182312
vn 0.43585294485092163 -0.034064982086420059 0.89937299489974976
vn 0.38654282689094543 -0.1490379273891449 0.91014963388442993
vn 0.63855999708175659 -0.10983400046825409 0.76169389486312866
vn 0.6174958348274231 -0.089148975908756256 0.78150582313537598
vn 0.62865918874740601 -0.14685504138469696 0.76368921995162964
vn 0.61753863096237183 -0.14451390504837036 0.77315056324005127
vn 0.61526823043823242 -0.090876035392284393 0.78306227922439575
vn 0.63719302415847778 -0.24891601502895355 0.72940105199813843
vn 0.68336755037307739 -0.17788992822170258 0.70807057619094849
vn 0.64106899499893188 -0.22452406585216522 0.73390698432922363
vn 0.65765208005905151 -0.33275103569030762 0.67584794759750366
vn 0.71161705255508423 -0.20845301449298859 0.67093110084533691
vn 0.61085796356201172 -0.27297797799110413 0.74319285154342651
vn 0.75850629806518555 -0.26756209135055542 0.59420430660247803
vn 0.67446327209472656 -0.18461506068706512 0.71485424041748047
vn 0.71029382944107056 -0.12530398368835449 0.69266265630722046
vn 0.73501318693161011 -0.17234902083873749 0.65578305721282959
vn 0.58490192890167236 -0.055718995630741119 0.80918794870376587
vn 0.66599804162979126 -0.11037003248929977 0.73774319887161255
vn 0.53718787431716919 -0.11058496683835983 0.8361818790435791
vn 0.35827097296714783 -0.031594995409250259 0.93308287858963013
vn 0.47550195455551147 -0.032264988869428635 0.87912279367446899
vn 0.20714999735355377 -0.17285199463367462 0.9629179835319519
vn 0.19271987676620483 -0.029491983354091644 0.98081052303314209
vn 0.40433984994888306 -0.33643987774848938 0.85048073530197144
vn 0.18285092711448669 -0.60786068439483643 0.77270364761352539
vn 0.20339499413967133 -0.3523620069026947 0.91349411010742188
vn 0.55107283592224121 -0.46422290802001953 0.69340884685516357
vn 0.55354726314544678 -0.26478704810142517 0.78960323333740234
vn 0.346932053565979 -0.74090301990509033 0.5750659704208374
vn 0.091814994812011719 -0.91771674156188965 0.38647899031639099
vn 0.12805700302124023 -0.80986809730529785 0.5724639892578125
vn 0.66834342479705811 -0.56281524896621704 0.48637029528617859
vn 0.48322409391403198 -0.79919219017028809 0.35747209191322327
vn 0.55228418111801147 -0.64073318243026733 0.53333216905593872
vn 0.7532421350479126 -0.3609740138053894 0.54984003305435181
vn 0.71539509296417236 -0.57884204387664795 0.39134609699249268
vn 0.74850791692733765 -0.43492385745048523 0.50057679414749146
vn 0.81682103872299194 -0.36690109968185425 0.44518196582794189
vn 0.81550538539886475 -0.42962121963500977 0.38778418302536011
vn 0.76580888032913208 -0.39516088366508484 0.50733089447021484
vn 0.76904511451721191 -0.54202109575271606 0.33879601955413818
vn 0.62371277809143066 -0.71343874931335449 0.31935486197471619
vn 0.52625709772109985 -0.8120991587638855 0.25208809971809387
vn 0.64520424604415894 -0.71150422096252441 0.27834010124206543
vn 0.71036720275878906 -0.60689109563827515 0.35645708441734314
vn 0.58442795276641846 -0.70900791883468628 0.39465394616127014
vn 0.49951431155204773 -0.76019620895385742 0.41543608903884888
vn 0.63029623031616211 -0.66155123710632324 0.40629619359970093
vn 0.66331291198730469 -0.63152086734771729 0.40149393677711487
vn 0.5186120867729187 -0.59112197160720825 0.61775100231170654
vn 0.33936989307403564 -0.77378296852111816 0.53487193584442139
vn 0.52301573753356934 -0.71822565793991089 0.45891878008842468
vn 0.5988808274269104 -0.40895780920982361 0.68854576349258423
vn 0.41103100776672363 -0.37421500682830811 0.83127409219741821
vn 0.36821883916854858 -0.4866337776184082 0.79221361875534058
vn 0.48033818602561951 -0.47537416219711304 0.73708522319793701
vn 0.36512881517410278 -0.31471887230873108 0.87614667415618896
vn 0.28878399729728699 -0.43550196290016174 0.85260885953903198
vn 0.29576987028121948 -0.44212284684181213 0.84678661823272705
vn 0.32903897762298584 -0.38498985767364502 0.86227381229400635
vn 0.23363707959651947 -0.51898908615112305 0.82223111391067505
vn 0.1825820654630661 -0.47680017352104187 0.85984033346176147
vn 0.25886994600296021 -0.44411081075668335 0.85775983333587646
vn 0.2432849109172821 -0.47228682041168213 0.8472057580947876
vn 0.096393965184688568 -0.52132976055145264 0.84789353609085083
vn 0.077283002436161041 -0.42536908388137817 0.90171420574188232
vn 0.10486205667257309 -0.47328415513038635 0.87464624643325806
vn 0.076901987195014954 -0.53145790100097656 0.84358674287796021
vn 0.17026396095752716 -0.66864281892776489 0.7238280177116394
vn 0.19955506920814514 -0.52054321765899658 0.83018827438354492
vn 0.15928404033184052 -0.90929508209228516 0.38446202874183655
vn 0.30691707134246826 -0.88393419981002808 0.35279205441474915
vn 0.24355609714984894 -0.85654318332672119 0.45498812198638916
vn 0.25759989023208618 -0.89029061794281006 0.37553286552429199
vn 0.39563080668449402 -0.86389642953872681 0.31170377135276794
vn 0.36678010225296021 -0.83950620889663696 0.40087613463401794
vn 0.25811004638671875 -0.93470722436904907 0.24433909356594086
vn 0.4126642644405365 -0.87811946868896484 0.24210411310195923
vn 0.16169200837612152 -0.93811213970184326 0.30627000331878662
vn 0.10739698261022568 -0.95585411787033081 0.27351200580596924
vn 0.084540024399757385 -0.94372016191482544 0.31975805759429932
vn 0.12097793817520142 -0.92645639181137085 0.35643073916435242
vn 0.015869004651904106 -0.71058821678161621 0.70342916250228882
vn 0.048339024186134338 -0.90314239263534546 0.42661124467849731
vn 0.040107991546392441 -0.49568992853164673 0.86757296323776245
vn 0.46114495396614075 -0.2341109961271286 0.85588395595550537
vn 0.57044309377670288 -0.24798405170440674 0.78300613164901733
vn 0.44561189413070679 -0.31671887636184692 0.83732861280441284
vn 0.42367890477180481 -0.28392690420150757 0.86016374826431274
vn 0.72941696643829346 -0.41982701420783997 0.54008901119232178
vn 0.63392394781112671 -0.13804303109645844 0.76097601652145386
vn 0.59215182065963745 -0.2739919126033783 0.75781571865081787
vn 0.77837061882019043 -0.53992676734924316 0.3203408420085907
vn 0.82954376935958862 -0.43672993779182434 0.34802886843681335
vn 0.75913697481155396 -0.52978700399398804 0.37820202112197876
vn 0.7846519947052002 -0.55438899993896484 0.27744200825691223
vn 0.83531385660171509 -0.50459092855453491 0.21826300024986267
vn 0.78359317779541016 -0.55775123834609985 0.27367007732391357
vn 0.85894471406936646 -0.33798488974571228 0.38468194007873535
vn 0.81300431489944458 -0.44963210821151733 0.36993911862373352
vn 0.80337971448898315 -0.4472338855266571 0.39314490556716919
vn 0.91512292623519897 -0.29578796029090881 0.27396994829177856
vn 0.90590107440948486 -0.36711999773979187 0.21110698580741882
vn 0.86628198623657227 -0.41812005639076233 0.27336996793746948
vn 0.67922616004943848 -0.11835405230522156 0.72432321310043335
vn 0.8221440315246582 -0.20206601917743683 0.53221100568771362
vn 0.73976528644561768 -0.2550201416015625 0.62266528606414795
vn 0.70678186416625977 -0.21557988226413727 0.67378389835357666
vn 0.77214932441711426 -0.11240001767873764 0.62542116641998291
vn 0.73462611436843872 0.00027700007194653153 0.67847210168838501
vn 0.67824685573577881 -0.040901985019445419 0.73369491100311279
vn 0.89438581466674805 -0.39893397688865662 0.20230096578598022
vn 0.86322110891342163 -0.12182100862264633 0.48990708589553833
vn 0.87365847826004028 -0.29893514513969421 0.38387319445610046
vn 0.87160086631774902 -0.47215202450752258 0.13185000419616699
vn 0.90541768074035645 -0.42303091287612915 0.035547994077205658
vn 0.87293583154678345 -0.47010889649391174 0.13030993938446045
vn 0.93681943416595459 -0.28734210133552551 0.19950908422470093
vn 0.9259946346282959 -0.36182987689971924 0.10776396095752716
vn 0.91307759284973145 -0.36845788359642029 0.17472295463085175
vn 0.83353370428085327 -0.24545295536518097 0.49494889378547668
vn 0.87529116868972778 -0.31843805313110352 0.36395406723022461
vn 0.82990449666976929 -0.2997528612613678 0.47053879499435425
vn 0.91378432512283325 -0.27292606234550476 0.30084806680679321
vn 0.9099050760269165 -0.25074997544288635 0.33045005798339844
vn 0.89392507076263428 -0.29770800471305847 0.33506405353546143
vn 0.93635094165802002 -0.20089198648929596 0.28790503740310669
vn 0.93822002410888672 -0.23651304841041565 0.25259599089622498
vn 0.92799729108810425 -0.23313203454017639 0.29063808917999268
vn 0.94594573974609375 -0.21417191624641418 0.24355091154575348
vn 0.94974392652511597 -0.25261801481246948 0.18485300242900848
vn 0.94465827941894531 -0.24655009806156158 0.21641112864017487
vn 0.95971053838729858 -0.23326392471790314 0.15666395425796509
vn 0.95854485034942627 -0.28210499882698059 0.040106989443302155
vn 0.95062321424484253 -0.2925630509853363 0.10354901850223541
vn 0.95550769567489624 -0.25861704349517822 0.1418529748916626
vn 0.92959856986999512 -0.35645386576652527 -0.093739956617355347
vn 0.89475166797637939 -0.43461078405380249 -0.10262994468212128
vn 0.92870301008224487 -0.37076801061630249 -0.0064650005660951138
vn 0.9598536491394043 -0.27566990256309509 -0.051836993545293808
vn 0.93638896942138672 -0.34781596064567566 -0.046901993453502655
vn 0.94284176826477051 -0.32290688157081604 -0.082343973219394684
vn 0.94901841878890991 -0.23066812753677368 0.2148401141166687
vn 0.91822963953018188 -0.10537796467542648 0.38177192211151123
vn 0.94633394479751587 -0.3112349808216095 0.08709099143743515
vn 0.87250643968582153 0.054360020905733109 0.48556926846504211
vn 0.78749614953994751 0.057472005486488342 0.61363404989242554
vn 0.82915502786636353 0.0081039993092417717 0.55896002054214478
vn 0.92923086881637573 0.010413996875286102 0.36935287714004517
vn 0.88756805658340454 -0.086906008422374725 0.45240500569343567
vn 0.83194398880004883 0.011665999889373779 0.55473697185516357
vn 0.96612977981567383 -0.1597859263420105 0.20263689756393433
vn 0.93339204788208008 -0.21849602460861206 0.28467312455177307
vn 0.91769289970397949 -0.18474295735359192 0.35172402858734131
vn 0.97027599811553955 -0.19597703218460083 0.1419769823551178
vn 0.93959248065948486 -0.041354980319738388 0.3397878110408783
vn 0.9503558874130249 -0.22334404289722443 0.21665902435779572
vn 0.97939574718475342 0.015895994380116463 0.20132395625114441
vn 0.95982420444488525 0.047344997525215149 0.27657902240753174
vn 0.94512885808944702 0.042229998856782913 0.32395690679550171
vn 0.99464750289916992 0.00070699967909604311 0.10332393646240234
vn 0.98578763008117676 -0.066821970045566559 0.15413495898246765
vn 0.97450429201126099 0.0081120021641254425 0.22422210872173309
vn 0.99203664064407349 -0.12138094753026962 -0.033614985644817352
vn 0.98539865016937256 -0.16002994775772095 0.058136980980634689
vn 0.98562592267990112 -0.13771694898605347 0.097854971885681152
vn 0.99071860313415527 -0.067805975675582886 0.1178089827299118
vn 0.99686533212661743 -0.052312005311250687 -0.059355001896619797
vn 0.99933534860610962 0.0028940017800778151 0.036338020116090775
vn 0.99601399898529053 -0.015067003667354584 0.087915003299713135
vn 0.99102234840393066 -0.076071053743362427 -0.10994505137205124
vn 0.95314884185791016 -0.12908297777175903 -0.27357789874076843
vn 0.96478456258773804 -0.13852091133594513 -0.22361288964748383
vn 0.97708278894424438 -0.11963897943496704 -0.17605601251125336
vn 0.9925532341003418 -0.12175504118204117 -0.0037070016842335463
vn 0.91416186094284058 -0.18459093570709229 -0.36087986826896667
vn 0.97274696826934814 -0.12899796664714813 -0.19267295300960541
vn 0.99210596084594727 -0.1180180087685585 0.042396999895572662
vn 0.98471730947494507 -0.14601802825927734 -0.094924025237560272
vn 0.90059369802474976 -0.066499963402748108 -0.42954480648040771
vn 0.96471691131591797 -0.03892599418759346 -0.26039597392082214
vn 0.96640139818191528 -0.077058009803295135 -0.24521504342556
vn 0.92946475744247437 -0.018615998327732086 -0.36844092607498169
vn 0.94944530725479126 -0.098495043814182281 -0.29808109998703003
vn 0.98549860715866089 -0.049516972154378891 -0.16229787468910217
vn 0.95984780788421631 -0.052791997790336609 -0.27550899982452393
vn 0.92923450469970703 -0.12380901724100113 -0.34813010692596436
vn 0.93184220790863037 -0.15044403076171875 -0.33020704984664917
vn 0.93813902139663696 -0.13530100882053375 -0.31872996687889099
vn 0.82269030809402466 -0.2168741375207901 -0.52549618482589722
vn 0.74379259347915649 -0.19381587207317352 -0.63969367742538452
vn 0.80606621503829956 -0.13028804957866669 -0.57730603218078613
vn 0.80197376012802124 -0.19620195031166077 -0.56421881914138794
vn 0.81453710794448853 0.0022540006320923567 -0.58010703325271606
vn 0.87408965826034546 0.038509976118803024 -0.48423576354980469
vn 0.83622133731842041 -0.032869014889001846 -0.54740613698959351
vn 0.89149665832519531 0.07760997861623764 -0.44632992148399353
vn 0.91813570261001587 -0.030958987772464752 -0.39505490660667419
vn 0.90286374092102051 0.033005997538566589 -0.42865794897079468
vn 0.91668826341629028 -0.066558025777339935 -0.39402112364768982
vn 0.91923385858535767 -0.11487998813390732 -0.37657895684242249
vn 0.9206508994102478 -0.096386007964611053 -0.3783009946346283
vn 0.95637941360473633 -0.28691810369491577 -0.05492202565073967
vn 0.98639827966690063 -0.13855303823947906 0.088439032435417175
vn 0.99930828809738159 -0.021992998197674751 -0.029988005757331848
vn 0.37826508283615112 -0.78777420520782471 0.4861350953578949
vn 0.7686648964881897 -0.59269273281097412 0.24056093394756317
vn 0.33952796459197998 -0.87580597400665283 0.34305202960968018
vn 0.72659099102020264 -0.67868500947952271 -0.10701499134302139
vn 0.98948222398757935 -0.14166505634784698 0.029256004840135574
vn 0.83928936719894409 -0.010925001464784145 0.5435752272605896
vn 0.98855358362197876 -0.14035795629024506 0.055329982191324234
vn 0.47610887885093689 -0.81645089387893677 0.32669293880462646
vn -0.38394403457641602 -0.92242902517318726 0.041372004896402359
vn -0.21260800957679749 -0.88412493467330933 -0.41607803106307983
vn 0.0794529989361763 -0.99482065439224243 -0.063395984470844269
vn -0.051484972238540649 -0.89761960506439209 0.43775373697280884
vn -0.098527014255523682 -0.48102307319641113 0.87115395069122314
vn -0.77936196327209473 -0.54379993677139282 0.31124997138977051
vn -0.56185698509216309 -0.77788597345352173 0.28144299983978271
vn 0.55603283643722534 -0.47673976421356201 0.68084263801574707
vn 0.72594267129898071 -0.50258272886276245 0.4694867730140686
vn 0.66047394275665283 -0.72527593374252319 0.19429099559783936
vn 0.42899999022483826 -0.74220401048660278 0.51487112045288086
vn 0.25771397352218628 0.23348300158977509 0.93758690357208252
vn 0.35782516002655029 -0.14040006697177887 0.92317330837249756
vn -0.15614397823810577 -0.98243570327758789 0.10217198729515076
vn -0.43301615118980408 -0.84781914949417114 0.30610409379005432
vn 0.2040499746799469 -0.69324082136154175 0.69121688604354858
vn 0.48874589800834656 -0.84747594594955444 0.20715193450450897
vn -0.031397983431816101 -0.94787764549255371 0.31708383560180664
vn 0.44457778334617615 0.013356991112232208 0.89564067125320435
vn 0.62064403295516968 -0.4286479651927948 0.65655303001403809
vn 0.36807289719581604 -0.47627595067024231 0.79855090379714966
vn 0.86294114589691162 0.16049700975418091 0.47913804650306702
vn 0.835765540599823 -0.053399957716464996 0.54648363590240479
vn 0.79730165004730225 -0.2483799159526825 0.55010682344436646
vn 0.73975616693496704 0.23075008392333984 0.63207215070724487
vn 0.73971903324127197 -0.085476011037826538 0.66746503114700317
vn 0.71904397010803223 -0.094140000641345978 0.68855893611907959
vn 0.79772484302520752 0.40595483779907227 0.44590997695922852
vn 0.67076104879379272 0.63711106777191162 0.3796960711479187
vn 0.72782087326049805 0.41753098368644714 0.54400795698165894
vn 0.68864697217941284 0.48686608672142029 0.53733301162719727
vn 0.7152702808380127 0.38873109221458435 0.58075517416000366
vn 0.81832695007324219 0.40776500105857849 0.40505397319793701
vn 0.83543682098388672 0.35804295539855957 0.4169539213180542
vn 0.38883295655250549 0.57559400796890259 0.71937507390975952
vn 0.42349407076835632 0.42234697937965393 0.80142110586166382
vn 0.91050910949707031 -0.36420398950576782 0.19577699899673462
vn 0.95832604169845581 -0.19911201298236847 0.20485503971576691
vn 0.8553919792175293 -0.51619398593902588 0.042991999536752701
vn 0.94156283140182495 0.31920799612998962 0.10754397511482239
vn 0.88039493560791016 0.44505098462104797 0.16381199657917023
vn 0.96492713689804077 0.15088498592376709 0.21482402086257935
vn 0.7715572714805603 0.60124927759170532 0.20784306526184082
vn 0.79271584749221802 0.43258291482925415 0.4295039176940918
vn 0.74401485919952393 0.63501894474029541 0.20782895386219025
vn 0.88550281524658203 0.10982095450162888 0.451468825340271
vn 0.88019442558288574 0.37122809886932373 0.29571515321731567
vn 0.87038838863372803 -0.17632509768009186 0.45971027016639709
vn 0.17555296421051025 0.31504592299461365 0.93269890546798706
vn 0.35457822680473328 -0.058708034455776215 0.93318146467208862
vn 0.1964040994644165 -0.13551504909992218 0.97111332416534424
vn 0.42953300476074219 0.36469089984893799 0.82613676786422729
vn 0.56649410724639893 0.050916016101837158 0.8224913477897644
vn 0.48286494612693787 -0.00039699996705166996 0.87569475173950195
vn 0.55519276857376099 0.39357185363769531 0.73270881175994873
vn 0.69739794731140137 0.17082099616527557 0.6960289478302002
vn 0.6400831937789917 0.11186498403549194 0.76011824607849121
vn 0.61174499988555908 0.47903692722320557 0.62951701879501343
vn 0.68702387809753418 0.36585387587547302 0.62781292200088501
vn 0.7226453423500061 0.23495815694332123 0.65006023645401001
vn 0.44340407848358154 0.67209315299987793 0.5930292010307312
vn 0.44902816414833069 -0.31982311606407166 0.83431822061538696
vn 0.58345603942871094 0.38670608401298523 0.71416908502578735
vn 0.059696976095438004 0.87566894292831421 0.47920787334442139
vn 0.27832308411598206 0.61078816652297974 0.74126517772674561
vn 0.1549220085144043 0.64896994829177856 0.74487394094467163
vn 0.24774101376533508 0.84579211473464966 0.47250404953956604
vn 0.4619910717010498 0.53635197877883911 0.70632201433181763
vn 0.38493478298187256 0.56681269407272339 0.72838765382766724
vn 0.38093701004981995 0.82636213302612305 0.41474401950836182
vn 0.5429421067237854 0.59244108200073242 0.59517008066177368
vn 0.52561604976654053 0.53338104486465454 0.6627461314201355
vn 0.22616899013519287 0.95715814828872681 0.18081998825073242
vn 0.28840690851211548 0.89442282915115356 0.34180295467376709
vn 0.45956882834434509 0.75509369373321533 0.46757885813713074
vn -0.11809296905994415 0.98659259080886841 0.1126459538936615
vn -0.019813008606433868 0.07027001678943634 0.99733120203018188
vn 0.12558504939079285 0.90233027935028076 0.41234508156776428
vn 0.22645595669746399 -0.77217686176300049 0.59368389844894409
vn 0.19711402058601379 -0.84684097766876221 0.49397003650665283
vn 0.17851303517818451 -0.7291221022605896 0.66069209575653076
vn 0.37060505151748657 -0.71336507797241211 0.59477907419204712
vn 0.21321295201778412 -0.85516583919525146 0.47247394919395447
vn 0.2948240339756012 -0.73478513956069946 0.61087608337402344
vn 0.440123051404953 -0.7243010401725769 0.5307350754737854
vn 0.29640409350395203 -0.84495425224304199 0.44519311189651489
vn 0.42518272995948792 -0.70521265268325806 0.56735771894454956
vn 0.33803004026412964 -0.83764809370040894 0.42904701828956604
vn 0.29719296097755432 -0.87828987836837769 0.37454399466514587
vn 0.41048708558082581 -0.77862018346786499 0.47460612654685974
vn 0.15317505598068237 -0.94958323240280151 0.27354905009269714
vn 0.10242003947496414 -0.99322199821472168 0.054956018924713135
vn 0.16974888741970062 -0.94936054944992065 0.26438578963279724
vn 0.19557492434978485 -0.90525078773498535 0.37718889117240906
vn 0.047682002186775208 -0.98650789260864258 0.15661601722240448
vn 0.14687895774841309 -0.9248960018157959 0.35070496797561646
vn 0.25489696860313416 -0.90239179134368896 0.34744292497634888
vn 0.097195975482463837 -0.97430074214935303 0.20320194959640503
vn 0.2401210218667984 -0.89692211151123047 0.37131202220916748
vn 0.1908060759305954 -0.93890511989593506 0.28644406795501709
vn 0.1582060307264328 -0.96104305982589722 0.22664304077625275
vn 0.24201107025146484 -0.91846328973770142 0.31281915307044983
vn 0.19805096089839935 -0.84983068704605103 0.48842975497245789
vn 0.24956493079662323 -0.84405595064163208 0.47464397549629211
vn -0.14572595059871674 -0.94766968488693237 0.28405299782752991
vn 0.061594005674123764 -0.90973728895187378 0.41059011220932007
vn 0.48331120610237122 0.47290316224098206 0.73673123121261597
vn 0.74909275770187378 0.39030596613883972 0.53527683019638062
vn 0.48690801858901978 0.50084203481674194 0.71559613943099976
vn 0.54956990480422974 0.39141997694969177 0.73808085918426514
vn 0.71737068891525269 0.36945295333862305 0.5906638503074646
vn 0.48163416981697083 0.46025311946868896 0.74578523635864258
vn 0.40778300166130066 0.44116494059562683 0.79942888021469116
vn 0.71312189102172852 0.26855793595314026 0.64755988121032715
vn 0.48574301600456238 0.36911511421203613 0.79234319925308228
vn 0.36654812097549438 0.45220515131950378 0.81311315298080444
vn 0.66757512092590332 0.35113707184791565 0.65654110908508301
vn 0.4257587194442749 0.49408569931983948 0.75802958011627197
vn 0.19419804215431213 -0.067660018801689148 0.97862619161605835
vn 0.36289697885513306 -0.042426992207765579 0.9308629035949707
vn 0.28741508722305298 0.13116702437400818 0.94878226518630981
vn 0.12981103360652924 -0.17192399501800537 0.97651994228363037
vn 0.73338162899017334 -0.24817991256713867 0.63289660215377808
vn 0.78256779909133911 0.11683095991611481 0.61150485277175903
vn 0.53298115730285645 -0.15951806306838989 0.83095431327819824
vn 0.89260983467102051 0.20208995044231415 0.40299791097640991
vn 0.82475441694259644 0.21822114288806915 0.52168929576873779
vn 0.8303840160369873 0.2170950174331665 0.51315897703170776
vn 0.81601691246032715 0.27930194139480591 0.50606995820999146
vn 0.78953516483306885 0.28530403971672058 0.54335612058639526
vn 0.80347400903701782 0.23252396285533905 0.54805302619934082
vn 0.79818201065063477 0.29053705930709839 0.52772504091262817
vn 0.82134658098220825 0.2839948832988739 0.49470871686935425
vn 0.7969740629196167 0.30982103943824768 0.51850098371505737
vn 0.83042126893997192 0.29346111416816711 0.47358322143554688
vn 0.83124268054962158 0.32641187310218811 0.44998988509178162
vn 0.75102818012237549 0.24155004322528839 0.61450004577636719
vn 0.69309276342391968 0.22077092528343201 0.68620890378952026
vn 0.76789224147796631 0.32614907622337341 0.55133318901062012
vn 0.78410983085632324 0.24567992985248566 0.56992381811141968
vn 0.75935596227645874 0.3322109580039978 0.55947691202163696
vn 0.62508630752563477 0.27714419364929199 0.72969734668731689
vn 0.74164605140686035 0.29455199837684631 0.60266101360321045
vn 0.80379873514175415 0.36598092317581177 0.46900486946105957
vn 0.57267725467681885 0.47526323795318604 0.66795629262924194
vn 0.76547563076019287 0.37087181210517883 0.52583378553390503
vn 0.86540377140045166 0.037245992571115494 0.49968895316123962
vn 0.82737874984741211 0.32808786630630493 0.45585387945175171
vn 0.86129409074783325 0.27588003873825073 0.42668807506561279
vn 0.42271190881729126 -0.6475028395652771 0.63407784700393677
vn 0.72712999582290649 -0.22448298335075378 0.64875984191894531
vn 0.71321690082550049 -0.30989396572113037 0.62871885299682617
vn 0.65751916170120239 0.26284110546112061 0.70610415935516357
vn 0.65793716907501221 0.18914006650447845 0.72893399000167847
vn 0.72105908393859863 0.32647606730461121 0.61113595962524414
vn 0.53270721435546875 0.17010307312011719 0.82902830839157104
vn 0.50591307878494263 0.1539880633354187 0.8487282395362854
vn 0.60303986072540283 0.20505698025226593 0.7709050178527832
vn 0.44622594118118286 0.29069995880126953 0.84638994932174683
vn 0.4155329167842865 0.11734500527381897 0.90197700262069702
vn 0.49547275900840759 0.21135088801383972 0.84251856803894043
vn 0.40986207127571106 0.58170115947723389 0.70259296894073486
vn 0.35235589742660522 0.28681692481040955 0.89083182811737061
vn 0.41421815752983093 0.41468027234077454 0.81022441387176514
vn 0.066214978694915771 -0.28601190447807312 0.95593553781509399
vn 0.19145298004150391 -0.67035394906997681 0.71691793203353882
vn 0.25686889886856079 -0.75726604461669922 0.60047191381454468
vn 0.16800209879875183 -0.76747143268585205 0.61867833137512207
vn 0.25386306643486023 -0.0055750003084540367 0.96722412109375
vn 0.18304707109928131 -0.36067715287208557 0.91455221176147461
vn 0.015313996933400631 -0.70295268297195435 0.71107172966003418
vn 0.15998803079128265 -0.52258116006851196 0.83744418621063232
vn 0.41451579332351685 0.2295258641242981 0.88062167167663574
vn 0.46013817191123962 -0.18122406303882599 0.8691551685333252
vn 0.18373094499111176 -0.4328608512878418 0.88253861665725708
vn 0.29155793786048889 -0.24796396493911743 0.92385488748550415
vn 0.70403772592544556 0.25424689054489136 0.66309076547622681
vn 0.75214898586273193 -0.19258999824523926 0.63022297620773315
vn 0.50654512643814087 -0.38261115550994873 0.7726711630821228
vn 0.61221593618392944 -0.15862500667572021 0.77461588382720947
vn 0.95015937089920044 0.076259024441242218 0.30229407548904419
vn 0.90608280897140503 -0.2184160053730011 0.3623650074005127
vn 0.71328496932983398 -0.4291529655456543 0.55412298440933228
vn 0.85659956932067871 -0.2419038861989975 0.45576277375221252
vn 0.78014624118804932 -0.41153609752655029 0.47117924690246582
vn 0.96319794654846191 -0.025996994227170944 0.26753297448158264
vn 0.85285216569900513 -0.28003501892089844 0.44070807099342346
vn 0.86804085969924927 -0.29442188143730164 0.39977595210075378
vn 0.93334442377090454 -0.065768040716648102 0.35290613770484924
vn 0.81695914268493652 0.029916007071733475 0.57591909170150757
vn 0.76234948635101318 -0.26194286346435547 0.5917847752571106
vn 0.84094130992889404 -0.18394102156162262 0.50890415906906128
vn 0.87875646352767944 0.12611208856105804 0.46030727028846741
vn 0.79886376857757568 0.19837595522403717 0.56785881519317627
vn 0.69619500637054443 0.27116996049880981 0.6646648645401001
vn 0.79923999309539795 0.18875901401042938 0.57060098648071289
vn 0.8269011378288269 -0.048509016633033752 0.56025117635726929
vn 0.73365014791488647 0.045473013073205948 0.67800414562225342
vn 0.71485030651092529 0.26525512337684631 0.6470152735710144
vn 0.78890222311019897 0.085503026843070984 0.60854130983352661
vn 0.66709601879119873 -0.07771599292755127 0.74090695381164551
vn 0.56389826536178589 0.015961002558469772 0.82569003105163574
vn 0.61142408847808838 0.14674101769924164 0.77757805585861206
vn 0.6609121561050415 0.025195010006427765 0.75004023313522339
vn 0.46446523070335388 -0.057720016688108444 0.88370835781097412
vn 0.39783081412315369 0.059879980981349945 0.91550260782241821
vn 0.43177783489227295 0.16056396067142487 0.8875737190246582
vn 0.46675488352775574 0.026923986151814461 0.88397681713104248
vn 0.35811218619346619 -0.00057100015692412853 0.93367838859558105
vn 0.33247306942939758 0.1567559689283371 0.92999422550201416
vn 0.34645000100135803 0.24491694569587708 0.90553194284439087
vn 0.35759595036506653 0.10551099479198456 0.92789685726165771
vn 0.32117897272109985 0.1048089936375618 0.94120091199874878
vn 0.31885772943496704 0.3526248037815094 0.87976443767547607
vn 0.31983119249343872 0.22213618457317352 0.9210665225982666
vn 0.51450371742248535 0.10153394192457199 0.8514556884765625
vn 0.46042507886886597 -0.020396007224917412 0.88746422529220581
vn 0.54784524440765381 0.045077014714479446 0.83536440134048462
vn 0.40845790505409241 0.076558999717235565 0.90956079959869385
vn 0.43707802891731262 0.043082013726234436 0.89839118719100952
vn 0.46159574389457703 0.093136951327323914 0.88218754529953003
vn 0.333199143409729 -0.013890006579458714 0.94275414943695068
vn 0.34177306294441223 0.044185012578964233 0.9387432336807251
vn 0.40855595469474792 -0.077888987958431244 0.90940386056900024
vn 0.38582423329353333 -0.039615027606487274 0.92172139883041382
vn 0.36086007952690125 -0.050930008292198181 0.93122828006744385
vn 0.46534517407417297 -0.052021019160747528 0.88359928131103516
vn 0.45552599430084229 -0.00095900014275684953 0.89022195339202881
vn 0.42665600776672363 -0.0052419994026422501 0.90439879894256592
vn 0.49954721331596375 -0.065229035913944244 0.8638274073600769
vn 0.45214205980300903 -0.03159799799323082 0.89138609170913696
vn 0.59117108583450317 -0.14313302934169769 0.79374408721923828
vn 0.51524865627288818 -0.11675690859556198 0.84905040264129639
vn 0.48886498808860779 -0.11213701218366623 0.86512213945388794
vn 0.64527213573455811 -0.1542610228061676 0.74821615219116211
vn 0.5700957179069519 -0.09900897741317749 0.81559062004089355
vn 0.55027800798416138 -0.10301800072193146 0.82860207557678223
vn 0.6655239462852478 -0.14052101969718933 0.73302912712097168
vn 0.56917399168014526 -0.10771302133798599 0.81513118743896484
vn 0.79121875762939453 -0.17270393669605255 0.58663976192474365
vn 0.71984905004501343 -0.20578901469707489 0.66292399168014526
vn 0.70150095224380493 -0.16536396741867065 0.69321799278259277
vn 0.81862461566925049 -0.23284189403057098 0.52501273155212402
vn 0.76260828971862793 -0.17436707019805908 0.62291628122329712
vn 0.74371904134750366 -0.19920393824577332 0.6381220817565918
vn 0.85006254911422729 -0.16653609275817871 0.49965929985046387
vn 0.77725505828857422 -0.12815898656845093 0.61599498987197876
vn 0.76812285184860229 -0.15433996915817261 0.62142294645309448
vn 0.8832167387008667 -0.22598795592784882 0.41092288494110107
vn 0.92645227909088135 -0.24159207940101624 0.28865104913711548
vn 0.91454076766967773 -0.20860393345355988 0.34655386209487915
vn 0.89957386255264282 -0.19745795428752899 0.38958597183227539
vn 0.86360049247741699 -0.23709090054035187 0.44495180249214172
vn 0.90587615966796875 -0.25904005765914917 0.33509200811386108
vn 0.86970239877700806 -0.25333213806152344 0.42360424995422363
vn 0.91096013784408569 -0.14351604878902435 0.3867231011390686
vn 0.8601306676864624 -0.16232390701770782 0.48355579376220703
vn 0.88188797235488892 -0.22086501121520996 0.41652399301528931
vn 0.81002187728881836 -0.17212195694446564 0.5605698823928833
vn 0.93788695335388184 -0.24449391663074493 0.24615196883678436
vn 0.91985791921615601 -0.24616600573062897 0.3053911030292511
vn 0.94126385450363159 0.10461399704217911 0.3210580050945282
vn 0.96034377813339233 0.13171292841434479 0.24574689567089081
vn 0.94392472505569458 0.0010899999178946018 0.33015891909599304
vn 0.93567705154418945 0.09749901294708252 0.33912003040313721
vn 0.96416407823562622 -0.084202982485294342 0.25159001350402832
vn 0.93544882535934448 -0.21104902029037476 0.28353798389434814
vn 0.94457840919494629 -0.1230330765247345 0.30435913801193237
vn 0.94245421886444092 -0.25428205728530884 0.21707303822040558
vn 0.92980891466140747 -0.27443799376487732 0.2452329695224762
vn 0.92910093069076538 -0.25800201296806335 0.26496496796607971
vn 0.93720680475234985 -0.27026793360710144 0.22045096755027771
vn 0.94053918123245239 -0.2503000795841217 0.22964304685592651
vn 0.93514370918273926 -0.27315992116928101 0.22558791935443878
vn 0.9382290244102478 -0.20691099762916565 0.27733403444290161
vn 0.9405485987663269 -0.22194191813468933 0.25711891055107117
vn 0.94342619180679321 -0.21283407509326935 0.25426104664802551
vn 0.95356869697570801 -0.21255993843078613 0.21336594223976135
vn 0.94320368766784668 -0.20896293222904205 0.2582659125328064
vn 0.94794291257858276 -0.26132509112358093 0.1819709837436676
vn 0.96043515205383301 -0.2072799950838089 0.1860090047121048
vn 0.94552367925643921 -0.24346096813678741 0.21612896025180817
vn 0.97413927316665649 -0.15328200161457062 0.1660040020942688
vn 0.97747611999511719 -0.18006101250648499 0.11008400470018387
vn 0.95848685503005981 -0.23047097027301788 0.16788704693317413
vn 0.97692251205444336 0.10725796967744827 0.18471091985702515
vn 0.99461990594863892 0.034527994692325592 0.097668014466762543
vn 0.98398321866989136 -0.02726300060749054 0.17616404592990875
vn 0.97059273719787598 0.16194397211074829 0.17811198532581329
vn 0.97464984655380249 0.17474798858165741 0.13971696794033051
vn 0.96933531761169434 0.17230406403541565 0.17521505057811737
vn 0.98314899206161499 0.068990021944046021 0.16928800940513611
vn 0.98731762170791626 0.063396960496902466 0.14554987847805023
vn 0.98545652627944946 0.14933191239833832 0.081088945269584656
vn 0.98229813575744629 0.13054002821445465 0.1343490332365036
vn 0.99588632583618164 0.089445032179355621 0.01449100486934185
vn 0.99852657318115234 -0.037562981247901917 0.039162978529930115
vn 0.99589091539382935 0.077358007431030273 0.047085002064704895
vn 0.99725985527038574 -0.072687976062297821 0.013757998123764992
vn 0.98180031776428223 -0.16604110598564148 0.092187047004699707
vn 0.99079591035842896 -0.12287694215774536 0.056786976754665375
vn 0.98801982402801514 -0.13216501474380493 0.079682007431983948
vn 0.96955221891403198 -0.18552702665328979 0.15983809530735016
vn 0.97537750005722046 -0.1682438999414444 0.1425928920507431
vn 0.97448533773422241 -0.20525510609149933 0.090822048485279083
vn 0.96415179967880249 -0.209725022315979 0.1625630110502243
vn 0.97681182622909546 -0.015838002786040306 0.21351298689842224
vn 0.97390109300613403 -0.066648006439208984 0.21696703135967255
vn 0.99353885650634766 0.037230011075735092 0.10721202194690704
vn 0.98359757661819458 -0.0045699975453317165 0.18031890690326691
vn 0.99818962812423706 0.023291992023587227 -0.05545198917388916
vn 0.99877619743347168 0.03481602668762207 -0.035127021372318268
vn 0.99850922822952271 0.054511029273271561 -0.0027980015147477388
vn 0.99954122304916382 -0.0087210023775696754 -0.029005013406276703
vn 0.99702310562133789 -0.0770760178565979 -0.0020510002505034208
vn 0.99927669763565063 -0.032206989824771881 -0.020217996090650558
vn 0.9950258731842041 -0.099211029708385468 0.0089800003916025162
vn 0.98772948980331421 -0.15483210980892181 0.020431015640497208
vn 0.99407494068145752 -0.10802597552537918 0.012057997286319733
vn 0.96071833372116089 -0.2568860650062561 0.10502303391695023
vn 0.97851169109344482 -0.20540295541286469 0.018012998625636101
vn 0.61195892095565796 -0.19343802332878113 0.7668689489364624
vn 0.33055600523948669 -0.44593504071235657 0.83179003000259399
vn 0.46148082613945007 -0.068149961531162262 0.88452869653701782
vn 0.60144424438476563 0.17012910544872284 0.78059011697769165
vn 0.56104505062103271 -0.14828701317310333 0.81439512968063354
vn 0.064034014940261841 -0.54336607456207275 0.83705013990402222
vn -0.063612997531890869 -0.71206796169281006 0.6992228627204895
vn -0.063689030706882477 -0.40543514490127563 0.91190242767333984
vn 0.076937004923820496 -0.58311808109283447 0.80873602628707886
vn -0.21533811092376709 -0.60646224021911621 0.76539731025695801
vn -0.084561988711357117 -0.96486771106719971 0.24875597655773163
vn -0.14614300429821014 -0.44388988614082336 0.88408368825912476
vn -0.11429892480373383 -0.8473355770111084 0.51861178874969482
vn -0.092407025396823883 -0.9629284143447876 0.25343605875968933
vn 0.18099601566791534 -0.57148689031600952 0.80040186643600464
vn 0.11467501521110535 -0.73819500207901001 0.66476899385452271
vn -0.098716013133525848 -0.98605531454086304 0.13397802412509918
vn 0.29815793037414551 -0.69838470220565796 0.65066170692443848
vn -0.074311994016170502 -0.93001782894134521 0.35992294549942017
vn 0.19322501122951508 -0.63902807235717773 0.74451810121536255
vn -0.1843220442533493 -0.9515802264213562 0.24600905179977417
vn 0.45314988493919373 -0.72495877742767334 0.51873880624771118
vn -0.041777003556489944 -0.92911714315414429 0.36741802096366882
vn 0.32732492685317993 -0.81630092859268188 0.47593194246292114
vn 0.024952990934252739 -0.91872453689575195 0.39410984516143799
vn 0.42512190341949463 -0.76455396413803101 0.48448795080184937
vn 0.050442002713680267 -0.8494800329208374 0.52520400285720825
vn 0.32124710083007813 -0.80623430013656616 0.49677616357803345
vn -0.071666963398456573 -0.90729570388793945 0.41434085369110107
vn 0.36806005239486694 -0.73490411043167114 0.56960314512252808
vn 0.44174912571907043 -0.45953604578971863 0.77050912380218506
vn 0.51468497514724731 -0.64493584632873535 0.56493991613388062
vn 0.20362010598182678 -0.80882018804550171 0.5516781210899353
vn 0.45466217398643494 0.29351410269737244 0.84091126918792725
vn 0.47064110636711121 0.67385804653167725 0.56957203149795532
vn 0.66560900211334229 0.40844005346298218 0.62461298704147339
vn 0.55182510614395142 0.34290412068367004 0.76020115613937378
vn 0.50312316417694092 0.54374915361404419 0.67171716690063477
vn 0.52683216333389282 0.45315709710121155 0.71909421682357788
vn 0.57652199268341064 0.54953998327255249 0.60467195510864258
vn 0.50813090801239014 0.57791590690612793 0.63860487937927246
vn 0.43706071376800537 0.40284761786460876 0.80417144298553467
vn 0.40474504232406616 0.32232600450515747 0.85573792457580566
vn 0.55492693185806274 0.34118101000785828 0.75871706008911133
vn 0.46936103701591492 0.37089607119560242 0.80133408308029175
vn 0.30505907535552979 0.43333017826080322 0.84803533554077148
vn 0.27633801102638245 0.36128309369087219 0.89056825637817383
vn 0.42653316259384155 0.060991015285253525 0.90241318941116333
vn 0.32810690999031067 0.3136439323425293 0.89105182886123657
vn 0.30645394325256348 0.51673877239227295 0.79941666126251221
vn 0.31331199407577515 0.51686006784439087 0.79667514562606812
vn 0.2432420551776886 0.081826016306877136 0.96650803089141846
vn 0.28412997722625732 0.445639967918396 0.8489258885383606
vn 0.31508490443229675 0.55150580406188965 0.77237480878829956
vn 0.26161399483680725 0.63171607255935669 0.72972112894058228
vn 0.21259401738643646 0.39173507690429688 0.8951801061630249
vn 0.3033638596534729 0.56861573457717896 0.7646217942237854
vn 0.27004492282867432 0.66284096240997314 0.69836783409118652
vn 0.30196294188499451 0.64956885576248169 0.69776695966720581
vn 0.1911480575799942 0.64302724599838257 0.74160528182983398
vn 0.24963100254535675 0.68733298778533936 0.68209803104400635
vn 0.61378592252731323 0.4943428635597229 0.61554205417633057
vn 0.37942805886268616 0.49108099937438965 0.78413891792297363
vn 0.41245505213737488 0.49669307470321655 0.76366013288497925
vn 0.57136291265487671 0.33059898018836975 0.75116491317749023
vn 0.35820919275283813 -0.12097606062889099 0.92577046155929565
vn 0.35560303926467896 0.66364496946334839 0.65811991691589355
vn 0.50583899021148682 0.037302989512681961 0.86182099580764771
vn 0.11186597496271133 0.020831989124417305 0.99350494146347046
vn 0.20585109293460846 0.37291821837425232 0.90474158525466919
vn 0.20504303276538849 -0.12483000010251999 0.97075992822647095
vn 0.051376026123762131 0.4696221649646759 0.88137137889862061
vn 0.09474395215511322 0.57296270132064819 0.81408679485321045
vn 0.0744510218501091 0.24771101772785187 0.96596908569335938
vn 0.24635204672813416 0.6667131781578064 0.70342320203781128
vn 0.011830996721982956 0.83046185970306396 0.55694985389709473
vn 0.083557985723018646 0.62948369979858398 0.77250784635543823
vn 0.56350982189178467 0.38642194867134094 0.73016077280044556
vn 0.27451610565185547 0.88649332523345947 0.3725191056728363
vn 0.4160459041595459 0.61608582735061646 0.66883784532546997
vn 0.17338007688522339 -0.26741611957550049 0.94785439968109131
vn 0.75711202621459961 -0.15850304067134857 0.63376504182815552
vn 0.48984986543655396 0.022221993654966354 0.87152355909347534
vn -0.23033908009529114 -0.30377611517906189 0.9244803786277771
vn 0.24886490404605865 -0.7464299201965332 0.61717796325683594
vn -0.087771952152252197 -0.3453848659992218 0.93434756994247437
vn 0.065168976783752441 0.052032981067895889 0.99651670455932617
vn -0.062546998262405396 -0.80600786209106445 0.58859080076217651
vn -0.19708609580993652 -0.14334304630756378 0.96985042095184326
vn 0.42251688241958618 0.080637991428375244 0.90276074409484863
vn 0.14869196712970734 -0.71125781536102295 0.68702477216720581
vn 0.29304790496826172 0.072660990059375763 0.95333272218704224
vn 0.54321330785751343 -0.56253528594970703 0.62327629327774048
vn 0.048966009169816971 -0.85948991775512695 0.50880193710327148
vn 0.50545322895050049 -0.30154314637184143 0.80844837427139282
vn 0.59363287687301636 -0.66512489318847656 0.45299986004829407
vn 0.044840998947620392 -0.91340523958206177 0.40457406640052795
vn 0.56828099489212036 -0.66394704580307007 0.4860360324382782
vn 0.45767310261726379 -0.73200422525405884 0.50468319654464722
vn 0.022267991676926613 -0.85443681478500366 0.51907789707183838
vn 0.57636529207229614 -0.67039734125137329 0.46730127930641174
vn 0.19857692718505859 0.85281974077224731 0.48297587037086487
vn 0.48845276236534119 0.57021474838256836 0.66050666570663452
vn 0.53466027975082397 0.45624911785125732 0.71131926774978638
vn 0.030349995940923691 0.86833196878433228 0.4950539767742157
vn 0.52728503942489624 0.63842195272445679 0.56070303916931152
vn 0.46429505944252014 0.64537405967712402 0.60656607151031494
vn 0.54629462957382202 -0.20922990143299103 0.81103944778442383
vn -0.057248968631029129 -0.71073871850967407 0.7011227011680603
vn 0.4513210654258728 -0.65557014942169189 0.60542303323745728
vn 0.77163410186767578 -0.097309023141860962 -0.62857913970947266
vn 0.83234208822250366 0.062853008508682251 -0.55068695545196533
vn 0.86371529102325439 0.11967402696609497 -0.48956510424613953
vn 0.82277065515518188 0.033507991582155228 -0.56738489866256714
vn 0.89377319812774658 0.13879401981830597 -0.42650404572486877
vn 0.91157233715057373 0.036959007382392883 -0.40947514772415161
vn 0.89295792579650879 0.11077502369880676 -0.4362969696521759
vn 0.9175228476524353 -0.014186997897922993 -0.39742991328239441
vn 0.92049241065979004 -0.06341002881526947 -0.38558128476142883
vn 0.9189307689666748 -0.039797984063625336 -0.39240586757659912
vn 0.78916281461715698 -0.059810977429151535 -0.61126482486724854
vn 0.83167135715484619 0.11658007651567459 -0.54289215803146362
vn 0.86430680751800537 0.17824698984622955 -0.47032091021537781
vn 0.8344951868057251 0.090328015387058258 -0.54356104135513306
vn 0.87544697523117065 0.18901301920413971 -0.4448220431804657
vn 0.90446072816848755 0.089153990149497986 -0.41713595390319824
vn 0.88828772306442261 0.16541695594787598 -0.4284648597240448
vn 0.8928641676902771 0.028566012158989906 -0.44941914081573486
vn 0.90759539604187012 -0.013045008294284344 -0.41964322328567505
vn 0.90936774015426636 0.011688998900353909 -0.41582894325256348
vn 0.78471243381500244 -0.016546009108424187 -0.61963915824890137
vn 0.80492901802062988 0.18741002678871155 -0.56299799680709839
vn 0.84015125036239624 0.22512106597423553 -0.49342313408851624
vn 0.82210105657577515 0.14295600354671478 -0.55110198259353638
vn 0.73336470127105713 0.036128990352153778 -0.67887473106384277
vn 0.67395985126495361 0.20689398050308228 -0.70920592546463013
vn 0.77194184064865112 0.25466093420982361 -0.58245480060577393
vn 0.75410789251327515 0.18668398261070251 -0.62965893745422363
vn 0.54515916109085083 0.084419034421443939 -0.83407127857208252
vn 0.43668815493583679 0.24488505721092224 -0.86564123630523682
vn 0.5932660698890686 0.28664007782936096 -0.75224518775939941
vn 0.56029981374740601 0.22591091692447662 -0.79688668251037598
vn 0.30929699540138245 0.12142901122570038 -0.94318097829818726
vn 0.21533890068531036 0.27508187294006348 -0.93699473142623901
vn 0.35843411087989807 0.32579302787780762 -0.8748621940612793
vn 0.32213106751441956 0.26165711879730225 -0.90981709957122803
vn 0.10207000374794006 0.14372202754020691 -0.98434025049209595
vn 0.054617971181869507 0.2958369255065918 -0.95367574691772461
vn 0.15146207809448242 0.3608991801738739 -0.92022335529327393
vn 0.12223001569509506 0.28656005859375 -0.95023322105407715
vn -0.004015001468360424 0.15322403609752655 -0.98818331956863403
vn -0.014996003359556198 0.30305415391921997 -0.95285534858703613
vn 0.021795006468892097 0.37654411792755127 -0.92614227533340454
vn 0.010029001161456108 0.3011629581451416 -0.95351994037628174
vn -0.019370002672076225 0.15317800641059875 -0.98800873756408691
vn -0.017972990870475769 0.37692677974700928 -0.92606866359710693
vn -0.017363002523779869 0.30335509777069092 -0.95271939039230347
vn -0.022180015221238136 0.28742817044258118 -0.95754534006118774
vn -0.018620999529957771 0.36825805902481079 -0.92953711748123169
vn -0.018015006557106972 0.36562910676002502 -0.93058627843856812
vn 0.77365970611572266 0.18098093569278717 -0.6072039008140564
vn 0.82117205858230591 0.22532002627849579 -0.52431607246398926
vn 0.69705909490585327 0.26127606630325317 -0.66771513223648071
vn 0.77278411388397217 0.24209505319595337 -0.58668112754821777
vn 0.3711397647857666 0.29265588521957397 -0.88125354051589966
vn 0.48268410563468933 0.3108900785446167 -0.81875723600387573
vn 0.25723889470100403 0.35323283076286316 -0.89947468042373657
vn 0.3666711151599884 0.33379310369491577 -0.86840915679931641
vn 0.14265292882919312 0.31927287578582764 -0.93686443567276001
vn 0.070921033620834351 0.37439921498298645 -0.92455148696899414
vn 0.15622299909591675 0.36817699670791626 -0.91653698682785034
vn 0.85789275169372559 0.14129191637039185 -0.49402087926864624
vn 0.8538476824760437 0.20852591097354889 -0.47692880034446716
vn 0.60193789005279541 0.23845794796943665 -0.7621079683303833
vn 0.59679007530212402 0.28499102592468262 -0.75008112192153931
vn -0.017525991424918175 0.30398485064506531 -0.95251566171646118
vn 0.010463005863130093 0.37254214286804199 -0.92795628309249878
vn 0.062078986316919327 -0.25256693363189697 -0.96558588743209839
vn -0.01371800247579813 -0.36881110072135925 -0.92940312623977661
vn 0.056936044245958328 -0.35381621122360229 -0.93358039855957031
vn 0.02199200913310051 -0.36700913310050964 -0.92995733022689819
vn 0.13496202230453491 -0.12784202396869659 -0.98256891965866089
vn 0.098749980330467224 0.0058649992570281029 -0.99509501457214355
vn 0.076892025768756866 -0.12365902960300446 -0.98934119939804077
vn 0.84133607149124146 -0.12052301317453384 -0.52690398693084717
vn 0.86500823497772217 -0.030838003382086754 -0.50080913305282593
vn 0.80618554353713989 -0.10864194482564926 -0.58160275220870972
vn 0.78415596485137939 -0.15027397871017456 -0.60209399461746216
vn 0.82220005989074707 -0.11408098787069321 -0.55764913558959961
vn 0.91155552864074707 0.0055989981628954411 -0.4111388623714447
vn 0.92677879333496094 0.10569796711206436 -0.36042892932891846
vn 0.87405848503112793 0.099591068923473358 -0.47550326585769653
vn 0.8982732892036438 0.058669030666351318 -0.43550321459770203
vn 0.070428989827632904 0.81593775749206543 -0.5738338828086853
vn 0.16627806425094604 0.92499321699142456 -0.34167113900184631
vn 0.093842983245849609 0.99024558067321777 -0.10299099981784821
vn 0.087190970778465271 0.93569666147232056 -0.34186181426048279
vn -0.022310994565486908 -0.11512996256351471 -0.9930998682975769
vn -0.042139999568462372 -0.21417301893234253 -0.97588634490966797
vn -0.024334989488124847 -0.2429128885269165 -0.96974283456802368
vn 0.75229173898696899 0.41215986013412476 -0.51398581266403198
vn 0.83404815196990967 0.43127810955047607 -0.34403905272483826
vn 0.81453412771224976 0.55118703842163086 -0.18090605735778809
vn 0.72980612516403198 0.58010214567184448 -0.36175200343132019
vn 0.79438823461532593 0.49536007642745972 -0.35151910781860352
vn 0.67280983924865723 0.33594495058059692 -0.65914177894592285
vn 0.64492142200469971 0.53951829671859741 -0.54129141569137573
vn 0.56724417209625244 0.42976009845733643 -0.70252424478530884
vn 0.59257709980010986 0.24676805734634399 -0.76678413152694702
vn 0.62728285789489746 0.37834495306015015 -0.68071383237838745
vn 0.60008293390274048 0.083680979907512665 -0.79554885625839233
vn 0.50578421354293823 0.13453805446624756 -0.85210436582565308
vn 0.52226406335830688 -0.07768501341342926 -0.84923803806304932
vn 0.55722087621688843 0.11127498745918274 -0.82287466526031494
vn 0.5595780611038208 -0.23287700116634369 -0.7953871488571167
vn 0.58956676721572876 -0.21903593838214874 -0.7774537205696106
vn 0.59690076112747192 -0.11686091870069504 -0.7937588095664978
vn 0.52104073762893677 -0.20200289785861969 -0.82928365468978882
vn 0.55422890186309814 -0.21099895238876343 -0.80517685413360596
vn 0.54336696863174438 -0.23072494566440582 -0.80716687440872192
vn 0.61077731847763062 -0.24327413737773895 -0.75350433588027954
vn 0.60408085584640503 -0.26051804423332214 -0.75313788652420044
vn 0.58164000511169434 -0.24474899470806122 -0.77575308084487915
vn 0.6519741415977478 -0.17790006101131439 -0.73707616329193115
vn 0.67026031017303467 -0.23286803066730499 -0.70464432239532471
vn 0.57447808980941772 -0.20799107849597931 -0.7916530966758728
vn 0.63583105802536011 -0.21982493996620178 -0.73986208438873291
vn 0.49588793516159058 0.67134791612625122 -0.55080592632293701
vn 0.57570302486419678 0.73580396175384521 -0.35659298300743103
vn 0.50407320261001587 0.85105818510055542 -0.14700403809547424
vn 0.438984215259552 0.83224636316299438 -0.3386131227016449
vn 0.50420284271240234 0.79130470752716064 -0.34585598111152649
vn 0.43496614694595337 0.5299040675163269 -0.72801518440246582
vn 0.3397541344165802 0.75576132535934448 -0.5598142147064209
vn 0.29831594228744507 0.60627585649490356 -0.7371819019317627
vn 0.39050894975662231 0.37141788005828857 -0.84234881401062012
vn 0.368306964635849 0.57130098342895508 -0.73346108198165894
vn 0.41300874948501587 0.16356588900089264 -0.89591848850250244
vn 0.32539188861846924 0.18539890646934509 -0.92722564935684204
vn 0.32242414355278015 -0.0052920007146894932 -0.94658052921295166
vn 0.36995208263397217 0.17487908899784088 -0.91244328022003174
vn 0.36564594507217407 -0.21716891229152679 -0.9050639271736145
vn 0.44343289732933044 -0.1776549369096756 -0.87852489948272705
vn 0.4200381338596344 -0.031906016170978546 -0.90694540739059448
vn 0.33911195397377014 -0.15729998052120209 -0.92750191688537598
vn 0.39398419857025146 -0.16565707325935364 -0.90406537055969238
vn 0.22965307533740997 -0.26533207297325134 -0.93640714883804321
vn 0.26074492931365967 -0.25024792551994324 -0.93240982294082642
vn 0.40475195646286011 -0.23079492151737213 -0.88482177257537842
vn 0.31206804513931274 -0.24510505795478821 -0.91789817810058594
vn 0.23548285663127899 -0.11950893700122833 -0.96450269222259521
vn 0.36038699746131897 -0.19580802321434021 -0.91201996803283691
vn 0.13179296255111694 -0.20826293528079987 -0.96915280818939209
vn 0.23960994184017181 -0.20035694539546967 -0.94997060298919678
vn 0.87196290493011475 0.21788498759269714 -0.43841397762298584
vn 0.94638210535049438 0.16106300055980682 -0.28003504872322083
vn 0.96231234073638916 0.22704611718654633 -0.14968307316303253
vn 0.8808404803276062 0.33121618628501892 -0.3382541835308075
vn 0.9168817400932312 0.24661792814731598 -0.31385898590087891
vn 0.80750542879104614 0.18841187655925751 -0.5589597225189209
vn 0.81299495697021484 0.32812896370887756 -0.48100993037223816
vn 0.74110496044158936 0.26898211240768433 -0.61515206098556519
vn 0.73485833406448364 0.12869603931903839 -0.66589826345443726
vn 0.77327799797058105 0.23184801638126373 -0.59015899896621704
vn 0.7431797981262207 -0.047805994749069214 -0.66738176345825195
vn 0.66720235347747803 0.023486007004976273 -0.74450618028640747
vn 0.67311447858810425 -0.15474408864974976 -0.72316747903823853
vn 0.70222300291061401 -0.0090930014848709106 -0.71189898252487183
vn 0.66826397180557251 -0.25378504395484924 -0.69929707050323486
vn 0.72010010480880737 -0.20357100665569305 -0.66333603858947754
vn 0.74636417627334595 -0.17141208052635193 -0.6430850625038147
vn 0.66676783561706543 -0.22023987770080566 -0.71197968721389771
vn 0.69517207145690918 -0.21211008727550507 -0.68683701753616333
vn 0.63865923881530762 -0.2873910665512085 -0.71380722522735596
vn 0.67323917150497437 -0.31105205416679382 -0.67081713676452637
vn 0.69322818517684937 -0.30968406796455383 -0.65079218149185181
vn 0.66184806823730469 -0.2993679940700531 -0.687267005443573
vn 0.72398799657821655 -0.22939801216125488 -0.65055203437805176
vn 0.70250904560089111 -0.28394404053688049 -0.65257704257965088
vn 0.69438356161117554 -0.26559588313102722 -0.66879761219024658
vn 0.69634872674942017 -0.2787289023399353 -0.66136878728866577
vn 0.37858399748802185 0.91619080305099487 -0.13140998780727386
vn 0.29512599110603333 0.89268100261688232 -0.34061896800994873
vn 0.36697989702224731 0.86655181646347046 -0.33825096487998962
vn 0.21351997554302216 0.79438787698745728 -0.56864500045776367
vn 0.17223699390888214 0.64942610263824463 -0.74066197872161865
vn 0.27383694052696228 0.42691197991371155 -0.86183494329452515
vn 0.23655503988265991 0.63146603107452393 -0.73843914270401001
vn 0.19468791782855988 0.20627693831920624 -0.95892983675003052
vn 0.22375592589378357 0.0015749994199723005 -0.97464394569396973
vn 0.26894301176071167 0.19603694975376129 -0.94299477338790894
vn 0.25407508015632629 -0.23680314421653748 -0.93774735927581787
vn 0.23175892233848572 -0.14227396249771118 -0.96231281757354736
vn 0.28437706828117371 -0.15005800127983093 -0.94689613580703735
vn 0.13043907284736633 -0.31327912211418152 -0.94066029787063599
vn 0.084127023816108704 -0.28952506184577942 -0.95346623659133911
vn 0.17037402093410492 -0.28934606909751892 -0.9419403076171875
vn 0.041060004383325577 -0.1137540265917778 -0.99266010522842407
vn -0.01532999612390995 -0.22873997688293457 -0.97336685657501221
vn 0.04360102117061615 -0.21800406277179718 -0.97497344017028809
vn 0.97648894786834717 0.057218007743358612 -0.20783506333827972
vn 0.99312680959701538 0.065732963383197784 -0.096841953694820404
vn 0.96502941846847534 0.098290033638477325 -0.24301709234714508
vn 0.81253296136856079 0.047104991972446442 -0.58100885152816772
vn 0.84290879964828491 0.14260396361351013 -0.51881486177444458
vn 0.78142964839935303 -0.085573948919773102 -0.61809772253036499
vn 0.72757679224014282 -0.26963096857070923 -0.63081783056259155
vn 0.79082620143890381 -0.20278602838516235 -0.57747012376785278
vn 0.7470850944519043 -0.2003740668296814 -0.63380920886993408
vn 0.7281680703163147 -0.31310302019119263 -0.60970306396484375
vn 0.76274383068084717 -0.32447591423988342 -0.55940794944763184
vn 0.72626215219497681 -0.31873804330825806 -0.60905611515045166
vn 0.71928924322128296 -0.23751802742481232 -0.65284621715545654
vn 0.75229048728942871 -0.26298615336418152 -0.60406732559204102
vn 0.72046911716461182 -0.27801108360290527 -0.63532203435897827
vn 0.65509825944900513 0.73660731315612793 -0.16809505224227905
vn 0.65431040525436401 0.66317641735076904 -0.36342117190361023
vn 0.49123898148536682 0.30844387412071228 -0.81458371877670288
vn 0.50014179944992065 0.48264795541763306 -0.71896392107009888
vn 0.45700395107269287 0.15117800235748291 -0.87652301788330078
vn 0.48554405570030212 -0.21407005190849304 -0.84759718179702759
vn 0.48441895842552185 -0.19113099575042725 -0.85370206832885742
vn 0.47732022404670715 -0.22845213115215302 -0.84851342439651489
vn 0.48439916968345642 -0.2252001017332077 -0.84536522626876831
vn 0.4781728982925415 -0.13942699134349823 -0.86712789535522461
vn 0.48028990626335144 -0.19833391904830933 -0.85439175367355347
vn 0.88762754201889038 0.41969621181488037 -0.1896640807390213
vn 0.85398483276367188 0.389087975025177 -0.34542796015739441
vn 0.66449713706970215 0.19340702891349792 -0.7218291163444519
vn 0.70880067348480225 0.30138593912124634 -0.63778376579284668
vn 0.63512665033340454 0.053604964166879654 -0.77054566144943237
vn 0.61356574296951294 -0.25118187069892883 -0.74862855672836304
vn 0.63065385818481445 -0.22291296720504761 -0.74336099624633789
vn 0.64767712354660034 -0.28028899431228638 -0.70848602056503296
vn 0.62127906084060669 -0.27443307638168335 -0.73396104574203491
vn 0.71352624893188477 -0.21189402043819427 -0.66781824827194214
vn 0.68725860118865967 -0.24889293313026428 -0.68244260549545288
vn 0.23086285591125488 0.96597272157669067 -0.116614930331707
vn 0.23342104256153107 0.91043710708618164 -0.3414950966835022
vn 0.10600101947784424 0.463480144739151 -0.87974423170089722
vn 0.091892004013061523 0.66210812330245972 -0.74375313520431519
vn 0.105786994099617 0.21490398049354553 -0.97088897228240967
vn 0.16708293557167053 -0.2465488612651825 -0.95461875200271606
vn 0.18299894034862518 -0.13458296656608582 -0.97385770082473755
vn -0.0040879980660974979 -0.33938190340995789 -0.94063979387283325
vn 0.094063036143779755 -0.33521807193756104 -0.93743318319320679
vn -0.033104993402957916 -0.11538000404834747 -0.99276959896087646
vn -0.040414988994598389 -0.23775592446327209 -0.97048377990722656
vn 0.7423359751701355 -0.1809689849615097 -0.64512598514556885
vn 0.73422425985336304 -0.1888880580663681 -0.65210121870040894
vn 0.74746793508529663 -0.16446998715400696 -0.64361584186553955
vn 0.74852895736694336 -0.1729779839515686 -0.64014297723770142
vn 0.73644709587097168 -0.1158360093832016 -0.66650408506393433
vn 0.73927390575408936 -0.15188398957252502 -0.65605282783508301
vn 0.62801390886306763 -0.081744968891143799 -0.77389681339263916
vn 0.69438314437866211 -0.10737105458974838 -0.71155005693435669
vn 0.39677482843399048 -0.039362981915473938 -0.91707158088684082
vn 0.52069169282913208 -0.058173969388008118 -0.85176050662994385
vn 0.17312093079090118 -0.012132994830608368 -0.98482584953308105
vn 0.28312700986862183 -0.024121994152665138 -0.95877903699874878
vn 0.011395003646612167 -0.0045050010085105896 -0.99992489814758301
vn 0.07561599463224411 -0.0063040005043148994 -0.99711710214614868
vn -0.028506990522146225 -0.0048639988526701927 -0.99958175420761108
vn -0.019339000806212425 -0.0044060004875063896 -0.99980330467224121
vn -0.020989997312426567 -0.0050100004300475121 -0.99976712465286255
vn 0.95905166864395142 0.17481692135334015 0.22284288704395294
vn 0.97406065464019775 0.13844498991966248 0.17899394035339355
vn 0.96662384271621704 0.015191995538771152 0.25574895739555359
vn 0.97305303812026978 0.026951000094413757 0.22900092601776123
vn 0.96801990270614624 0.070663005113601685 0.24071601033210754
vn 0.94683831930160522 0.32159715890884399 0.0085110040381550789
vn 0.99322926998138428 0.10597702115774155 0.047587007284164429
vn 0.97834056615829468 0.20464389026165009 0.031154992058873177
vn 0.96858549118041992 0.080803960561752319 0.2351868748664856
vn 0.97708117961883545 -0.013350004330277443 0.21244803071022034
vn 0.97591155767440796 -0.00143399927765131 0.21816185116767883
vn 0.97707056999206543 0.0071989996358752251 0.21279394626617432
vn 0.97425919771194458 0.067429013550281525 0.21511007845401764
vn 0.97121083736419678 0.12794299423694611 0.20094797015190125
vn 0.96376466751098633 0.064985997974872589 0.25871697068214417
vn 0.97617930173873901 0.098281010985374451 0.19342905282974243
vn 0.98013216257095337 0.078168004751205444 0.18229298293590546
vn 0.97473597526550293 0.12198200076818466 0.18711002171039581
vn 0.96645480394363403 0.039094980806112289 0.25384390354156494
vn 0.97949391603469849 0.014393997378647327 0.2009589672088623
vn 0.97439062595367432 0.030616981908679008 0.22276784479618073
vn 0.97572803497314453 0.0088010011240839958 0.21880899369716644
vn 0.99911534786224365 0.015450004488229752 0.039113011211156845
vn 0.9822506308555603 0.0066589978523552418 0.18745490908622742
vn 0.99769848585128784 0.040061023086309433 0.054707027971744537
vn 0.96956068277359009 -0.037192981690168381 0.24200986325740814
vn 0.96629160642623901 -0.016898991540074348 0.25689488649368286
vn 0.96671617031097412 -0.014214004389941692 0.25545603036880493
vn 0.97967535257339478 0.0057900017127394676 0.20050607621669769
vn 0.97485905885696411 -0.0083730006590485573 0.22266502678394318
vn 0.98136568069458008 0.034307993948459625 0.18906192481517792
vn 0.93794184923171997 0.16634199023246765 0.30429494380950928
vn 0.87279319763183594 0.1920500248670578 0.44871911406517029
vn 0.93202352523803711 0.11561495065689087 0.34346082806587219
vn 0.96604007482528687 0.072772033512592316 0.24793301522731781
vn 0.93718641996383667 0.11775605380535126 0.32835212349891663
vn 0.84622085094451904 0.3087519109249115 0.43426090478897095
vn 0.96876198053359985 0.14677798748016357 0.19989104568958282
vn 0.93753457069396973 0.21397092938423157 0.27430889010429382
vn 0.9754142165184021 0.11263401806354523 0.18942202627658844
vn 0.97508114576339722 0.11783202737569809 0.18796902894973755
vn 0.97582250833511353 0.064788967370986938 0.20874091982841492
vn 0.88699984550476074 0.2273949533700943 0.40189900994300842
vn 0.94079333543777466 0.15078505873680115 0.3035980761051178
vn 0.94093984365463257 0.11830794811248779 0.31723088026046753
vn 0.88193529844284058 0.33708709478378296 0.3294881284236908
vn 0.93803292512893677 0.24888996779918671 0.24113897979259491
vn 0.94164866209030151 0.19663289189338684 0.27319097518920898
vn 0.86453193426132202 0.45709991455078125 0.2089119553565979
vn 0.91489213705062866 0.38080909848213196 0.13400301337242126
vn 0.92588061094284058 0.31362184882164001 0.21068091690540314
vn 0.86015403270721436 0.50995910167694092 -0.0087630013003945351
vn 0.90479856729507446 0.42574977874755859 -0.0087579954415559769
vn 0.089957982301712036 0.21583595871925354 0.97227692604064941
vn 0.12458997964859009 0.064261004328727722 0.99012517929077148
vn 0.12731294333934784 0.065148957073688507 0.98972070217132568
vn 0.17381101846694946 0.34441399574279785 0.922588050365448
vn 0.29069387912750244 0.34355893731117249 0.89300858974456787
vn 0.33880391716957092 0.35433787107467651 0.87158280611038208
vn 0.15259096026420593 0.31992688775062561 0.93507367372512817
vn 0.25010889768600464 0.35693791508674622 0.90002268552780151
vn 0.12746495008468628 0.43940281867980957 0.88920068740844727
vn 0.075544998049736023 0.34931501746177673 0.93395501375198364
vn 0.069275990128517151 0.62738591432571411 0.77562087774276733
vn 0.070702001452445984 0.44271200895309448 0.89387208223342896
vn 0.14689597487449646 0.7906678318977356 0.59436178207397461
vn 0.092041015625 0.89373910427093506 0.43904310464859009
vn 0.072856001555919647 0.79389989376068115 0.60366791486740112
vn 0.43627703189849854 0.89809215068817139 0.055613007396459579
vn 0.36074492335319519 0.91538876295089722 0.1786799430847168
vn 0.27689087390899658 0.95909768342971802 0.058847978711128235
vn 0.35989305377006531 0.93123126029968262 0.057318009436130524
vn 0.17574799060821533 0.93804508447647095 0.2986370325088501
vn 0.08782099187374115 0.98119467496871948 0.17188499867916107
vn 0.098065979778766632 0.94873392581939697 0.30047798156738281
vn 0.39393001794815063 0.34739115834236145 0.850963294506073
vn 0.53290379047393799 0.36108887195587158 0.76526361703872681
vn 0.56400585174560547 0.41546690464019775 0.71364182233810425
vn 0.45949512720108032 0.40372607111930847 0.79111915826797485
vn 0.12559401988983154 0.30855304002761841 0.94287919998168945
vn 0.1636970192193985 0.34418398141860962 0.92452186346054077
vn 0.071910008788108826 0.22292704880237579 0.97217923402786255
vn 0.12692798674106598 0.32060301303863525 0.93867087364196777
vn 0.76602894067764282 0.34436991810798645 0.54277896881103516
vn 0.64040356874465942 0.29992380738258362 0.70705652236938477
vn 0.58604973554611206 0.35741877555847168 0.72718465328216553
vn 0.72438782453536987 0.47027084231376648 0.50409090518951416
vn 0.70084887742996216 0.35962197184562683 0.61602187156677246
vn 0.75290995836257935 0.52023094892501831 0.40309599041938782
vn 0.63028436899185181 0.62004226446151733 0.46721428632736206
vn 0.66876208782196045 0.66917812824249268 0.32397207617759705
vn 0.708030104637146 0.57212507724761963 0.41396406292915344
vn 0.69579005241394043 0.67692697048187256 0.24009601771831512
vn 0.57723218202590942 0.77551734447479248 0.25568708777427673
vn 0.61904603242874146 0.766102135181427 0.17282804846763611
vn 0.63083809614181519 0.73652410507202148 0.2440810352563858
vn 0.22946697473526001 0.95738410949707031 0.17538696527481079
vn 0.14435592293739319 0.9876936674118042 0.060187973082065582
vn 0.20875287055969238 0.97614467144012451 0.059697963297367096
vn 0.78023642301559448 0.6089213490486145 0.14298911392688751
vn 0.71259289979934692 0.70125985145568848 0.021117998287081718
vn 0.79510313272476196 0.60644304752349854 0.0061470004729926586
vn 0.51402586698532104 0.78141683340072632 0.35378691554069519
vn 0.45049598813056946 0.8522261381149292 0.26601499319076538
vn 0.49287593364715576 0.85182976722717285 0.17736797034740448
vn 0.50920712947845459 0.82266116142272949 0.25285705924034119
vn 0.53012609481811523 0.56021904945373535 0.63649111986160278
vn 0.44055807590484619 0.73258322477340698 0.51887416839599609
vn 0.52792686223983765 0.69586390256881714 0.48689490556716919
vn 0.47256410121917725 0.32751008868217468 0.81818109750747681
vn 0.3922978937625885 0.41517692804336548 0.82081085443496704
vn 0.49909201264381409 0.39741203188896179 0.77004599571228027
vn 0.67423516511917114 0.30992710590362549 0.67033731937408447
vn 0.79670488834381104 0.26891294121742249 0.54124593734741211
vn 0.71354401111602783 0.34383195638656616 0.61043798923492432
vn 0.76889193058013916 0.27423602342605591 0.57758098840713501
vn 0.23497095704078674 0.21165797114372253 0.94867777824401855
vn 0.39022588729858398 0.3458518385887146 0.853293776512146
vn 0.337776780128479 0.27765381336212158 0.89934152364730835
vn 0.70252686738967896 0.38136789202690125 0.6008448600769043
vn 0.51720184087753296 0.32914191484451294 0.7900429368019104
vn 0.59712618589401245 0.31996613740921021 0.73556917905807495
vn 0.81813859939575195 0.37761786580085754 0.43365192413330078
vn 0.82147771120071411 0.31037691235542297 0.47837281227111816
vn 0.79344069957733154 0.52916181087493896 0.30073189735412598
vn 0.80344885587692261 0.45541194081306458 0.3834969699382782
vn 0.7820441722869873 0.5821990966796875 0.22237606346607208
vn 0.5559990406036377 0.82998412847518921 0.04462500661611557
vn 0.6298179030418396 0.77598696947097778 0.034258995205163956
vn 0.49395212531089783 0.86793804168701172 0.051912005990743637
vn 0.3636498749256134 0.84372979402542114 0.3948148787021637
vn 0.30783200263977051 0.9126850962638855 0.26878497004508972
vn 0.3774779736995697 0.8824610710144043 0.28066501021385193
vn 0.33352193236351013 0.60542201995849609 0.72265297174453735
vn 0.29136395454406738 0.7958528995513916 0.53077793121337891
vn 0.35631611943244934 0.75892412662506104 0.54504400491714478
vn 0.2364329993724823 0.45802792906761169 0.8569188117980957
vn 0.29646092653274536 0.42882180213928223 0.85335969924926758
vn 0.42824181914329529 0.34235191345214844 0.83630383014678955
vn -0.020858997479081154 0.079016000032424927 0.99665510654449463
vn 0.052345991134643555 0.14151698350906372 0.98855090141296387
vn -0.019392998889088631 0.080338984727859497 0.99657893180847168
vn 0.085036017000675201 0.31105408072471619 0.94658029079437256
vn 0.18857792019844055 0.61857080459594727 0.76276373863220215
vn 0.17712906002998352 0.43562120199203491 0.88253015279769897
vn 0.23880413174629211 0.87546348571777344 0.42016220092773438
vn 0.21816404163837433 0.78527814149856567 0.57943308353424072
vn 0.24290397763252258 0.92410385608673096 0.29500797390937805
vn 0.07556702196598053 0.99532324075698853 0.060177024453878403
vn 0.98180580139160156 -0.042598992586135864 0.18504790961742401
vn 0.96612906455993652 -0.1190749853849411 0.22894498705863953
vn 0.96804463863372803 -0.073104985058307648 0.23988589644432068
vn 0.99805647134780884 0.010038004256784916 -0.061502031981945038
vn 0.99567455053329468 -0.043276969343423843 0.082214958965778351
vn 0.99724459648132324 -0.013846996240317822 0.072879984974861145
vn 0.96032369136810303 0.01660599373281002 -0.2783929705619812
vn 0.9876410961151123 -0.0067270020954310894 -0.15658803284168243
vn 0.98348277807235718 0.025014985352754593 -0.17926493287086487
vn 0.9075196385383606 -0.084211952984333038 -0.41148078441619873
vn 0.94660502672195435 -0.075771026313304901 -0.31336504220962524
vn 0.93238180875778198 -0.027727996930480003 -0.36040997505187988
vn 0.87103301286697388 -0.15885397791862488 -0.46482998132705688
vn 0.92136937379837036 -0.14855806529521942 -0.35917821526527405
vn 0.88609886169433594 -0.12569296360015869 -0.44612789154052734
vn 0.83857518434524536 -0.28204405307769775 -0.46609315276145935
vn 0.81998342275619507 -0.28003811836242676 -0.49920523166656494
vn 0.90248674154281616 -0.27802488207817078 -0.3289678692817688
vn 0.82328003644943237 -0.31524395942687988 -0.4720500111579895
vn 0.91650784015655518 -0.20447695255279541 -0.34380602836608887
vn 0.82135313749313354 -0.2444930225610733 -0.5153660774230957
vn 0.97425884008407593 -0.16706894338130951 0.15135295689105988
vn 0.9732244610786438 -0.12103496491909027 0.19540894031524658
vn 0.95494115352630615 -0.19089804589748383 0.22725605964660645
vn 0.96148735284805298 -0.16633206605911255 0.21880514919757843
vn 0.99846315383911133 -0.048737011849880219 -0.026382004842162132
vn 0.98904216289520264 -0.10523704439401627 0.1035410538315773
vn 0.99270796775817871 -0.0769210085272789 0.092811986804008484
vn 0.97130477428436279 -0.068951986730098724 -0.22762396931648254
vn 0.99011349678039551 -0.088783033192157745 -0.10859505087137222
vn 0.9899558424949646 -0.040498994290828705 -0.13545195758342743
vn 0.94745367765426636 -0.15213495492935181 -0.28140094876289368
vn 0.95867979526519775 -0.15252995491027832 -0.24014091491699219
vn 0.95536512136459351 -0.11945702135562897 -0.2701990008354187
vn 0.94647371768951416 -0.19078697264194489 -0.26036092638969421
vn 0.95945084095001221 -0.19606789946556091 -0.20251289010047913
vn 0.94621694087982178 -0.17298796772956848 -0.27340200543403625
vn 0.91493231058120728 -0.21310007572174072 -0.34276407957077026
vn 0.95333188772201538 -0.25553500652313232 -0.16081097722053528
vn 0.96711492538452148 -0.23697400093078613 -0.092368990182876587
vn 0.9497947096824646 -0.23574891686439514 -0.20569992065429688
vn 0.856833815574646 -0.21001893281936646 -0.47087988257408142
vn 0.96929371356964111 -0.16633094847202301 -0.18111796677112579
vn 0.97979110479354858 -0.189876988530159 -0.06289798766374588
vn 0.95809978246688843 -0.22574391961097717 -0.17630796134471893
vn 0.98865574598312378 -0.13869093358516693 -0.057659976184368134
vn 0.99625009298324585 -0.084691040217876434 -0.01769600622355938
vn 0.97959917783737183 -0.13745500147342682 -0.14660000801086426
vn 0.91043686866760254 -0.37794893980026245 -0.16810502111911774
vn 0.99537003040313721 -0.082166031002998352 -0.049872010946273804
vn 0.98779648542404175 -0.15140306949615479 -0.036540031433105469
vn 0.78803414106369019 -0.56397193670272827 0.24685598909854889
vn -0.033569011837244034 -0.964821457862854 -0.26075410842895508
vn 0.63750505447387695 -0.76070016622543335 -0.12215805053710938
vn 0.96386522054672241 -0.10752201080322266 0.24372702836990356
vn 0.72522979974746704 -0.14903697371482849 0.67218279838562012
vn 0.84364497661590576 -0.26103603839874268 0.46917304396629333
vn 0.99826174974441528 -0.035149991512298584 0.047306988388299942
vn 0.96610552072525024 -0.04417998343706131 0.25433886051177979
vn 0.9914889931678772 -0.076965995132923126 0.10500398278236389
vn 0.99534392356872559 0.06621599942445755 -0.070042014122009277
vn 0.99424219131469727 0.10666700452566147 0.01023000106215477
vn 0.99771344661712646 0.058051001280546188 -0.034612003713846207
vn 0.99415796995162964 -0.08478197455406189 0.066797979176044464
vn 0.99917352199554443 -0.039877977222204208 0.0078779952600598335
vn 0.97535079717636108 0.10636502504348755 0.1933320164680481
vn 0.95798671245574951 0.038623999804258347 0.28419995307922363
vn 0.89856630563735962 0.00075800018385052681 0.43883711099624634
vn 0.94154977798461914 0.0033789996523410082 0.33685693144798279
vn 0.99780374765396118 0.0094000007957220078 0.065568991005420685
vn 0.98536556959152222 0.11619198322296143 0.12471597641706467
vn 0.98875910043716431 0.1255970299243927 0.081122033298015594
vn 0.9601854681968689 -0.192456915974617 0.20249491930007935
vn 0.96276372671127319 -0.1026429608464241 0.25010085105895996
vn 0.98463112115859985 -0.10747700184583664 0.13765996694564819
vn 0.96703767776489258 -0.13095997273921967 0.21837498247623444
vn 0.9415818452835083 -0.10987497121095657 0.31835690140724182
vn 0.94995772838592529 -0.18957294523715973 0.2482789009809494
vn 0.99418097734451294 -0.10771504044532776 -0.0012670002179220319
vn 0.9923519492149353 -0.019023997709155083 0.12196595966815948
vn 0.98881644010543823 -0.10059402883052826 0.1101040244102478
vn 0.9755702018737793 -0.15441003441810608 -0.15627002716064453
vn 0.98859173059463501 -0.10902097076177597 -0.10392697900533676
vn 0.98776006698608398 -0.1266690194606781 -0.091022014617919922
vn 0.9612433910369873 -0.20780111849308014 -0.18119005858898163
vn 0.9622044563293457 -0.21377208828926086 -0.1687130481004715
vn 0.9624406099319458 -0.18420691788196564 -0.1994389146566391
vn 0.97261244058609009 -0.22365808486938477 -0.063262037932872772
vn 0.96452832221984863 -0.25296306610107422 -0.075464017689228058
vn 0.96676820516586304 -0.22277402877807617 -0.12542304396629333
vn 0.97489684820175171 -0.22257494926452637 0.0060479971580207348
vn 0.96774154901504517 -0.24611189961433411 -0.05389997735619545
vn 0.97308534383773804 -0.22871106863021851 -0.028216006234288216
vn 0.99567329883575439 -0.085597008466720581 0.036164015531539917
vn 0.9824034571647644 -0.17495104670524597 0.065388016402721405
vn 0.98562651872634888 -0.16615696251392365 0.030531991273164749
vn 0.99684041738510132 -0.071737013757228851 0.03410300612449646
vn 0.99765413999557495 -0.053210001438856125 0.043069005012512207
vn 0.99761819839477539 -0.056958027184009552 0.038906019181013107
vn 0.58913892507553101 -0.33513501286506653 -0.73525494337081909
vn 0.90215712785720825 -0.29637002944946289 -0.31349208950996399
vn 0.99304044246673584 -0.089066989719867706 -0.077057003974914551
vn 0.01094299741089344 -0.99978065490722656 0.017857994884252548
vn -0.30020195245742798 -0.72092300653457642 -0.62461894750595093
vn -0.460237056016922 -0.53501200675964355 -0.70848006010055542
vn -0.41045302152633667 -0.79782003164291382 -0.44160106778144836
vn -0.60427820682525635 -0.14402006566524506 -0.78364920616149902
vn 0.025355001911520958 -0.40762597322463989 -0.91279691457748413
vn -0.29736906290054321 -0.32358303666114807 -0.89825701713562012
vn -0.0018770003225654364 -0.53138208389282227 -0.8471301794052124
vn -0.63069629669189453 -0.22815614938735962 -0.74173241853713989
vn -0.40250617265701294 -0.587158203125 -0.70230621099472046
vn -0.31098783016204834 -0.64233362674713135 -0.70049560070037842
vn -0.373492032289505 -0.53682094812393188 -0.75652295351028442
vn -0.71882092952728271 -0.26794999837875366 -0.64148205518722534
vn -0.90232282876968384 -0.016683995723724365 -0.43073791265487671
vn -0.80163872241973877 -0.04929698258638382 -0.59577274322509766
vn 0.43917471170425415 -0.67774957418441772 -0.5897296667098999
vn -0.26375815272331238 -0.61051124334335327 -0.74679827690124512
vn -0.15012703835964203 -0.65726113319396973 -0.73855918645858765
vn 0.9083782434463501 0.05914800614118576 0.41394504904747009
vn 0.64615696668624878 -0.40787500143051147 0.64507299661636353
vn 0.82067817449569702 0.013924001716077328 0.5712209939956665
vn 0.95539921522140503 0.088594049215316772 0.28171515464782715
vn 0.94470489025115967 0.086161002516746521 0.31640002131462097
vn 0.92914015054702759 0.10695098340511322 0.35392102599143982
vn 0.93075990676879883 0.080513983964920044 0.35665598511695862
vn 0.99516075849533081 -0.057234987616539001 -0.079869978129863739
vn 0.70460981130599976 0.11690396815538406 -0.69989889860153198
vn 0.96853059530258179 0.24174891412258148 0.059210970997810364
vn 0.97441548109054565 0.16189989447593689 -0.15589389204978943
vn 0.73586791753768921 0.67643100023269653 0.03065098449587822
vn 0.85651028156280518 0.15510405600070953 0.49227315187454224
vn 0.93136453628540039 0.26917117834091187 0.24516722559928894
vn 0.63871169090270996 0.48691177368164063 0.59578877687454224
vn 0.9014737606048584 -0.098798982799053192 0.42140689492225647
vn 0.89547514915466309 -0.0087220007553696632 0.44502606987953186
vn 0.83339220285415649 0.013665002770721912 0.55251306295394897
vn 0.75912922620773315 0.59224319458007813 0.27013111114501953
vn 0.99014025926589966 -0.050248008221387863 0.13075700402259827
vn 0.94187295436859131 -0.30958396196365356 0.13051098585128784
vn 0.9589989185333252 -0.15373103320598602 0.23809203505516052
vn 0.97862213850021362 -0.04307999461889267 0.20110401511192322
vn 0.97209495306015015 -0.037549998611211777 0.23156292736530304
vn 0.94740968942642212 0.053615987300872803 0.31549996137619019
vn 0.98112249374389648 -0.18005384504795074 0.070563957095146179
vn 0.98299866914749146 -0.11795896291732788 0.14070992171764374
vn 0.9737621545791626 -0.17280000448226929 0.14807900786399841
vn 0.94578826427459717 -0.29930904507637024 -0.12609003484249115
vn 0.98223912715911865 -0.11136003583669662 0.151014044880867
vn 0.97068679332733154 0.015832997858524323 0.23982593417167664
vn 0.98819410800933838 -0.12596002221107483 0.087215028703212738
vn 0.81835746765136719 0.43222725391387939 0.3787752091884613
vn 0.95939785242080688 -0.25760701298713684 -0.11486698687076569
vn 0.97804081439971924 -0.20392398536205292 -0.043025009334087372
vn 0.88510936498641968 -0.4331011176109314 -0.17030805349349976
vn 0.78334677219390869 -0.59787279367446899 0.17004694044589996
vn 0.97565782070159912 -0.21403294801712036 0.047766994684934616
vn 0.92649734020233154 -0.34622415900230408 -0.14741604030132294
vn 0.97542107105255127 -0.21090400218963623 0.063821986317634583
vn 0.6331411600112915 -0.58178514242172241 -0.51054710149765015
vn 0.97866928577423096 -0.1859300285577774 0.087387010455131531
vn -0.14185506105422974 -0.48165604472160339 -0.86480319499969482
vn -0.77655380964279175 -0.26528698205947876 -0.57147789001464844
vn -0.12587396800518036 -0.62048202753067017 -0.77405285835266113
vn 0.98129642009735107 0.18757209181785583 -0.043290011584758759
vn 0.72327625751495361 -0.026499005034565926 -0.69005018472671509
vn 0.99934321641921997 0.021880006417632103 0.028885014355182648
vn 0.88241720199584961 -0.098499037325382233 0.46004113554954529
vn 0.79721075296401978 -0.20383691787719727 0.56824779510498047
vn 0.98322087526321411 0.027118002995848656 0.18039202690124512
vn 0.61983400583267212 -0.1887819766998291 0.76168704032897949
vn 0.93121212720870972 -0.35013401508331299 0.10124300420284271
vn 0.82879698276519775 -0.49273398518562317 0.26515799760818481
vn 0.76145511865615845 -0.31487801671028137 0.56660211086273193
vn 0.78432989120483398 -0.50116991996765137 -0.36558902263641357
vn 0.88994711637496948 -0.44326403737068176 -0.10729001462459564
vn 0.89062374830245972 -0.099115967750549316 -0.44380784034729004
vn 0.84172987937927246 -0.30719700455665588 -0.44398289918899536
vn 0.8699873685836792 0.057735022157430649 0.48968219757080078
vn 0.63734668493270874 0.054510973393917084 0.7686467170715332
vn 0.86527377367019653 0.0089419977739453316 0.50121986865997314
vn 0.4773842990398407 0.4501272439956665 0.75464540719985962
vn 0.78749269247055054 -0.21390493214130402 0.57801377773284912
vn 0.51823592185974121 0.088753990828990936 0.85061991214752197
vn 0.69360041618347168 -0.71103435754776001 -0.11553602665662766
vn 0.71459490060806274 -0.67343389987945557 -0.18931698799133301
vn 0.75842922925949097 -0.60378521680831909 -0.24541503190994263
vn 0.9360007643699646 0.14707794785499573 0.31979787349700928
vn 0.75474095344543457 0.40804293751716614 0.51367992162704468
vn 0.89488881826400757 0.075317002832889557 0.43988785147666931
vn 0.78433698415756226 0.27736502885818481 0.55487304925918579
vn 0.89772433042526245 -0.25994613766670227 0.35569512844085693
vn 0.70341187715530396 -0.65515094995498657 0.27566096186637878
vn 0.77345579862594604 -0.57791894674301147 0.26033788919448853
vn 0.19287902116775513 0.91526901721954346 0.35366696119308472
vn 0.18576301634311676 0.98099511861801147 0.056042011827230453
vn 0.28196603059768677 0.83289802074432373 0.47621005773544312
vn 0.81372767686843872 0.55996477603912354 0.15584194660186768
vn -0.087582014501094818 0.9642024040222168 -0.25028613209724426
vn 0.51707726716995239 0.8213193416595459 0.24096813797950745
vn 0.99408465623855591 0.089468978345394135 -0.061570975929498672
vn 0.98384612798690796 0.11248400807380676 0.13926300406455994
vn 0.8877110481262207 -0.030719995498657227 0.45937502384185791
vn 0.94337201118469238 -0.27258500456809998 -0.18906795978546143
vn 0.4508097767829895 -0.39049181342124939 -0.80267471075057983
vn 0.96011316776275635 -0.26743510365486145 -0.081616029143333435
vn 0.90394687652587891 -0.15718400478363037 0.39770993590354919
vn 0.92737710475921631 -0.13904502987861633 -0.34733006358146667
vn 0.33035796880722046 -0.16082097589969635 -0.93005388975143433
vn 0.9290500283241272 -0.2475769966840744 -0.27490299940109253
vn 0.94486993551254272 -0.18180897831916809 0.27233496308326721
vn 0.96353238821029663 0.071447044610977173 -0.25787714123725891
vn 0.42327401041984558 0.20520800352096558 -0.88245612382888794
vn 0.93906015157699585 0.0067790006287395954 -0.34368604421615601
vn 0.95637649297714233 -0.159762904047966 0.24458087980747223
vn 0.98329353332519531 -0.12560492753982544 0.13174691796302795
vn 0.66029226779937744 0.45367512106895447 -0.59849226474761963
vn 0.9967113733291626 -0.0026200013235211372 -0.080991052091121674
vn 0.86089187860488892 -0.32096895575523376 0.39477095007896423
vn 0.82019704580307007 0.57009196281433105 -0.047665011137723923
vn 0.92059028148651123 -0.26775911450386047 0.28428608179092407
vn -0.47081902623176575 0.76797407865524292 -0.43421795964241028
vn 0.078330956399440765 0.76405966281890869 -0.640372633934021
vn 0.16870097815990448 0.92504376173019409 -0.34034398198127747
vn -0.64851391315460205 0.27375799417495728 -0.71027195453643799
vn -0.13507898151874542 0.28417301177978516 -0.94920986890792847
vn -0.052923008799552917 0.48972004652023315 -0.87027204036712646
vn -0.68047511577606201 0.10885201394557953 -0.72464120388031006
vn -0.2326848953962326 0.014796994626522064 -0.97243958711624146
vn -0.17904093861579895 0.18420895934104919 -0.96644264459609985
vn -0.77545005083084106 -0.052313003689050674 -0.6292380690574646
vn -0.27294400334358215 -0.1873839944601059 -0.94360417127609253
vn -0.27665817737579346 -0.10794506967067719 -0.95488643646240234
vn -0.77373480796813965 -0.093726992607116699 -0.62653785943984985
vn -0.2079089879989624 -0.31021293997764587 -0.92765390872955322
vn -0.020647991448640823 0.72070068120956421 -0.69293880462646484
vn -0.82037299871444702 0.34086602926254272 -0.45912796258926392
vn -0.60654526948928833 0.65765827894210815 -0.44675320386886597
vn -0.85494482517242432 0.12245797365903854 -0.50405693054199219
vn -0.8864859938621521 0.10787598788738251 -0.45000597834587097
vn -0.89328277111053467 0.13898895680904388 -0.42746692895889282
vn -0.78254836797714233 0.22452409565448761 -0.58069527149200439
vn -0.82460761070251465 -0.015165994875133038 -0.56550180912017822
vn -0.85915708541870117 0.095702022314071655 -0.50268304347991943
vn -0.49041706323623657 -0.089819006621837616 -0.86684697866439819
vn -0.88486844301223755 -0.029392983764410019 -0.4649127721786499
vn -0.83628356456756592 -0.070692978799343109 -0.5437207818031311
vn -0.59644079208374023 -0.19612692296504974 -0.77832680940628052
vn -0.92905324697494507 -0.0094980038702487946 -0.36982408165931702
vn -0.91619306802749634 0.020971000194549561 -0.40018805861473083
vn -0.7647748589515686 -0.29749393463134766 -0.57150393724441528
vn -0.93043816089630127 -0.0249440036714077 -0.36559900641441345
vn -0.324535071849823 -0.51451712846755981 -0.79369330406188965
vn -0.31429702043533325 -0.65036910772323608 -0.69154709577560425
vn -0.37690889835357666 -0.5996699333190918 -0.70592892169952393
vn -0.40114408731460571 -0.52448004484176636 -0.75100207328796387
vn 0.091358982026576996 -0.66039085388183594 -0.74534386396408081
vn -0.39448186755180359 -0.62053489685058594 -0.67773187160491943
vn 0.69600206613540649 -0.4426690936088562 -0.56535404920578003
vn 0.56706088781356812 -0.41841584444046021 -0.70948582887649536
vn 0.94130629301071167 -0.27959913015365601 -0.1891210526227951
vn 0.8612905740737915 -0.36245778203010559 -0.35609391331672668
vn 0.16791696846485138 -0.54815280437469482 -0.81934875249862671
vn 0.84687024354934692 -0.3906000554561615 -0.36089110374450684
vn 0.86865711212158203 -0.39726707339286804 -0.29599612951278687
vn 0.34791079163551331 -0.20778192579746246 -0.91421264410018921
vn 0.91242682933807373 -0.23815293610095978 -0.33280694484710693
vn 0.85100287199020386 -0.31364196538925171 -0.42121592164039612
vn 0.71294790506362915 -0.010198001749813557 -0.70114284753799438
vn 0.94526046514511108 -0.25316217541694641 -0.20589213073253632
vn 0.94390267133712769 -0.2379189133644104 -0.22900289297103882
vn 0.86416876316070557 -0.096630960702896118 -0.49383682012557983
vn 0.96467256546020508 -0.12885595858097076 -0.22978891432285309
vn 0.95154327154159546 -0.21879610419273376 -0.21608710289001465
vn 0.77147918939590454 0.37239807844161987 -0.51588708162307739
vn 0.98265719413757324 -0.01686600036919117 -0.18466301262378693
vn -0.10757198184728622 -0.25854098796844482 -0.95999211072921753
vn -0.26011991500854492 -0.41318982839584351 -0.87270373106002808
vn -0.21845099329948425 -0.38411295413970947 -0.89707100391387939
vn -0.31476807594299316 -0.2603650689125061 -0.91276013851165771
vn -0.35409584641456604 -0.40572375059127808 -0.84261757135391235
vn -0.16178403794765472 0.18885110318660736 -0.96858721971511841
vn -0.16059792041778564 -0.095142975449562073 -0.98242360353469849
vn -0.094300970435142517 -0.087242990732192993 -0.99171364307403564
vn 0.019182998687028885 0.13881392776966095 -0.99013268947601318
vn -0.21768695116043091 -0.069879978895187378 -0.97351384162902832
vn -0.48419708013534546 0.36060106754302979 -0.79719513654708862
vn -0.033684004098176956 0.43441203236579895 -0.90008419752120972
vn -0.28880789875984192 0.40532380342483521 -0.86735379695892334
vn 0.33691588044166565 0.30163693428039551 -0.89190965890884399
vn 0.23502384126186371 0.30306985974311829 -0.92353260517120361
vn -0.41596201062202454 0.27946397662162781 -0.86537593603134155
vn -0.073487944900989532 0.29402485489845276 -0.95296847820281982
vn -0.60508006811141968 0.21001499891281128 -0.76796603202819824
vn 0.47822418808937073 0.18488606810569763 -0.85855621099472046
vn 0.51498174667358398 0.10660196095705032 -0.85054677724838257
vn 0.19439195096492767 0.47284084558486938 -0.85943776369094849
vn 0.73807299137115479 -0.38491499423980713 0.55415588617324829
vn 0.72769266366958618 -0.043244984000921249 0.68453872203826904
vn 0.84555506706237793 -0.25125801563262939 0.47106903791427612
vn 0.84635698795318604 -0.35577991604804993 0.39635902643203735
vn 0.8378901481628418 0.025087008252739906 0.54526209831237793
vn 0.56862282752990723 -0.065357983112335205 0.81999778747558594
vn 0.67954981327056885 -0.20040394365787506 0.70572680234909058
vn 0.9964592456817627 0.056319013237953186 0.062427017837762833
vn 0.94430476427078247 0.2305418848991394 0.23481684923171997
vn 0.97098624706268311 0.11316706240177155 0.21066306531429291
vn 0.9922405481338501 -0.082268960773944855 0.093222953379154205
vn 0.96969789266586304 0.13971900939941406 -0.20041102170944214
vn 0.99778121709823608 -0.011042007245123386 0.065656013786792755
vn 0.95916521549224854 -0.1922529935836792 0.20746298134326935
vn 0.96480715274810791 -0.10784301906824112 -0.23982706665992737
vn 0.97094863653182983 -0.18678785860538483 0.14956291019916534
vn 0.94799011945724487 -0.1464339941740036 0.28261598944664001
vn 0.96074432134628296 -0.24931402504444122 -0.12170803546905518
vn 0.95692390203475952 -0.16735202074050903 0.23725502192974091
vn 0.96589154005050659 -0.25676888227462769 -0.033514987677335739
vn 0.94275909662246704 -0.10272900015115738 0.31725707650184631
vn 0.92959332466125488 -0.081555001437664032 0.35945102572441101
vn 0.96245092153549194 -0.2711499035358429 -0.012881994247436523
vn 0.96950054168701172 -0.24247285723686218 -0.035715978592634201
vn 0.85164010524749756 -0.37946203351020813 0.36154899001121521
vn 0.95668298006057739 -0.26196101307868958 -0.12702000141143799
vn 0.95143216848373413 -0.301128089427948 -0.064021021127700806
vn 0.84671425819396973 -0.41698005795478821 0.33045816421508789
vn 0.99345254898071289 -0.066652968525886536 -0.092786923050880432
vn 0.97654134035110474 -0.16884906589984894 -0.13363005220890045
vn 0.92691493034362793 0.14148098230361938 0.34757998585700989
vn 0.49068725109100342 0.039314020425081253 0.87044841051101685
vn 0.70356905460357666 0.067172005772590637 0.70744508504867554
vn 0.5424116849899292 -0.076072946190834045 0.83666151762008667
vn 0.5900571346282959 -0.036473002284765244 0.8065372109413147
vn 0.54589170217514038 0.11877195537090302 0.8293946385383606
vn 0.81930279731750488 -0.2348339706659317 0.52306395769119263
vn 0.44787883758544922 -0.58435183763504028 0.67671078443527222
vn 0.48331090807914734 -0.49125581979751587 0.72462284564971924
vn 0.52307921648025513 -0.44071418046951294 0.72949236631393433
vn 0.31670317053794861 -0.81830334663391113 0.47966524958610535
vn 0.6257319450378418 -0.35900992155075073 0.69251096248626709
vn 0.52500295639038086 -0.46803396940231323 0.71085590124130249
vn 0.56519407033920288 -0.66415208578109741 0.48934409022331238
vn 0.67217725515365601 -0.3931291401386261 0.62739717960357666
vn 0.99877029657363892 0.043727003037929535 0.023364001885056496
vn 0.46275198459625244 -0.57085394859313965 0.67822295427322388
vn 0.078273005783557892 -0.69369614124298096 0.71600210666656494
vn 0.45135191082954407 -0.57542496919631958 0.68203192949295044
vn 0.48598301410675049 -0.19309099018573761 0.85237103700637817
vn 0.069731026887893677 -0.53746318817138672 0.84039926528930664
vn 0.45508822798728943 -0.44701921939849854 0.77010941505432129
vn 0.48958608508110046 0.37564104795455933 0.78689217567443848
vn 0.12007807940244675 0.076710037887096405 0.98979634046554565
vn 0.50277519226074219 0.077543020248413086 0.86093217134475708
vn 0.32003501057624817 0.9000089168548584 0.29590800404548645
vn 0.28014001250267029 0.71136999130249023 0.64457297325134277
vn 0.40197908878326416 0.69478720426559448 0.59639209508895874
vn 0.19447311758995056 0.93280744552612305 0.30339822173118591
vn 0.094209037721157074 0.98404693603515625 0.15091805160045624
vn 0.23310983180999756 0.9590575098991394 0.16083687543869019
vn 0.29941409826278687 0.93562918901443481 0.1869470626115799
vn 0.20529305934906006 0.93728232383728027 0.28170302510261536
vn 0.20204994082450867 0.89954173564910889 0.38729897141456604
vn 0.49139219522476196 0.84687131643295288 0.20332907140254974
vn 0.5537150502204895 0.71994400024414063 0.41842600703239441
vn 0.31473517417907715 0.89834034442901611 0.30647411942481995
vn 0.36209189891815186 0.88082790374755859 0.30501094460487366
vn 0.58512783050537109 0.66025680303573608 0.47083586454391479
vn 0.51940113306045532 0.72668826580047607 0.44960716366767883
vn 0.40611797571182251 0.84688287973403931 0.34330394864082336
vn 0.71335411071777344 0.44165506958961487 0.54412013292312622
vn 0.42487785220146179 0.37992888689041138 0.82166469097137451
vn 0.51660799980163574 0.61181497573852539 0.59899801015853882
vn 0.54217088222503662 0.02450399287045002 0.83991086483001709
vn 0.17763602733612061 -0.30393901467323303 0.93598425388336182
vn 0.31134575605392456 0.042416971176862717 0.94934958219528198
vn 0.12567296624183655 -0.70327991247177124 0.69971686601638794
vn 0.0031859988812357187 -0.59050369262695313 0.80702865123748779
vn 0.5627930760383606 -0.19887499511241913 0.80231708288192749
vn 0.72936683893203735 -0.33843991160392761 0.59454387426376343
vn 0.21754409372806549 -0.86148524284362793 0.45882213115692139
vn 0.39264097809791565 -0.59711086750030518 0.6994938850402832
vn 0.81502342224121094 0.2947881817817688 0.49883538484573364
vn 0.87566471099853516 0.32018592953681946 0.3615138828754425
vn 0.71907204389572144 0.16331002116203308 0.67547410726547241
vn 0.76056152582168579 0.36741378903388977 0.53530675172805786
vn 0.87081319093704224 0.14096304774284363 0.47097113728523254
vn 0.8151436448097229 0.3258608877658844 0.47891074419021606
vn 0.64822697639465332 0.56467008590698242 0.51083207130432129
vn 0.75916880369186401 0.34339195489883423 0.55294185876846313
vn 0.68964523077011108 0.4924541711807251 0.53092217445373535
vn 0.7832179069519043 0.33288189768791199 0.52512794733047485
vn 0.85418975353240967 0.0075309984385967255 0.51990687847137451
vn 0.8432391881942749 -0.018118001520633698 0.53723311424255371
vn 0.81898695230484009 0.17404298484325409 0.54678094387054443
vn 0.78473031520843506 0.40226021409034729 0.47157719731330872
vn 0.70541214942932129 0.51289314031600952 0.48921811580657959
vn 0.88016408681869507 -0.2771260142326355 0.38537302613258362
vn 0.9593997597694397 0.14494800567626953 0.24195493757724762
vn 0.90266954898834229 -0.083830051124095917 0.42209029197692871
vn 0.27720612287521362 -0.899261474609375 0.33835715055465698
vn 0.91775971651077271 -0.30203881859779358 -0.25785589218139648
vn 0.79668128490447998 0.0089610042050480843 -0.60433322191238403
vn 0.71616291999816895 -0.69677698612213135 0.040156003087759018
vn 0.53786695003509521 -0.79298979043960571 0.28612294793128967
vn 0.17968396842479706 -0.93221968412399292 0.31413394212722778
vn 0.96095484495162964 -0.26462492346763611 0.080866962671279907
vn 0.85152047872543335 0.16227607429027557 -0.49857732653617859
vn 0.93444830179214478 -0.35224601626396179 -0.052241016179323196
vn 0.88126146793365479 0.36109378933906555 0.3049418032169342
vn 0.90465849637985229 0.39095625281333923 -0.16954709589481354
vn 0.96893608570098877 -0.012224001809954643 0.24700896441936493
vn 0.8363792896270752 0.546653151512146 -0.040497012436389923
vn 0.87631505727767944 0.44111502170562744 0.19362197816371918
vn 0.88444697856903076 -0.023728998377919197 -0.46603697538375854
vn 0.87277823686599731 -0.46072009205818176 0.16123002767562866
vn 0.88234120607376099 -0.058380022644996643 -0.46697509288787842
vn 0.90075951814651489 0.22804191708564758 -0.36963382363319397
vn 0.87525594234466553 -0.46726495027542114 0.12486197054386139
vn 0.88771277666091919 0.066962994635105133 -0.45550194382667542
vn 0.98786193132400513 -0.077196992933750153 0.13479398190975189
vn 0.89066505432128906 0.4007030725479126 -0.21483202278614044
vn 0.77217096090316772 -0.3503059446811676 0.53012996912002563
vn 0.7004278302192688 -0.53392386436462402 0.47363084554672241
vn 0.78107136487960815 -0.4225582480430603 0.45975214242935181
vn 0.69287490844726563 -0.50959873199462891 0.51013088226318359
vn 0.54583686590194702 -0.64089584350585938 0.53973573446273804
vn 0.60834395885467529 -0.60674899816513062 0.51163786649703979
vn 0.65283960103988647 -0.72766458988189697 -0.21048682928085327
vn 0.60934126377105713 -0.63921928405761719 0.46915021538734436
vn 0.84523743391036987 0.15911105275154114 0.51015418767929077
vn 0.84853476285934448 -0.18829691410064697 0.49450281262397766
vn 0.85290569067001343 -0.09740496426820755 0.512897789478302
vn 0.70632964372634888 0.66831982135772705 0.23333892226219177
vn 0.83539074659347534 0.44953295588493347 0.31629487872123718
vn 0.80614328384399414 0.40806514024734497 0.42850416898727417
vn 0.44467779994010925 0.88884961605072021 -0.11048994213342667
vn 0.54701876640319824 0.75963079929351807 -0.35175496339797974
vn 0.57588815689086914 0.81587725877761841 0.051934011280536652
vn 0.45308023691177368 0.61965328454971313 -0.64089632034301758
vn 0.44022595882415771 0.88598287105560303 -0.14572396874427795
vn 0.019388994202017784 -0.31950089335441589 -0.94738757610321045
vn 0.17528295516967773 0.19552096724510193 -0.96490800380706787
vn 0.36170506477355957 0.036389000713825226 -0.93158215284347534
vn -0.068470992147922516 0.17882998287677765 -0.98149454593658447
vn 0.65393882989883423 0.7004048228263855 -0.28600192070007324
vn 0.30641090869903564 0.56106579303741455 -0.76897174119949341
vn 0.9503442645072937 -0.11738403141498566 0.28821307420730591
vn 0.84077417850494385 -0.53217113018035889 0.099462009966373444
vn 0.86183995008468628 -0.31873399019241333 0.39451301097869873
vn 0.73906266689300537 -0.15895693004131317 -0.6546136736869812
vn 0.9543377161026001 0.28298592567443848 0.095700003206729889
vn 0.28802916407585144 -0.45546823740005493 -0.84237039089202881
vn -0.007827000692486763 -0.31463602185249329 -0.94918012619018555
vn 0.41804295778274536 -0.74403882026672363 -0.52119696140289307
vn -0.42143487930297852 -0.18371596932411194 -0.88805466890335083
vn -0.12193800508975983 -0.23513704538345337 -0.96428298950195313
vn -0.05228298157453537 -0.2244429737329483 -0.97308367490768433
vn -0.62819832563400269 -0.77378129959106445 -0.081421039998531342
vn 0.54404723644256592 -0.80310624837875366 -0.24296703934669495
vn -0.24939802289009094 -0.92675024271011353 -0.28095307946205139
vn -0.56485915184020996 -0.22419705986976624 0.79414725303649902
vn -0.69555413722991943 -0.63875412940979004 0.32893401384353638
vn 0.83858805894851685 -0.13484199345111847 0.52781403064727783
vn 0.28433200716972351 0.0082750022411346436 0.95869016647338867
vn 0.92040348052978516 -0.3840918242931366 0.073012970387935638
vn 0.23119993507862091 -0.68226683139801025 0.69358384609222412
vn 0.21830703318119049 -0.47401314973831177 0.85302609205245972
vn 0.13449794054031372 -0.68436574935913086 0.71662670373916626
vn 0.18969106674194336 -0.77826029062271118 0.59860521554946899
vn 0.17286708950996399 -0.70012718439102173 0.69277620315551758
vn -0.29236489534378052 -0.92333078384399414 0.24896393716335297
vn -0.072362028062343597 -0.94761532545089722 0.31110918521881104
vn -0.09835699200630188 -0.98037135601043701 0.1708739697933197
vn -0.23612788319587708 -0.94763666391372681 0.21500793099403381
vn 0.036373987793922424 -0.96302676200866699 0.26693889498710632
vn 0.014095005579292774 -0.98795437812805176 0.15410205721855164
vn -0.012693998403847218 -0.9882206916809082 0.15250799059867859
vn 0.069108009338378906 -0.95483022928237915 0.28900405764579773
vn 0.29752600193023682 -0.93940204381942749 0.17030000686645508
vn 0.095882974565029144 -0.9864577054977417 0.13307000696659088
vn 0.41213303804397583 -0.76901310682296753 0.48863604664802551
vn 0.61062091588973999 -0.69329196214675903 0.38273796439170837
vn 0.46278774738311768 -0.84782558679580688 0.2588808536529541
vn 0.52952295541763306 0.19631196558475494 0.82526785135269165
vn 0.46253415942192078 0.80682611465454102 0.36755108833312988
vn 0.84024322032928467 -0.074073024094104767 0.53712618350982666
vn 0.071382984519004822 0.89719092845916748 0.43583589792251587
vn 0.030095001682639122 0.98131519556045532 0.19003899395465851
vn 0.1176840141415596 0.97303515672683716 0.19837601482868195
vn 0.1326269656419754 0.9661371111869812 0.22133497893810272
vn 0.16514094173908234 0.95498961210250854 0.24642094969749451
vn 0.039343975484371185 0.97844958305358887 0.20270290970802307
vn 0.28107088804244995 0.95351570844650269 0.10865993797779083
vn 0.1953740268945694 0.92686110734939575 0.32055807113647461
vn 0.2499200850725174 0.92902934551239014 0.272845059633255
vn 0.065418042242527008 0.98349243402481079 0.16871009767055511
vn 0.038038991391658783 0.96274477243423462 0.26772290468215942
vn 0.098318919539451599 0.93578040599822998 0.33859774470329285
vn -0.0091500049456954002 0.98800849914550781 0.15412808954715729
vn -0.095052987337112427 0.98313558101654053 0.15623496472835541
vn -0.019979996606707573 0.98498082160949707 0.17150393128395081
vn -0.013002005405724049 0.89998829364776611 0.43572011590003967
vn -0.20671787858009338 0.91701167821884155 0.34111180901527405
vn -0.15861602127552032 0.96070992946624756 0.22776603698730469
vn -0.05446198582649231 0.72132259607315063 0.69045460224151611
vn -0.22486107051372528 0.78538531064987183 0.57672125101089478
vn -0.23387502133846283 0.86308121681213379 0.44765311479568481
vn -0.33288607001304626 0.070924006402492523 0.94029605388641357
vn -0.090719036757946014 -0.49326518177986145 0.8651355504989624
vn -0.32475495338439941 -0.73878383636474609 0.59053587913513184
vn -0.30479982495307922 -0.60062867403030396 0.73914968967437744
vn -0.16584992408752441 -0.77448779344558716 0.61046087741851807
vn -0.34121793508529663 -0.85888385772705078 0.38195398449897766
vn -0.34362909197807312 -0.79753220081329346 0.49584418535232544
vn -0.13738895952701569 -0.91027373075485229 0.39054581522941589
vn -0.32712888717651367 -0.89680856466293335 0.29786086082458496
vn 0.017428001388907433 -0.99955308437347412 -0.024288004264235497
vn 0.033671002835035324 -0.99582535028457642 -0.084842018783092499
vn 0.039017017930746078 -0.99489319324493408 -0.093087039887905121
vn -0.036893017590045929 -0.99886327981948853 0.030183013528585434
vn -0.046936985105276108 -0.99846762418746948 -0.029313992708921432
vn -0.016335995867848396 -0.9996228814125061 0.02207300066947937
vn -0.024936987087130547 -0.99586457014083862 0.087360955774784088
vn -0.080774948000907898 -0.99650365114212036 0.02135198749601841
vn -0.035735007375478745 -0.99791091680526733 0.05382201075553894
vn 0.010696998797357082 -0.99053114652633667 0.13687099516391754
vn -0.093810990452766418 -0.99360185861587524 0.062887988984584808
vn 0.005655996035784483 -0.99331754446029663 0.11527492105960846
vn -0.97622698545455933 0.15249599516391754 0.15403199195861816
vn -0.40973788499832153 -0.90520679950714111 0.11276298016309738
vn -0.26845791935920715 -0.9474785327911377 0.17382393777370453
vn -0.070444971323013306 0.99552291631698608 -0.063020966947078705
vn -0.0055419947020709515 0.99924063682556152 0.038567967712879181
vn -0.045410972088575363 0.99590277671813965 0.078201942145824432
vn -0.03631201758980751 0.99072939157485962 -0.13090704381465912
vn 0.080283969640731812 0.99641108512878418 0.026822991669178009
vn 0.038366004824638367 0.99894678592681885 0.025166001170873642
vn -0.016012996435165405 0.99143862724304199 -0.12958793342113495
vn 0.11608700454235077 0.99322795867919922 0.0046900007873773575
vn 0.11502102017402649 0.99289333820343018 0.030545005574822426
vn -0.072153963148593903 0.98916256427764893 -0.12787194550037384
vn -0.05737696960568428 0.99715960025787354 -0.048791982233524323
vn 0.038114011287689209 0.99910604953765869 -0.018287003040313721
vn -0.25187703967094421 0.95500802993774414 -0.15658105909824371
vn -0.19314201176166534 0.97873938083648682 -0.069032013416290283
vn -0.099401988089084625 -0.95939022302627563 -0.26398804783821106
vn -0.15925900638103485 -0.59264910221099854 -0.78955912590026855
vn -0.02987898513674736 -0.95689660310745239 -0.28888782858848572
vn -0.22382797300815582 -0.94722485542297363 -0.2294909656047821
vn -0.3504830002784729 -0.5599779486656189 -0.75072389841079712
vn -0.14823994040489197 -0.95712965726852417 -0.24885286390781403
vn -0.30795422196388245 -0.94408339262008667 -0.11777406930923462
vn -0.65194398164749146 -0.49217495322227478 -0.57683002948760986
vn -0.28396892547607422 -0.94292372465133667 -0.17394393682479858
vn -0.30886495113372803 -0.95108598470687866 -0.0061530000530183315
vn -0.76056313514709473 -0.50192207098007202 -0.41184702515602112
vn -0.31015908718109131 -0.94836419820785522 -0.066382996737957001
vn -0.98532778024673462 0.14014594256877899 -0.09740796685218811
vn -0.75677984952926636 -0.62140405178070068 -0.20283298194408417
vn -0.5270112156867981 -0.84943938255310059 0.026681018993258476
vn -0.13735900819301605 0.77823299169540405 -0.61276900768280029
vn -0.072335004806518555 0.97072732448577881 -0.22903302311897278
vn -0.061214983463287354 0.97963863611221313 -0.19120897352695465
vn -0.24057811498641968 0.7497103214263916 -0.61648732423782349
vn -0.10408206284046173 0.95659244060516357 -0.27220910787582397
vn -0.081354007124900818 0.9641340970993042 -0.25264003872871399
vn -0.4162060022354126 0.73199301958084106 -0.5394059419631958
vn -0.16379198431968689 0.9539799690246582 -0.25118598341941833
vn -0.13660600781440735 0.95342499017715454 -0.26892301440238953
vn -0.48953691124916077 0.77080589532852173 -0.40769091248512268
vn -0.19956287741661072 0.95653355121612549 -0.21264584362506866
vn -0.193572998046875 0.95357275009155273 -0.23071299493312836
vn -0.54007971286773682 0.77460557222366333 -0.32908982038497925
vn -0.33021214604377747 0.92690736055374146 -0.17833305895328522
vn -0.24922595918178558 0.48530790209770203 -0.83807080984115601
vn -0.13930095732212067 0.5282207727432251 -0.83760255575180054
vn -0.18324688076972961 0.2884809672832489 -0.93978685140609741
vn -0.15879401564598083 0.48476502299308777 -0.86010891199111938
vn -0.49584305286407471 0.43572810292243958 -0.75118619203567505
vn -0.3198968768119812 0.51232600212097168 -0.79698687791824341
vn -0.37057092785835266 0.29870399832725525 -0.87946182489395142
vn -0.34201201796531677 0.4752349853515625 -0.81066608428955078
vn -0.68400067090988159 0.38837778568267822 -0.61749964952468872
vn -0.63326090574264526 0.41588696837425232 -0.65270102024078369
vn -0.69090616703033447 0.26726111769676208 -0.67172920703887939
vn -0.65677618980407715 0.38776010274887085 -0.64675122499465942
vn -0.61501103639602661 0.38400211930274963 -0.68869715929031372
vn -0.61344492435455322 0.44207805395126343 -0.65440988540649414
vn -0.73411017656326294 0.30049911141395569 -0.60891914367675781
vn -0.63690423965454102 0.4218500554561615 -0.6452871561050415
vn -0.77157509326934814 0.17116501927375793 -0.61267805099487305
vn -0.57451468706130981 0.35358282923698425 -0.73818159103393555
vn -0.76309728622436523 0.1419670581817627 -0.63049817085266113
vn -0.68840581178665161 0.2532418966293335 -0.67968076467514038
vn -0.23653194308280945 -0.18927398324012756 -0.9530099630355835
vn -0.33752894401550293 -0.096206992864608765 -0.93638581037521362
vn -0.19952404499053955 0.11559302359819412 -0.97305107116699219
vn -0.21210089325904846 -0.12363292276859283 -0.96939575672149658
vn -0.4708370566368103 -0.083759032189846039 -0.8782351016998291
vn -0.54296606779098511 0.0035560003016144037 -0.83974707126617432
vn -0.40200820565223694 0.15110708773136139 -0.90308141708374023
vn -0.44084995985031128 -0.041928987950086594 -0.89660096168518066
vn -0.69454985857009888 -0.024832993745803833 -0.71901589632034302
vn -0.75844109058380127 0.024094002321362495 -0.65129607915878296
vn -0.66537678241729736 0.16465392708778381 -0.72812283039093018
vn -0.67122715711593628 0.013601000420749187 -0.74112695455551147
vn -0.7401549220085144 -0.051361981779336929 -0.67047196626663208
vn -0.72603559494018555 0.027057977393269539 -0.68712460994720459
vn -0.7736782431602478 0.15102306008338928 -0.61531621217727661
vn -0.75751173496246338 0.0045399991795420647 -0.65280580520629883
vn -0.7578665018081665 0.11385791748762131 -0.64239764213562012
vn -0.73657256364822388 0.23088391125202179 -0.63573068380355835
vn -0.7422339916229248 0.11778299510478973 -0.65970891714096069
vn -0.27964293956756592 0.40672904253005981 -0.86969608068466187
vn -0.18953803181648254 0.42184707522392273 -0.88663429021835327
vn -0.47561922669410706 0.39483615756034851 -0.78606027364730835
vn -0.35546800494194031 0.39892497658729553 -0.84528183937072754
vn -0.70917487144470215 0.39510691165924072 -0.58391904830932617
vn -0.61441522836685181 0.38561215996742249 -0.68832927942276001
vn -0.69257920980453491 0.45906615257263184 -0.55641019344329834
vn -0.72519826889038086 0.42010414600372314 -0.54552721977233887
vn -0.88897866010665894 0.10009895265102386 -0.44687488675117493
vn -0.71676439046859741 0.46518522500991821 -0.51947236061096191
vn -0.80345284938812256 -0.0049429996870458126 -0.59534788131713867
vn -0.84029704332351685 -0.085202991962432861 -0.5353890061378479
vn -0.80471110343933105 0.083274014294147491 -0.58779710531234741
vn -0.82132774591445923 0.0965079665184021 -0.56223386526107788
vn -0.54934608936309814 0.030472999438643456 -0.83503907918930054
vn -0.72238242626190186 0.060028042644262314 -0.68888336420059204
vn -0.30604082345962524 -0.01717698760330677 -0.95186340808868408
vn -0.39703184366226196 0.0043479981832206249 -0.91779452562332153
vn -0.20171797275543213 -0.036346990615129471 -0.97876900434494019
vn -0.064705982804298401 -0.42099988460540771 0.90474981069564819
vn -0.075143001973628998 -0.62996590137481689 0.77297896146774292
vn -0.19003601372241974 -0.51662206649780273 0.83485805988311768
vn 0.42687693238258362 -0.46318593621253967 0.77668195962905884
vn 0.16269202530384064 -0.63179910182952881 0.75786620378494263
vn 0.79297083616256714 0.11252699047327042 0.59877783060073853
vn 0.67081224918365479 -0.18122905492782593 0.71914321184158325
vn 0.48922482132911682 0.67293864488601685 0.55480867624282837
vn 0.7337070107460022 0.44103896617889404 0.51687389612197876
vn 0.29839503765106201 0.53608709573745728 0.78966516256332397
vn 0.32699406147003174 0.6405290961265564 0.69483619928359985
vn 0.33093991875648499 0.42111289501190186 0.84447777271270752
vn 0.31360003352165222 0.46080902218818665 0.83024698495864868
vn 0.32851305603981018 0.36292412877082825 0.87198925018310547
vn 0.32743889093399048 0.39398986101150513 0.8588106632232666
vn 0.44207006692886353 0.30699104070663452 0.84281110763549805
vn 0.36823096871376038 0.33153793215751648 0.86861300468444824
vn 0.56239795684814453 0.3630828857421875 0.74288582801818848
vn 0.51904910802841187 0.29863902926445007 0.80087625980377197
vn 0.5899619460105896 0.49621900916099548 0.63695496320724487
vn 0.6081814169883728 0.41592729091644287 0.67610639333724976
vn 0.61401534080505371 -0.18718311190605164 0.76677745580673218
vn 0.58187294006347656 0.30434992909431458 0.7541850209236145
vn 0.69651901721954346 -0.48570391535758972 0.5281599760055542
vn 0.64837294816970825 -0.44628095626831055 0.61680293083190918
vn 0.72999793291091919 -0.47673103213310242 0.48972496390342712
vn 0.72483593225479126 -0.48361694812774658 0.49063989520072937
vn 0.63006377220153809 -0.39954280853271484 0.66587173938751221
vn 0.70227086544036865 -0.44319385290145874 0.55713087320327759
vn 0.37493005394935608 -0.37322708964347839 0.84860414266586304
vn 0.51806014776229858 -0.37339204549789429 0.76954019069671631
vn 0.18809805810451508 -0.3888031542301178 0.90191531181335449
vn 0.026281995698809624 0.66525000333786011 0.7461579442024231
vn 0.58902478218078613 0.37314781546592712 0.71680575609207153
vn -0.047077007591724396 0.44683700799942017 0.89337587356567383
vn -0.22860299050807953 0.67384207248687744 0.7026219367980957
vn 0.14880804717540741 -0.85081630945205688 0.50395214557647705
vn 0.13190899789333344 -0.86973106861114502 0.47557112574577332
vn 0.14220601320266724 -0.86242383718490601 0.48580098152160645
vn 0.07457597553730011 -0.81189274787902832 0.57902383804321289
vn 0.011763001792132854 -0.87247788906097412 0.48851197957992554
vn 0.0836009681224823 -0.87491774559020996 0.477000892162323
vn 0.073138982057571411 -0.69522976875305176 0.71505683660507202
vn 0.16603192687034607 -0.73219078779220581 0.66055285930633545
vn 0.016272004693746567 -0.84545403718948364 0.53380018472671509
vn 0.20404109358787537 -0.20727209746837616 0.95676827430725098
vn 0.25665909051895142 -0.15989407896995544 0.95318412780761719
vn 0.27707487344741821 -0.52949762344360352 0.80178660154342651
vn 0.15811498463153839 0.20426496863365173 0.96606183052062988
vn 0.082265026867389679 0.61809223890304565 0.78178924322128296
vn 0.15225091576576233 0.34502583742141724 0.92616242170333862
vn 0.2908579409122467 0.48624297976493835 0.82399600744247437
vn 0.19360503554344177 0.72559505701065063 0.6603248119354248
vn 0.12537206709384918 0.67985928058624268 0.72254633903503418
vn 0.34716108441352844 0.60709613561630249 0.71478211879730225
vn 0.28198090195655823 0.86706745624542236 0.41070765256881714
vn 0.24949395656585693 0.82241362333297729 0.51126176118850708
vn 0.27522701025009155 0.72432589530944824 0.6321408748626709
vn 0.18985109031200409 0.91668117046356201 0.35164213180541992
vn 0.24713201820850372 0.89290726184844971 0.37635406851768494
vn 0.21756002306938171 0.74835813045501709 0.62660014629364014
vn 0.12419398128986359 0.94141072034835815 0.31356289982795715
vn 0.13946501910686493 0.93573123216629028 0.32397004961967468
vn 0.2907741367816925 0.62962514162063599 0.72043222188949585
vn 0.19233205914497375 0.82123488187789917 0.53719794750213623
vn 0.15168695151805878 0.91581177711486816 0.37185999751091003
vn 0.35916396975517273 0.15249800682067871 0.92073100805282593
vn 0.21770511567592621 0.49910318851470947 0.83874934911727905
vn 0.21667402982711792 0.66420900821685791 0.71545702219009399
vn 0.35787397623062134 0.020543994382023811 0.933543860912323
vn 0.20173798501491547 0.29956299066543579 0.93250405788421631
vn 0.20785993337631226 0.3853549063205719 0.89905273914337158
vn 0.36551105976104736 -0.25944206118583679 0.89391916990280151
vn 0.24579599499702454 -0.2547680139541626 0.93524199724197388
vn 0.22331206500530243 0.0013960003852844238 0.9747459888458252
vn 0.38963407278060913 -0.45859715342521667 0.79867011308670044
vn 0.21408095955848694 -0.5747230052947998 0.78984987735748291
vn 0.23123006522655487 -0.43662706017494202 0.86941903829574585
vn 0.37593016028404236 -0.63380920886993408 0.67598998546600342
vn 0.21056807041168213 -0.80101925134658813 0.560383141040802
vn 0.21741501986980438 -0.73208391666412354 0.6455879807472229
vn 0.24954499304294586 -0.72762411832809448 0.63897609710693359
vn 0.1735890656709671 -0.83352142572402954 0.52450817823410034
vn 0.27809593081474304 -0.22446289658546448 0.93395882844924927
vn 0.2574889063835144 -0.40038284659385681 0.87942767143249512
vn 0.11192400008440018 -0.65705680847167969 0.74548596143722534
vn 0.17427504062652588 -0.57192122936248779 0.80158239603042603
vn 0.18015992641448975 -0.34590482711791992 0.92081063985824585
vn 0.10488597303628922 -0.68800574541091919 0.7180856466293335
vn 0.3598250150680542 0.087709009647369385 0.92888808250427246
vn 0.29853194952011108 -0.15067498385906219 0.94243073463439941
vn 0.38548192381858826 -0.43800699710845947 0.81212902069091797
vn 0.32443708181381226 -0.59367817640304565 0.7364012598991394
vn 0.39197498559951782 -0.54730093479156494 0.7394709587097168
vn 0.36231693625450134 0.27560696005821228 0.89037477970123291
vn 0.38203802704811096 0.33852311968803406 0.8599122166633606
vn 0.26198515295982361 0.29949319362640381 0.91742444038391113
vn 0.31915006041526794 0.28340005874633789 0.90433824062347412
vn 0.29501211643218994 0.30574005842208862 0.90525734424591064
vn 0.23849387466907501 0.27527385950088501 0.93131357431411743
vn 0.29752492904663086 -0.17414197325706482 0.93869775533676147
vn 0.31858512759208679 0.063687019050121307 0.94575232267379761
vn 0.3628031313419342 -0.25424304604530334 0.89651232957839966
vn 0.38098299503326416 -0.30512300133705139 0.87278401851654053
vn 0.27087309956550598 -0.49789416790008545 0.82385021448135376
vn 0.26306983828544617 -0.62428373098373413 0.73557060956954956
vn 0.33520099520683289 -0.20430494844913483 0.91972810029983521
vn -0.063657969236373901 0.21158784627914429 -0.97528368234634399
vn -0.059644002467393875 0.1642250269651413 -0.98461806774139404
vn -0.041018005460500717 0.1992880254983902 -0.97908210754394531
vn 0.82586604356765747 0.08848002552986145 -0.55688107013702393
vn 0.71738189458847046 0.13130797445774078 -0.68419402837753296
vn 0.78367859125137329 0.078669942915439606 -0.6161646842956543
vn 0.78090184926986694 0.10726699233055115 -0.61537474393844604
vn 0.51725506782531738 0.19301900267601013 -0.83378106355667114
vn 0.28288811445236206 0.24191407859325409 -0.92814433574676514
vn 0.42246103286743164 0.18228994309902191 -0.88786095380783081
vn 0.40183207392692566 0.22071501612663269 -0.88871586322784424
vn 0.033045001327991486 0.24556398391723633 -0.96881699562072754
vn 0.17172302305698395 0.21940505504608154 -0.96040230989456177
vn 0.15282602608203888 0.25095707178115845 -0.95585811138153076
vn 0.86672008037567139 0.033774007111787796 -0.49765008687973022
vn 0.86233872175216675 0.067071966826915741 -0.501869797706604
vn 0.64329129457473755 0.12536907196044922 -0.7552872896194458
vn 0.62787491083145142 0.16180798411369324 -0.76130890846252441
vn -0.05174601823091507 0.20157007873058319 -0.97810626029968262
vn -0.043209005147218704 0.22949296236038208 -0.97235071659088135
f 1308//1308 1//1 1311//1311 1312//1312
f 2//2 1308//1308 1312//1312 1309//1309
f 1309//1309 1312//1312 1310//1310 3//3
f 1312//1312 1311//1311 4//4 1310//1310
f 1313//1313 3//3 1310//1310 1316//1316
f 5//5 1313//1313 1316//1316 1314//1314
f 1314//1314 1316//1316 1315//1315 6//6
f 1316//1316 1310//1310 4//4 1315//1315
f 1317//1317 5//5 1314//1314 1320//1320
f 7//7 1317//1317 1320//1320 1318//1318
f 1318//1318 1320//1320 1319//1319 8//8
f 1320//1320 1314//1314 6//6 1319//1319
f 1321//1321 2//2 1309//1309 1324//1324
f 9//9 1321//1321 1324//1324 1322//1322
f 1322//1322 1324//1324 1323//1323 10//10
f 1324//1324 1309//1309 3//3 1323//1323
f 1323//1323 3//3 1313//1313 1327//1327
f 10//10 1323//1323 1327//1327 1325//1325
f 1325//1325 1327//1327 1326//1326 11//11
f 1327//1327 1313//1313 5//5 1326//1326
f 1326//1326 5//5 1317//1317 1330//1330
f 11//11 1326//1326 1330//1330 1328//1328
f 1328//1328 1330//1330 1329//1329 12//12
f 1330//1330 1317//1317 7//7 1329//1329
f 1331//1331 11//11 1328//1328 1334//1334
f 13//13 1331//1331 1334//1334 1332//1332
f 1332//1332 1334//1334 1333//1333 14//14
f 1334//1334 1328//1328 12//12 1333//1333
f 1335//1335 11//11 1331//1331 1338//1338
f 16//16 1335//1335 1338//1338 1336//1336
f 1336//1336 1338//1338 1337//1337 15//15
f 1338//1338 1331//1331 13//13 1337//1337
f 1325//1325 11//11 1335//1335 1341//1341
f 10//10 1325//1325 1341//1341 1339//1339
f 1339//1339 1341//1341 1340//1340 17//17
f 1341//1341 1335//1335 16//16 1340//1340
f 1322//1322 10//10 1339//1339 1344//1344
f 9//9 1322//1322 1344//1344 1342//1342
f 1342//1342 1344//1344 1343//1343 18//18
f 1344//1344 1339//1339 17//17 1343//1343
f 1345//1345 18//18 1343//1343 1348//1348
f 20//20 1345//1345 1348//1348 1346//1346
f 1346//1346 1348//1348 1347//1347 19//19
f 1348//1348 1343//1343 17//17 1347//1347
f 1347//1347 17//17 1340//1340 1351//1351
f 19//19 1347//1347 1351//1351 1349//1349
f 1349//1349 1351//1351 1350//1350 21//21
f 1351//1351 1340//1340 16//16 1350//1350
f 1350//1350 16//16 1336//1336 1354//1354
f 21//21 1350//1350 1354//1354 1352//1352
f 1352//1352 1354//1354 1353//1353 22//22
f 1354//1354 1336//1336 15//15 1353//1353
f 1355//1355 23//23 1358//1358 1359//1359
f 26//26 1355//1355 1359//1359 1356//1356
f 1356//1356 1359//1359 1357//1357 25//25
f 1359//1359 1358//1358 24//24 1357//1357
f 1357//1357 24//24 1362//1362 1363//1363
f 25//25 1357//1357 1363//1363 1360//1360
f 1360//1360 1363//1363 1361//1361 28//28
f 1363//1363 1362//1362 27//27 1361//1361
f 1361//1361 27//27 1366//1366 1367//1367
f 28//28 1361//1361 1367//1367 1364//1364
f 1364//1364 1367//1367 1365//1365 30//30
f 1367//1367 1366//1366 29//29 1365//1365
f 1365//1365 29//29 1370//1370 1371//1371
f 30//30 1365//1365 1371//1371 1368//1368
f 1368//1368 1371//1371 1369//1369 32//32
f 1371//1371 1370//1370 31//31 1369//1369
f 1369//1369 31//31 1374//1374 1375//1375
f 32//32 1369//1369 1375//1375 1372//1372
f 1372//1372 1375//1375 1373//1373 34//34
f 1375//1375 1374//1374 33//33 1373//1373
f 1376//1376 34//34 1373//1373 1378//1378
f 19//19 1376//1376 1378//1378 1346//1346
f 1346//1346 1378//1378 1377//1377 20//20
f 1378//1378 1373//1373 33//33 1377//1377
f 1376//1376 19//19 1349//1349 1381//1381
f 34//34 1376//1376 1381//1381 1379//1379
f 1379//1379 1381//1381 1380//1380 35//35
f 1381//1381 1349//1349 21//21 1380//1380
f 1380//1380 21//21 1352//1352 1384//1384
f 35//35 1380//1380 1384//1384 1382//1382
f 1382//1382 1384//1384 1383//1383 36//36
f 1384//1384 1352//1352 22//22 1383//1383
f 1372//1372 34//34 1379//1379 1387//1387
f 32//32 1372//1372 1387//1387 1385//1385
f 1385//1385 1387//1387 1386//1386 37//37
f 1387//1387 1379//1379 35//35 1386//1386
f 1386//1386 35//35 1382//1382 1390//1390
f 37//37 1386//1386 1390//1390 1388//1388
f 1388//1388 1390//1390 1389//1389 38//38
f 1390//1390 1382//1382 36//36 1389//1389
f 1389//1389 36//36 1393//1393 1394//1394
f 38//38 1389//1389 1394//1394 1391//1391
f 1391//1391 1394//1394 1392//1392 40//40
f 1394//1394 1393//1393 39//39 1392//1392
f 1393//1393 36//36 1383//1383 1397//1397
f 39//39 1393//1393 1397//1397 1395//1395
f 1395//1395 1397//1397 1396//1396 41//41
f 1397//1397 1383//1383 22//22 1396//1396
f 1396//1396 22//22 1353//1353 1400//1400
f 41//41 1396//1396 1400//1400 1398//1398
f 1398//1398 1400//1400 1399//1399 42//42
f 1400//1400 1353//1353 15//15 1399//1399
f 1399//1399 15//15 1337//1337 1403//1403
f 42//42 1399//1399 1403//1403 1401//1401
f 1401//1401 1403//1403 1402//1402 43//43
f 1403//1403 1337//1337 13//13 1402//1402
f 1402//1402 13//13 1332//1332 1406//1406
f 43//43 1402//1402 1406//1406 1404//1404
f 1404//1404 1406//1406 1405//1405 44//44
f 1406//1406 1332//1332 14//14 1405//1405
f 1407//1407 26//26 1356//1356 1410//1410
f 46//46 1407//1407 1410//1410 1408//1408
f 1408//1408 1410//1410 1409//1409 45//45
f 1410//1410 1356//1356 25//25 1409//1409
f 1409//1409 25//25 1360//1360 1413//1413
f 45//45 1409//1409 1413//1413 1411//1411
f 1411//1411 1413//1413 1412//1412 47//47
f 1413//1413 1360//1360 28//28 1412//1412
f 1412//1412 28//28 1364//1364 1416//1416
f 47//47 1412//1412 1416//1416 1414//1414
f 1414//1414 1416//1416 1415//1415 48//48
f 1416//1416 1364//1364 30//30 1415//1415
f 1415//1415 30//30 1368//1368 1418//1418
f 48//48 1415//1415 1418//1418 1417//1417
f 1417//1417 1418//1418 1385//1385 37//37
f 1418//1418 1368//1368 32//32 1385//1385
f 1419//1419 48//48 1417//1417 1421//1421
f 49//49 1419//1419 1421//1421 1420//1420
f 1420//1420 1421//1421 1388//1388 38//38
f 1421//1421 1417//1417 37//37 1388//1388
f 1422//1422 49//49 1420//1420 1424//1424
f 50//50 1422//1422 1424//1424 1423//1423
f 1423//1423 1424//1424 1391//1391 40//40
f 1424//1424 1420//1420 38//38 1391//1391
f 1422//1422 50//50 1427//1427 1428//1428
f 49//49 1422//1422 1428//1428 1425//1425
f 1425//1425 1428//1428 1426//1426 51//51
f 1428//1428 1427//1427 52//52 1426//1426
f 1419//1419 49//49 1425//1425 1430//1430
f 48//48 1419//1419 1430//1430 1414//1414
f 1414//1414 1430//1430 1429//1429 47//47
f 1430//1430 1425//1425 51//51 1429//1429
f 1429//1429 51//51 1432//1432 1433//1433
f 47//47 1429//1429 1433//1433 1411//1411
f 1411//1411 1433//1433 1431//1431 45//45
f 1433//1433 1432//1432 53//53 1431//1431
f 1431//1431 53//53 1435//1435 1436//1436
f 45//45 1431//1431 1436//1436 1408//1408
f 1408//1408 1436//1436 1434//1434 46//46
f 1436//1436 1435//1435 54//54 1434//1434
f 1437//1437 54//54 1435//1435 1440//1440
f 56//56 1437//1437 1440//1440 1438//1438
f 1438//1438 1440//1440 1439//1439 55//55
f 1440//1440 1435//1435 53//53 1439//1439
f 1441//1441 55//55 1439//1439 1442//1442
f 52//52 1441//1441 1442//1442 1426//1426
f 1426//1426 1442//1442 1432//1432 51//51
f 1442//1442 1439//1439 53//53 1432//1432
f 1443//1443 56//56 1438//1438 1446//1446
f 58//58 1443//1443 1446//1446 1444//1444
f 1444//1444 1446//1446 1445//1445 57//57
f 1446//1446 1438//1438 55//55 1445//1445
f 1445//1445 55//55 1441//1441 1449//1449
f 57//57 1445//1445 1449//1449 1447//1447
f 1447//1447 1449//1449 1448//1448 59//59
f 1449//1449 1441//1441 52//52 1448//1448
f 1450//1450 59//59 1448//1448 1452//1452
f 60//60 1450//1450 1452//1452 1451//1451
f 1451//1451 1452//1452 1427//1427 50//50
f 1452//1452 1448//1448 52//52 1427//1427
f 1451//1451 50//50 1423//1423 1455//1455
f 60//60 1451//1451 1455//1455 1453//1453
f 1453//1453 1455//1455 1454//1454 61//61
f 1455//1455 1423//1423 40//40 1454//1454
f 1450//1450 60//60 1458//1458 1459//1459
f 59//59 1450//1450 1459//1459 1456//1456
f 1456//1456 1459//1459 1457//1457 62//62
f 1459//1459 1458//1458 63//63 1457//1457
f 1457//1457 63//63 1462//1462 1463//1463
f 62//62 1457//1457 1463//1463 1460//1460
f 1460//1460 1463//1463 1461//1461 64//64
f 1463//1463 1462//1462 65//65 1461//1461
f 1461//1461 65//65 1466//1466 1467//1467
f 64//64 1461//1461 1467//1467 1464//1464
f 1464//1464 1467//1467 1465//1465 66//66
f 1467//1467 1466//1466 67//67 1465//1465
f 1465//1465 67//67 1470//1470 1471//1471
f 66//66 1465//1465 1471//1471 1468//1468
f 1468//1468 1471//1471 1469//1469 68//68
f 1471//1471 1470//1470 69//69 1469//1469
f 1469//1469 69//69 1474//1474 1475//1475
f 68//68 1469//1469 1475//1475 1472//1472
f 1472//1472 1475//1475 1473//1473 660//660
f 1475//1475 1474//1474 661//661 1473//1473
f 1476//1476 68//68 1472//1472 1479//1479
f 70//70 1476//1476 1479//1479 1477//1477
f 1477//1477 1479//1479 1478//1478 662//662
f 1479//1479 1472//1472 660//660 1478//1478
f 1480//1480 70//70 1477//1477 1483//1483
f 71//71 1480//1480 1483//1483 1481//1481
f 1481//1481 1483//1483 1482//1482 663//663
f 1483//1483 1477//1477 662//662 1482//1482
f 1468//1468 68//68 1476//1476 1486//1486
f 66//66 1468//1468 1486//1486 1484//1484
f 1484//1484 1486//1486 1485//1485 72//72
f 1486//1486 1476//1476 70//70 1485//1485
f 1464//1464 66//66 1484//1484 1489//1489
f 64//64 1464//1464 1489//1489 1487//1487
f 1487//1487 1489//1489 1488//1488 73//73
f 1489//1489 1484//1484 72//72 1488//1488
f 1460//1460 64//64 1487//1487 1492//1492
f 62//62 1460//1460 1492//1492 1490//1490
f 1490//1490 1492//1492 1491//1491 74//74
f 1492//1492 1487//1487 73//73 1491//1491
f 1456//1456 62//62 1490//1490 1494//1494
f 59//59 1456//1456 1494//1494 1447//1447
f 1447//1447 1494//1494 1493//1493 57//57
f 1494//1494 1490//1490 74//74 1493//1493
f 1493//1493 74//74 1496//1496 1497//1497
f 57//57 1493//1493 1497//1497 1444//1444
f 1444//1444 1497//1497 1495//1495 58//58
f 1497//1497 1496//1496 75//75 1495//1495
f 1496//1496 74//74 1491//1491 1500//1500
f 75//75 1496//1496 1500//1500 1498//1498
f 1498//1498 1500//1500 1499//1499 76//76
f 1500//1500 1491//1491 73//73 1499//1499
f 1499//1499 73//73 1488//1488 1503//1503
f 76//76 1499//1499 1503//1503 1501//1501
f 1501//1501 1503//1503 1502//1502 77//77
f 1503//1503 1488//1488 72//72 1502//1502
f 1502//1502 72//72 1485//1485 1505//1505
f 77//77 1502//1502 1505//1505 1504//1504
f 1504//1504 1505//1505 1480//1480 71//71
f 1505//1505 1485//1485 70//70 1480//1480
f 1474//1474 69//69 1508//1508 1509//1509
f 661//661 1474//1474 1509//1509 1506//1506
f 1506//1506 1509//1509 1507//1507 664//664
f 1509//1509 1508//1508 78//78 1507//1507
f 1510//1510 78//78 1508//1508 1512//1512
f 79//79 1510//1510 1512//1512 1511//1511
f 1511//1511 1512//1512 1470//1470 67//67
f 1512//1512 1508//1508 69//69 1470//1470
f 1513//1513 79//79 1511//1511 1515//1515
f 80//80 1513//1513 1515//1515 1514//1514
f 1514//1514 1515//1515 1466//1466 65//65
f 1515//1515 1511//1511 67//67 1466//1466
f 1516//1516 80//80 1514//1514 1518//1518
f 81//81 1516//1516 1518//1518 1517//1517
f 1517//1517 1518//1518 1462//1462 63//63
f 1518//1518 1514//1514 65//65 1462//1462
f 1458//1458 60//60 1453//1453 1521//1521
f 63//63 1458//1458 1521//1521 1519//1519
f 1519//1519 1521//1521 1520//1520 82//82
f 1521//1521 1453//1453 61//61 1520//1520
f 1517//1517 63//63 1519//1519 1524//1524
f 81//81 1517//1517 1524//1524 1522//1522
f 1522//1522 1524//1524 1523//1523 83//83
f 1524//1524 1519//1519 82//82 1523//1523
f 1507//1507 78//78 1527//1527 1528//1528
f 664//664 1507//1507 1528//1528 1525//1525
f 1525//1525 1528//1528 1526//1526 665//665
f 1528//1528 1527//1527 84//84 1526//1526
f 1529//1529 84//84 1527//1527 1531//1531
f 85//85 1529//1529 1531//1531 1530//1530
f 1530//1530 1531//1531 1510//1510 79//79
f 1531//1531 1527//1527 78//78 1510//1510
f 1532//1532 85//85 1530//1530 1534//1534
f 86//86 1532//1532 1534//1534 1533//1533
f 1533//1533 1534//1534 1513//1513 80//80
f 1534//1534 1530//1530 79//79 1513//1513
f 1535//1535 86//86 1533//1533 1537//1537
f 87//87 1535//1535 1537//1537 1536//1536
f 1536//1536 1537//1537 1516//1516 81//81
f 1537//1537 1533//1533 80//80 1516//1516
f 1538//1538 87//87 1536//1536 1540//1540
f 88//88 1538//1538 1540//1540 1539//1539
f 1539//1539 1540//1540 1522//1522 83//83
f 1540//1540 1536//1536 81//81 1522//1522
f 1392//1392 39//39 1542//1542 1543//1543
f 40//40 1392//1392 1543//1543 1454//1454
f 1454//1454 1543//1543 1541//1541 61//61
f 1543//1543 1542//1542 89//89 1541//1541
f 1541//1541 89//89 1545//1545 1546//1546
f 61//61 1541//1541 1546//1546 1520//1520
f 1520//1520 1546//1546 1544//1544 82//82
f 1546//1546 1545//1545 90//90 1544//1544
f 1544//1544 90//90 1548//1548 1549//1549
f 82//82 1544//1544 1549//1549 1523//1523
f 1523//1523 1549//1549 1547//1547 83//83
f 1549//1549 1548//1548 91//91 1547//1547
f 1547//1547 91//91 1551//1551 1552//1552
f 83//83 1547//1547 1552//1552 1539//1539
f 1539//1539 1552//1552 1550//1550 88//88
f 1552//1552 1551//1551 92//92 1550//1550
f 1550//1550 92//92 1555//1555 1556//1556
f 88//88 1550//1550 1556//1556 1553//1553
f 1553//1553 1556//1556 1554//1554 93//93
f 1556//1556 1555//1555 94//94 1554//1554
f 1538//1538 88//88 1553//1553 1559//1559
f 87//87 1538//1538 1559//1559 1557//1557
f 1557//1557 1559//1559 1558//1558 95//95
f 1559//1559 1553//1553 93//93 1558//1558
f 1558//1558 93//93 1554//1554 1562//1562
f 95//95 1558//1558 1562//1562 1560//1560
f 1560//1560 1562//1562 1561//1561 96//96
f 1562//1562 1554//1554 94//94 1561//1561
f 1535//1535 87//87 1557//1557 1565//1565
f 86//86 1535//1535 1565//1565 1563//1563
f 1563//1563 1565//1565 1564//1564 97//97
f 1565//1565 1557//1557 95//95 1564//1564
f 1532//1532 86//86 1563//1563 1568//1568
f 85//85 1532//1532 1568//1568 1566//1566
f 1566//1566 1568//1568 1567//1567 98//98
f 1568//1568 1563//1563 97//97 1567//1567
f 1529//1529 85//85 1566//1566 1571//1571
f 84//84 1529//1529 1571//1571 1569//1569
f 1569//1569 1571//1571 1570//1570 99//99
f 1571//1571 1566//1566 98//98 1570//1570
f 1526//1526 84//84 1569//1569 1574//1574
f 665//665 1526//1526 1574//1574 1572//1572
f 1572//1572 1574//1574 1573//1573 666//666
f 1574//1574 1569//1569 99//99 1573//1573
f 1564//1564 95//95 1560//1560 1577//1577
f 97//97 1564//1564 1577//1577 1575//1575
f 1575//1575 1577//1577 1576//1576 100//100
f 1577//1577 1560//1560 96//96 1576//1576
f 1567//1567 97//97 1575//1575 1580//1580
f 98//98 1567//1567 1580//1580 1578//1578
f 1578//1578 1580//1580 1579//1579 101//101
f 1580//1580 1575//1575 100//100 1579//1579
f 1570//1570 98//98 1578//1578 1583//1583
f 99//99 1570//1570 1583//1583 1581//1581
f 1581//1581 1583//1583 1582//1582 102//102
f 1583//1583 1578//1578 101//101 1582//1582
f 1573//1573 99//99 1581//1581 1586//1586
f 666//666 1573//1573 1586//1586 1584//1584
f 1584//1584 1586//1586 1585//1585 667//667
f 1586//1586 1581//1581 102//102 1585//1585
f 1579//1579 100//100 1589//1589 1590//1590
f 101//101 1579//1579 1590//1590 1587//1587
f 1587//1587 1590//1590 1588//1588 104//104
f 1590//1590 1589//1589 103//103 1588//1588
f 1585//1585 102//102 1593//1593 1594//1594
f 667//667 1585//1585 1594//1594 1591//1591
f 1591//1591 1594//1594 1592//1592 668//668
f 1594//1594 1593//1593 105//105 1592//1592
f 1595//1595 106//106 1598//1598 1599//1599
f 103//103 1595//1595 1599//1599 1596//1596
f 1596//1596 1599//1599 1597//1597 108//108
f 1599//1599 1598//1598 107//107 1597//1597
f 1588//1588 103//103 1596//1596 1602//1602
f 104//104 1588//1588 1602//1602 1600//1600
f 1600//1600 1602//1602 1601//1601 109//109
f 1602//1602 1596//1596 108//108 1601//1601
f 1603//1603 104//104 1600//1600 1606//1606
f 105//105 1603//1603 1606//1606 1604//1604
f 1604//1604 1606//1606 1605//1605 110//110
f 1606//1606 1600//1600 109//109 1605//1605
f 1592//1592 105//105 1604//1604 1609//1609
f 668//668 1592//1592 1609//1609 1607//1607
f 1607//1607 1609//1609 1608//1608 669//669
f 1609//1609 1604//1604 110//110 1608//1608
f 1597//1597 107//107 1612//1612 1613//1613
f 108//108 1597//1597 1613//1613 1610//1610
f 1610//1610 1613//1613 1611//1611 112//112
f 1613//1613 1612//1612 111//111 1611//1611
f 1601//1601 108//108 1610//1610 1616//1616
f 109//109 1601//1601 1616//1616 1614//1614
f 1614//1614 1616//1616 1615//1615 113//113
f 1616//1616 1610//1610 112//112 1615//1615
f 1605//1605 109//109 1614//1614 1619//1619
f 110//110 1605//1605 1619//1619 1617//1617
f 1617//1617 1619//1619 1618//1618 114//114
f 1619//1619 1614//1614 113//113 1618//1618
f 1608//1608 110//110 1617//1617 1622//1622
f 669//669 1608//1608 1622//1622 1620//1620
f 1620//1620 1622//1622 1621//1621 670//670
f 1622//1622 1617//1617 114//114 1621//1621
f 1576//1576 96//96 1623//1623 1624//1624
f 100//100 1576//1576 1624//1624 1589//1589
f 1589//1589 1624//1624 1595//1595 103//103
f 1624//1624 1623//1623 106//106 1595//1595
f 1582//1582 101//101 1587//1587 1625//1625
f 102//102 1582//1582 1625//1625 1593//1593
f 1593//1593 1625//1625 1603//1603 105//105
f 1625//1625 1587//1587 104//104 1603//1603
f 1318//1318 8//8 1628//1628 1629//1629
f 7//7 1318//1318 1629//1629 1626//1626
f 1626//1626 1629//1629 1627//1627 115//115
f 1629//1629 1628//1628 116//116 1627//1627
f 1630//1630 7//7 1626//1626 1633//1633
f 117//117 1630//1630 1633//1633 1631//1631
f 1631//1631 1633//1633 1632//1632 118//118
f 1633//1633 1626//1626 115//115 1632//1632
f 1632//1632 115//115 1636//1636 1637//1637
f 118//118 1632//1632 1637//1637 1634//1634
f 1634//1634 1637//1637 1635//1635 119//119
f 1637//1637 1636//1636 120//120 1635//1635
f 1635//1635 120//120 1640//1640 1641//1641
f 119//119 1635//1635 1641//1641 1638//1638
f 1638//1638 1641//1641 1639//1639 121//121
f 1641//1641 1640//1640 12//12 1639//1639
f 1640//1640 120//120 1644//1644 1645//1645
f 12//12 1640//1640 1645//1645 1642//1642
f 1642//1642 1645//1645 1643//1643 122//122
f 1645//1645 1644//1644 123//123 1643//1643
f 1630//1630 117//117 1646//1646 1647//1647
f 7//7 1630//1630 1647//1647 1329//1329
f 1329//1329 1647//1647 1639//1639 12//12
f 1647//1647 1646//1646 121//121 1639//1639
f 1648//1648 553//553 1651//1651 1652//1652
f 556//556 1648//1648 1652//1652 1649//1649
f 1649//1649 1652//1652 1650//1650 555//555
f 1652//1652 1651//1651 554//554 1650//1650
f 1627//1627 116//116 1655//1655 1656//1656
f 115//115 1627//1627 1656//1656 1653//1653
f 1653//1653 1656//1656 1654//1654 124//124
f 1656//1656 1655//1655 125//125 1654//1654
f 1636//1636 115//115 1653//1653 1659//1659
f 120//120 1636//1636 1659//1659 1657//1657
f 1657//1657 1659//1659 1658//1658 126//126
f 1659//1659 1653//1653 124//124 1658//1658
f 1657//1657 126//126 1661//1661 1662//1662
f 120//120 1657//1657 1662//1662 1644//1644
f 1644//1644 1662//1662 1660//1660 123//123
f 1662//1662 1661//1661 127//127 1660//1660
f 1663//1663 127//127 1661//1661 1666//1666
f 128//128 1663//1663 1666//1666 1664//1664
f 1664//1664 1666//1666 1665//1665 129//129
f 1666//1666 1661//1661 126//126 1665//1665
f 1665//1665 126//126 1658//1658 1669//1669
f 129//129 1665//1665 1669//1669 1667//1667
f 1667//1667 1669//1669 1668//1668 130//130
f 1669//1669 1658//1658 124//124 1668//1668
f 1668//1668 124//124 1654//1654 1672//1672
f 130//130 1668//1668 1672//1672 1670//1670
f 1670//1670 1672//1672 1671//1671 131//131
f 1672//1672 1654//1654 125//125 1671//1671
f 1642//1642 122//122 1674//1674 1675//1675
f 12//12 1642//1642 1675//1675 1333//1333
f 1333//1333 1675//1675 1673//1673 14//14
f 1675//1675 1674//1674 132//132 1673//1673
f 1405//1405 14//14 1673//1673 1678//1678
f 44//44 1405//1405 1678//1678 1676//1676
f 1676//1676 1678//1678 1677//1677 133//133
f 1678//1678 1673//1673 132//132 1677//1677
f 1679//1679 44//44 1676//1676 1681//1681
f 129//129 1679//1679 1681//1681 1664//1664
f 1664//1664 1681//1681 1680//1680 128//128
f 1681//1681 1676//1676 133//133 1680//1680
f 1682//1682 127//127 1663//1663 1683//1683
f 132//132 1682//1682 1683//1683 1677//1677
f 1677//1677 1683//1683 1680//1680 133//133
f 1683//1683 1663//1663 128//128 1680//1680
f 1660//1660 127//127 1682//1682 1684//1684
f 123//123 1660//1660 1684//1684 1643//1643
f 1643//1643 1684//1684 1674//1674 122//122
f 1684//1684 1682//1682 132//132 1674//1674
f 1685//1685 134//134 1687//1687 1688//1688
f 23//23 1685//1685 1688//1688 1358//1358
f 1358//1358 1688//1688 1686//1686 24//24
f 1688//1688 1687//1687 135//135 1686//1686
f 1686//1686 135//135 1690//1690 1691//1691
f 24//24 1686//1686 1691//1691 1362//1362
f 1362//1362 1691//1691 1689//1689 27//27
f 1691//1691 1690//1690 136//136 1689//1689
f 1689//1689 136//136 1693//1693 1694//1694
f 27//27 1689//1689 1694//1694 1366//1366
f 1366//1366 1694//1694 1692//1692 29//29
f 1694//1694 1693//1693 137//137 1692//1692
f 1692//1692 137//137 1696//1696 1697//1697
f 29//29 1692//1692 1697//1697 1370//1370
f 1370//1370 1697//1697 1695//1695 31//31
f 1697//1697 1696//1696 138//138 1695//1695
f 1695//1695 138//138 1699//1699 1700//1700
f 31//31 1695//1695 1700//1700 1374//1374
f 1374//1374 1700//1700 1698//1698 33//33
f 1700//1700 1699//1699 139//139 1698//1698
f 1687//1687 134//134 1703//1703 1704//1704
f 135//135 1687//1687 1704//1704 1701//1701
f 1701//1701 1704//1704 1702//1702 558//558
f 1704//1704 1703//1703 557//557 1702//1702
f 1690//1690 135//135 1701//1701 1707//1707
f 136//136 1690//1690 1707//1707 1705//1705
f 1705//1705 1707//1707 1706//1706 559//559
f 1707//1707 1701//1701 558//558 1706//1706
f 1693//1693 136//136 1705//1705 1710//1710
f 137//137 1693//1693 1710//1710 1708//1708
f 1708//1708 1710//1710 1709//1709 560//560
f 1710//1710 1705//1705 559//559 1709//1709
f 1696//1696 137//137 1708//1708 1713//1713
f 138//138 1696//1696 1713//1713 1711//1711
f 1711//1711 1713//1713 1712//1712 561//561
f 1713//1713 1708//1708 560//560 1712//1712
f 1699//1699 138//138 1711//1711 1716//1716
f 139//139 1699//1699 1716//1716 1714//1714
f 1714//1714 1716//1716 1715//1715 145//145
f 1716//1716 1711//1711 561//561 1715//1715
f 1717//1717 1//1 1308//1308 1720//1720
f 147//147 1717//1717 1720//1720 1718//1718
f 1718//1718 1720//1720 1719//1719 146//146
f 1720//1720 1308//1308 2//2 1719//1719
f 1721//1721 146//146 1719//1719 1723//1723
f 148//148 1721//1721 1723//1723 1722//1722
f 1722//1722 1723//1723 1321//1321 9//9
f 1723//1723 1719//1719 2//2 1321//1321
f 1724//1724 148//148 1722//1722 1726//1726
f 149//149 1724//1724 1726//1726 1725//1725
f 1725//1725 1726//1726 1342//1342 18//18
f 1726//1726 1722//1722 9//9 1342//1342
f 1727//1727 149//149 1725//1725 1729//1729
f 150//150 1727//1727 1729//1729 1728//1728
f 1728//1728 1729//1729 1345//1345 20//20
f 1729//1729 1725//1725 18//18 1345//1345
f 1730//1730 147//147 1718//1718 1733//1733
f 140//140 1730//1730 1733//1733 1731//1731
f 1731//1731 1733//1733 1732//1732 141//141
f 1733//1733 1718//1718 146//146 1732//1732
f 1734//1734 141//141 1732//1732 1736//1736
f 142//142 1734//1734 1736//1736 1735//1735
f 1735//1735 1736//1736 1721//1721 148//148
f 1736//1736 1732//1732 146//146 1721//1721
f 1737//1737 142//142 1735//1735 1739//1739
f 143//143 1737//1737 1739//1739 1738//1738
f 1738//1738 1739//1739 1724//1724 149//149
f 1739//1739 1735//1735 148//148 1724//1724
f 1740//1740 143//143 1738//1738 1742//1742
f 144//144 1740//1740 1742//1742 1741//1741
f 1741//1741 1742//1742 1727//1727 150//150
f 1742//1742 1738//1738 149//149 1727//1727
f 1728//1728 20//20 1377//1377 1744//1744
f 150//150 1728//1728 1744//1744 1743//1743
f 1743//1743 1744//1744 1698//1698 139//139
f 1744//1744 1377//1377 33//33 1698//1698
f 1743//1743 139//139 1714//1714 1746//1746
f 150//150 1743//1743 1746//1746 1741//1741
f 1741//1741 1746//1746 1745//1745 144//144
f 1746//1746 1714//1714 145//145 1745//1745
f 1670//1670 131//131 1749//1749 1750//1750
f 130//130 1670//1670 1750//1750 1747//1747
f 1747//1747 1750//1750 1748//1748 151//151
f 1750//1750 1749//1749 152//152 1748//1748
f 1748//1748 152//152 1753//1753 1754//1754
f 151//151 1748//1748 1754//1754 1751//1751
f 1751//1751 1754//1754 1752//1752 153//153
f 1754//1754 1753//1753 154//154 1752//1752
f 1755//1755 153//153 1752//1752 1758//1758
f 155//155 1755//1755 1758//1758 1756//1756
f 1756//1756 1758//1758 1757//1757 156//156
f 1758//1758 1752//1752 154//154 1757//1757
f 1756//1756 156//156 1761//1761 1762//1762
f 155//155 1756//1756 1762//1762 1759//1759
f 1759//1759 1762//1762 1760//1760 157//157
f 1762//1762 1761//1761 158//158 1760//1760
f 1760//1760 158//158 1765//1765 1766//1766
f 157//157 1760//1760 1766//1766 1763//1763
f 1763//1763 1766//1766 1764//1764 159//159
f 1766//1766 1765//1765 160//160 1764//1764
f 1763//1763 159//159 1769//1769 1770//1770
f 157//157 1763//1763 1770//1770 1767//1767
f 1767//1767 1770//1770 1768//1768 162//162
f 1770//1770 1769//1769 161//161 1768//1768
f 1759//1759 157//157 1767//1767 1773//1773
f 155//155 1759//1759 1773//1773 1771//1771
f 1771//1771 1773//1773 1772//1772 163//163
f 1773//1773 1767//1767 162//162 1772//1772
f 1755//1755 155//155 1771//1771 1776//1776
f 153//153 1755//1755 1776//1776 1774//1774
f 1774//1774 1776//1776 1775//1775 164//164
f 1776//1776 1771//1771 163//163 1775//1775
f 1751//1751 153//153 1774//1774 1779//1779
f 151//151 1751//1751 1779//1779 1777//1777
f 1777//1777 1779//1779 1778//1778 165//165
f 1779//1779 1774//1774 164//164 1778//1778
f 1777//1777 165//165 1780//1780 1781//1781
f 151//151 1777//1777 1781//1781 1747//1747
f 1747//1747 1781//1781 1667//1667 130//130
f 1781//1781 1780//1780 129//129 1667//1667
f 1782//1782 129//129 1780//1780 1785//1785
f 166//166 1782//1782 1785//1785 1783//1783
f 1783//1783 1785//1785 1784//1784 167//167
f 1785//1785 1780//1780 165//165 1784//1784
f 1786//1786 167//167 1784//1784 1788//1788
f 168//168 1786//1786 1788//1788 1787//1787
f 1787//1787 1788//1788 1778//1778 164//164
f 1788//1788 1784//1784 165//165 1778//1778
f 1787//1787 164//164 1775//1775 1791//1791
f 168//168 1787//1787 1791//1791 1789//1789
f 1789//1789 1791//1791 1790//1790 169//169
f 1791//1791 1775//1775 163//163 1790//1790
f 1790//1790 163//163 1772//1772 1794//1794
f 169//169 1790//1790 1794//1794 1792//1792
f 1792//1792 1794//1794 1793//1793 170//170
f 1794//1794 1772//1772 162//162 1793//1793
f 1793//1793 162//162 1768//1768 1797//1797
f 170//170 1793//1793 1797//1797 1795//1795
f 1795//1795 1797//1797 1796//1796 171//171
f 1797//1797 1768//1768 161//161 1796//1796
f 1782//1782 166//166 1799//1799 1800//1800
f 129//129 1782//1782 1800//1800 1679//1679
f 1679//1679 1800//1800 1798//1798 44//44
f 1800//1800 1799//1799 172//172 1798//1798
f 1799//1799 166//166 1783//1783 1803//1803
f 172//172 1799//1799 1803//1803 1801//1801
f 1801//1801 1803//1803 1802//1802 173//173
f 1803//1803 1783//1783 167//167 1802//1802
f 1804//1804 173//173 1802//1802 1806//1806
f 174//174 1804//1804 1806//1806 1805//1805
f 1805//1805 1806//1806 1786//1786 168//168
f 1806//1806 1802//1802 167//167 1786//1786
f 1807//1807 174//174 1805//1805 1809//1809
f 175//175 1807//1807 1809//1809 1808//1808
f 1808//1808 1809//1809 1789//1789 169//169
f 1809//1809 1805//1805 168//168 1789//1789
f 1810//1810 171//171 1796//1796 1813//1813
f 177//177 1810//1810 1813//1813 1811//1811
f 1811//1811 1813//1813 1812//1812 176//176
f 1813//1813 1796//1796 161//161 1812//1812
f 1814//1814 177//177 1811//1811 1817//1817
f 179//179 1814//1814 1817//1817 1815//1815
f 1815//1815 1817//1817 1816//1816 178//178
f 1817//1817 1811//1811 176//176 1816//1816
f 1818//1818 179//179 1815//1815 1821//1821
f 181//181 1818//1818 1821//1821 1819//1819
f 1819//1819 1821//1821 1820//1820 180//180
f 1821//1821 1815//1815 178//178 1820//1820
f 1822//1822 181//181 1819//1819 1825//1825
f 183//183 1822//1822 1825//1825 1823//1823
f 1823//1823 1825//1825 1824//1824 182//182
f 1825//1825 1819//1819 180//180 1824//1824
f 1826//1826 183//183 1823//1823 1829//1829
f 185//185 1826//1826 1829//1829 1827//1827
f 1827//1827 1829//1829 1828//1828 184//184
f 1829//1829 1823//1823 182//182 1828//1828
f 1830//1830 186//186 1832//1832 1833//1833
f 187//187 1830//1830 1833//1833 1831//1831
f 1831//1831 1833//1833 1827//1827 184//184
f 1833//1833 1832//1832 185//185 1827//1827
f 1830//1830 187//187 1836//1836 1837//1837
f 186//186 1830//1830 1837//1837 1834//1834
f 1834//1834 1837//1837 1835//1835 188//188
f 1837//1837 1836//1836 189//189 1835//1835
f 1835//1835 189//189 1840//1840 1841//1841
f 188//188 1835//1835 1841//1841 1838//1838
f 1838//1838 1841//1841 1839//1839 190//190
f 1841//1841 1840//1840 191//191 1839//1839
f 1842//1842 190//190 1839//1839 1845//1845
f 192//192 1842//1842 1845//1845 1843//1843
f 1843//1843 1845//1845 1844//1844 193//193
f 1845//1845 1839//1839 191//191 1844//1844
f 1846//1846 192//192 1843//1843 1849//1849
f 194//194 1846//1846 1849//1849 1847//1847
f 1847//1847 1849//1849 1848//1848 195//195
f 1849//1849 1843//1843 193//193 1848//1848
f 1850//1850 194//194 1847//1847 1853//1853
f 196//196 1850//1850 1853//1853 1851//1851
f 1851//1851 1853//1853 1852//1852 197//197
f 1853//1853 1847//1847 195//195 1852//1852
f 1854//1854 196//196 1851//1851 1857//1857
f 198//198 1854//1854 1857//1857 1855//1855
f 1855//1855 1857//1857 1856//1856 199//199
f 1857//1857 1851//1851 197//197 1856//1856
f 1858//1858 198//198 1855//1855 1860//1860
f 175//175 1858//1858 1860//1860 1807//1807
f 1807//1807 1860//1860 1859//1859 174//174
f 1860//1860 1855//1855 199//199 1859//1859
f 1861//1861 43//43 1404//1404 1863//1863
f 200//200 1861//1861 1863//1863 1862//1862
f 1862//1862 1863//1863 1798//1798 172//172
f 1863//1863 1404//1404 44//44 1798//1798
f 1864//1864 200//200 1862//1862 1866//1866
f 201//201 1864//1864 1866//1866 1865//1865
f 1865//1865 1866//1866 1801//1801 173//173
f 1866//1866 1862//1862 172//172 1801//1801
f 1865//1865 173//173 1804//1804 1868//1868
f 201//201 1865//1865 1868//1868 1867//1867
f 1867//1867 1868//1868 1859//1859 199//199
f 1868//1868 1804//1804 174//174 1859//1859
f 1869//1869 201//201 1867//1867 1871//1871
f 202//202 1869//1869 1871//1871 1870//1870
f 1870//1870 1871//1871 1856//1856 197//197
f 1871//1871 1867//1867 199//199 1856//1856
f 1869//1869 202//202 1873//1873 1874//1874
f 201//201 1869//1869 1874//1874 1864//1864
f 1864//1864 1874//1874 1872//1872 200//200
f 1874//1874 1873//1873 203//203 1872//1872
f 1872//1872 203//203 1875//1875 1876//1876
f 200//200 1872//1872 1876//1876 1861//1861
f 1861//1861 1876//1876 1401//1401 43//43
f 1876//1876 1875//1875 42//42 1401//1401
f 1870//1870 197//197 1852//1852 1879//1879
f 202//202 1870//1870 1879//1879 1877//1877
f 1877//1877 1879//1879 1878//1878 204//204
f 1879//1879 1852//1852 195//195 1878//1878
f 1873//1873 202//202 1877//1877 1882//1882
f 203//203 1873//1873 1882//1882 1880//1880
f 1880//1880 1882//1882 1881//1881 205//205
f 1882//1882 1877//1877 204//204 1881//1881
f 1875//1875 203//203 1880//1880 1884//1884
f 42//42 1875//1875 1884//1884 1398//1398
f 1398//1398 1884//1884 1883//1883 41//41
f 1884//1884 1880//1880 205//205 1883//1883
f 1878//1878 195//195 1848//1848 1887//1887
f 204//204 1878//1878 1887//1887 1885//1885
f 1885//1885 1887//1887 1886//1886 206//206
f 1887//1887 1848//1848 193//193 1886//1886
f 1881//1881 204//204 1885//1885 1890//1890
f 205//205 1881//1881 1890//1890 1888//1888
f 1888//1888 1890//1890 1889//1889 207//207
f 1890//1890 1885//1885 206//206 1889//1889
f 1883//1883 205//205 1888//1888 1893//1893
f 41//41 1883//1883 1893//1893 1891//1891
f 1891//1891 1893//1893 1892//1892 208//208
f 1893//1893 1888//1888 207//207 1892//1892
f 1892//1892 207//207 1896//1896 1897//1897
f 208//208 1892//1892 1897//1897 1894//1894
f 1894//1894 1897//1897 1895//1895 210//210
f 1897//1897 1896//1896 209//209 1895//1895
f 1889//1889 206//206 1899//1899 1900//1900
f 207//207 1889//1889 1900//1900 1896//1896
f 1896//1896 1900//1900 1898//1898 209//209
f 1900//1900 1899//1899 211//211 1898//1898
f 1886//1886 193//193 1844//1844 1902//1902
f 206//206 1886//1886 1902//1902 1899//1899
f 1899//1899 1902//1902 1901//1901 211//211
f 1902//1902 1844//1844 191//191 1901//1901
f 1395//1395 41//41 1891//1891 1904//1904
f 39//39 1395//1395 1904//1904 1542//1542
f 1542//1542 1904//1904 1903//1903 89//89
f 1904//1904 1891//1891 208//208 1903//1903
f 1903//1903 208//208 1894//1894 1906//1906
f 89//89 1903//1903 1906//1906 1545//1545
f 1545//1545 1906//1906 1905//1905 90//90
f 1906//1906 1894//1894 210//210 1905//1905
f 1840//1840 189//189 1909//1909 1910//1910
f 191//191 1840//1840 1910//1910 1907//1907
f 1907//1907 1910//1910 1908//1908 213//213
f 1910//1910 1909//1909 212//212 1908//1908
f 1901//1901 191//191 1907//1907 1913//1913
f 211//211 1901//1901 1913//1913 1911//1911
f 1911//1911 1913//1913 1912//1912 214//214
f 1913//1913 1907//1907 213//213 1912//1912
f 1898//1898 211//211 1911//1911 1916//1916
f 209//209 1898//1898 1916//1916 1914//1914
f 1914//1914 1916//1916 1915//1915 215//215
f 1916//1916 1911//1911 214//214 1915//1915
f 1895//1895 209//209 1914//1914 1919//1919
f 210//210 1895//1895 1919//1919 1917//1917
f 1917//1917 1919//1919 1918//1918 216//216
f 1919//1919 1914//1914 215//215 1918//1918
f 1905//1905 210//210 1917//1917 1921//1921
f 90//90 1905//1905 1921//1921 1548//1548
f 1548//1548 1921//1921 1920//1920 91//91
f 1921//1921 1917//1917 216//216 1920//1920
f 1920//1920 216//216 1923//1923 1924//1924
f 91//91 1920//1920 1924//1924 1551//1551
f 1551//1551 1924//1924 1922//1922 92//92
f 1924//1924 1923//1923 217//217 1922//1922
f 1925//1925 217//217 1923//1923 1927//1927
f 218//218 1925//1925 1927//1927 1926//1926
f 1926//1926 1927//1927 1918//1918 215//215
f 1927//1927 1923//1923 216//216 1918//1918
f 1928//1928 218//218 1926//1926 1930//1930
f 219//219 1928//1928 1930//1930 1929//1929
f 1929//1929 1930//1930 1915//1915 214//214
f 1930//1930 1926//1926 215//215 1915//1915
f 1931//1931 219//219 1929//1929 1933//1933
f 220//220 1931//1931 1933//1933 1932//1932
f 1932//1932 1933//1933 1912//1912 213//213
f 1933//1933 1929//1929 214//214 1912//1912
f 1934//1934 220//220 1932//1932 1936//1936
f 221//221 1934//1934 1936//1936 1935//1935
f 1935//1935 1936//1936 1908//1908 212//212
f 1936//1936 1932//1932 213//213 1908//1908
f 1934//1934 221//221 1939//1939 1940//1940
f 220//220 1934//1934 1940//1940 1937//1937
f 1937//1937 1940//1940 1938//1938 223//223
f 1940//1940 1939//1939 222//222 1938//1938
f 1931//1931 220//220 1937//1937 1943//1943
f 219//219 1931//1931 1943//1943 1941//1941
f 1941//1941 1943//1943 1942//1942 224//224
f 1943//1943 1937//1937 223//223 1942//1942
f 1928//1928 219//219 1941//1941 1946//1946
f 218//218 1928//1928 1946//1946 1944//1944
f 1944//1944 1946//1946 1945//1945 225//225
f 1946//1946 1941//1941 224//224 1945//1945
f 1925//1925 218//218 1944//1944 1949//1949
f 217//217 1925//1925 1949//1949 1947//1947
f 1947//1947 1949//1949 1948//1948 226//226
f 1949//1949 1944//1944 225//225 1948//1948
f 1922//1922 217//217 1947//1947 1951//1951
f 92//92 1922//1922 1951//1951 1555//1555
f 1555//1555 1951//1951 1950//1950 94//94
f 1951//1951 1947//1947 226//226 1950//1950
f 1938//1938 222//222 1954//1954 1955//1955
f 223//223 1938//1938 1955//1955 1952//1952
f 1952//1952 1955//1955 1953//1953 228//228
f 1955//1955 1954//1954 227//227 1953//1953
f 1942//1942 223//223 1952//1952 1958//1958
f 224//224 1942//1942 1958//1958 1956//1956
f 1956//1956 1958//1958 1957//1957 229//229
f 1958//1958 1952//1952 228//228 1957//1957
f 1945//1945 224//224 1956//1956 1961//1961
f 225//225 1945//1945 1961//1961 1959//1959
f 1959//1959 1961//1961 1960//1960 230//230
f 1961//1961 1956//1956 229//229 1960//1960
f 1948//1948 225//225 1959//1959 1964//1964
f 226//226 1948//1948 1964//1964 1962//1962
f 1962//1962 1964//1964 1963//1963 231//231
f 1964//1964 1959//1959 230//230 1963//1963
f 1950//1950 226//226 1962//1962 1966//1966
f 94//94 1950//1950 1966//1966 1561//1561
f 1561//1561 1966//1966 1965//1965 96//96
f 1966//1966 1962//1962 231//231 1965//1965
f 1967//1967 624//624 1970//1970 1971//1971
f 232//232 1967//1967 1971//1971 1968//1968
f 1968//1968 1971//1971 1969//1969 233//233
f 1971//1971 1970//1970 623//623 1969//1969
f 1969//1969 623//623 1974//1974 1975//1975
f 233//233 1969//1969 1975//1975 1972//1972
f 1972//1972 1975//1975 1973//1973 234//234
f 1975//1975 1974//1974 622//622 1973//1973
f 1973//1973 622//622 1978//1978 1979//1979
f 234//234 1973//1973 1979//1979 1976//1976
f 1976//1976 1979//1979 1977//1977 235//235
f 1979//1979 1978//1978 621//621 1977//1977
f 1980//1980 636//636 1982//1982 1983//1983
f 621//621 1980//1980 1983//1983 1977//1977
f 1977//1977 1983//1983 1981//1981 235//235
f 1983//1983 1982//1982 236//236 1981//1981
f 1982//1982 636//636 1986//1986 1987//1987
f 236//236 1982//1982 1987//1987 1984//1984
f 1984//1984 1987//1987 1985//1985 237//237
f 1987//1987 1986//1986 635//635 1985//1985
f 1985//1985 635//635 1990//1990 1991//1991
f 237//237 1985//1985 1991//1991 1988//1988
f 1988//1988 1991//1991 1989//1989 238//238
f 1991//1991 1990//1990 634//634 1989//1989
f 1989//1989 634//634 1994//1994 1995//1995
f 238//238 1989//1989 1995//1995 1992//1992
f 1992//1992 1995//1995 1993//1993 239//239
f 1995//1995 1994//1994 633//633 1993//1993
f 1993//1993 633//633 1998//1998 1999//1999
f 239//239 1993//1993 1999//1999 1996//1996
f 1996//1996 1999//1999 1997//1997 240//240
f 1999//1999 1998//1998 632//632 1997//1997
f 1997//1997 632//632 2002//2002 2003//2003
f 240//240 1997//1997 2003//2003 2000//2000
f 2000//2000 2003//2003 2001//2001 241//241
f 2003//2003 2002//2002 631//631 2001//2001
f 2001//2001 631//631 2006//2006 2007//2007
f 241//241 2001//2001 2007//2007 2004//2004
f 2004//2004 2007//2007 2005//2005 242//242
f 2007//2007 2006//2006 630//630 2005//2005
f 2008//2008 242//242 2005//2005 2011//2011
f 243//243 2008//2008 2011//2011 2009//2009
f 2009//2009 2011//2011 2010//2010 629//629
f 2011//2011 2005//2005 630//630 2010//2010
f 2012//2012 243//243 2009//2009 2015//2015
f 244//244 2012//2012 2015//2015 2013//2013
f 2013//2013 2015//2015 2014//2014 628//628
f 2015//2015 2009//2009 629//629 2014//2014
f 2016//2016 244//244 2013//2013 2019//2019
f 245//245 2016//2016 2019//2019 2017//2017
f 2017//2017 2019//2019 2018//2018 627//627
f 2019//2019 2013//2013 628//628 2018//2018
f 2020//2020 245//245 2017//2017 2023//2023
f 246//246 2020//2020 2023//2023 2021//2021
f 2021//2021 2023//2023 2022//2022 626//626
f 2023//2023 2017//2017 627//627 2022//2022
f 2024//2024 246//246 2021//2021 2027//2027
f 247//247 2024//2024 2027//2027 2025//2025
f 2025//2025 2027//2027 2026//2026 625//625
f 2027//2027 2021//2021 626//626 2026//2026
f 2028//2028 247//247 2025//2025 2030//2030
f 232//232 2028//2028 2030//2030 1967//1967
f 1967//1967 2030//2030 2029//2029 624//624
f 2030//2030 2025//2025 625//625 2029//2029
f 2031//2031 248//248 2033//2033 2034//2034
f 249//249 2031//2031 2034//2034 2032//2032
f 2032//2032 2034//2034 2012//2012 244//244
f 2034//2034 2033//2033 243//243 2012//2012
f 2035//2035 249//249 2032//2032 2037//2037
f 250//250 2035//2035 2037//2037 2036//2036
f 2036//2036 2037//2037 2016//2016 245//245
f 2037//2037 2032//2032 244//244 2016//2016
f 2038//2038 250//250 2036//2036 2040//2040
f 251//251 2038//2038 2040//2040 2039//2039
f 2039//2039 2040//2040 2020//2020 246//246
f 2040//2040 2036//2036 245//245 2020//2020
f 2041//2041 251//251 2039//2039 2043//2043
f 252//252 2041//2041 2043//2043 2042//2042
f 2042//2042 2043//2043 2024//2024 247//247
f 2043//2043 2039//2039 246//246 2024//2024
f 2044//2044 252//252 2042//2042 2046//2046
f 253//253 2044//2044 2046//2046 2045//2045
f 2045//2045 2046//2046 2028//2028 232//232
f 2046//2046 2042//2042 247//247 2028//2028
f 2047//2047 253//253 2045//2045 2049//2049
f 254//254 2047//2047 2049//2049 2048//2048
f 2048//2048 2049//2049 1968//1968 233//233
f 2049//2049 2045//2045 232//232 1968//1968
f 2050//2050 254//254 2048//2048 2052//2052
f 255//255 2050//2050 2052//2052 2051//2051
f 2051//2051 2052//2052 1972//1972 234//234
f 2052//2052 2048//2048 233//233 1972//1972
f 2053//2053 255//255 2051//2051 2055//2055
f 256//256 2053//2053 2055//2055 2054//2054
f 2054//2054 2055//2055 1976//1976 235//235
f 2055//2055 2051//2051 234//234 1976//1976
f 2056//2056 256//256 2054//2054 2058//2058
f 257//257 2056//2056 2058//2058 2057//2057
f 2057//2057 2058//2058 1981//1981 236//236
f 2058//2058 2054//2054 235//235 1981//1981
f 2057//2057 236//236 1984//1984 2061//2061
f 257//257 2057//2057 2061//2061 2059//2059
f 2059//2059 2061//2061 2060//2060 258//258
f 2061//2061 1984//1984 237//237 2060//2060
f 2060//2060 237//237 1988//1988 2064//2064
f 258//258 2060//2060 2064//2064 2062//2062
f 2062//2062 2064//2064 2063//2063 259//259
f 2064//2064 1988//1988 238//238 2063//2063
f 2063//2063 238//238 1992//1992 2067//2067
f 259//259 2063//2063 2067//2067 2065//2065
f 2065//2065 2067//2067 2066//2066 260//260
f 2067//2067 1992//1992 239//239 2066//2066
f 2068//2068 242//242 2008//2008 2070//2070
f 261//261 2068//2068 2070//2070 2069//2069
f 2069//2069 2070//2070 2033//2033 248//248
f 2070//2070 2008//2008 243//243 2033//2033
f 2071//2071 241//241 2004//2004 2073//2073
f 637//637 2071//2071 2073//2073 2072//2072
f 2072//2072 2073//2073 2068//2068 261//261
f 2073//2073 2004//2004 242//242 2068//2068
f 1996//1996 240//240 2075//2075 2076//2076
f 239//239 1996//1996 2076//2076 2066//2066
f 2066//2066 2076//2076 2074//2074 260//260
f 2076//2076 2075//2075 262//262 2074//2074
f 1615//1615 112//112 2079//2079 2080//2080
f 113//113 1615//1615 2080//2080 2077//2077
f 2077//2077 2080//2080 2078//2078 264//264
f 2080//2080 2079//2079 263//263 2078//2078
f 1618//1618 113//113 2077//2077 2083//2083
f 114//114 1618//1618 2083//2083 2081//2081
f 2081//2081 2083//2083 2082//2082 265//265
f 2083//2083 2077//2077 264//264 2082//2082
f 1621//1621 114//114 2081//2081 2086//2086
f 670//670 1621//1621 2086//2086 2084//2084
f 2084//2084 2086//2086 2085//2085 671//671
f 2086//2086 2081//2081 265//265 2085//2085
f 2078//2078 263//263 2089//2089 2090//2090
f 264//264 2078//2078 2090//2090 2087//2087
f 2087//2087 2090//2090 2088//2088 267//267
f 2090//2090 2089//2089 266//266 2088//2088
f 2082//2082 264//264 2087//2087 2093//2093
f 265//265 2082//2082 2093//2093 2091//2091
f 2091//2091 2093//2093 2092//2092 268//268
f 2093//2093 2087//2087 267//267 2092//2092
f 2085//2085 265//265 2091//2091 2096//2096
f 671//671 2085//2085 2096//2096 2094//2094
f 2094//2094 2096//2096 2095//2095 672//672
f 2096//2096 2091//2091 268//268 2095//2095
f 2088//2088 266//266 2099//2099 2100//2100
f 267//267 2088//2088 2100//2100 2097//2097
f 2097//2097 2100//2100 2098//2098 282//282
f 2100//2100 2099//2099 269//269 2098//2098
f 2101//2101 282//282 2098//2098 2104//2104
f 281//281 2101//2101 2104//2104 2102//2102
f 2102//2102 2104//2104 2103//2103 270//270
f 2104//2104 2098//2098 269//269 2103//2103
f 2105//2105 281//281 2102//2102 2108//2108
f 280//280 2105//2105 2108//2108 2106//2106
f 2106//2106 2108//2108 2107//2107 271//271
f 2108//2108 2102//2102 270//270 2107//2107
f 2109//2109 280//280 2106//2106 2112//2112
f 279//279 2109//2109 2112//2112 2110//2110
f 2110//2110 2112//2112 2111//2111 272//272
f 2112//2112 2106//2106 271//271 2111//2111
f 2113//2113 279//279 2110//2110 2116//2116
f 278//278 2113//2113 2116//2116 2114//2114
f 2114//2114 2116//2116 2115//2115 273//273
f 2116//2116 2110//2110 272//272 2115//2115
f 2117//2117 278//278 2114//2114 2120//2120
f 277//277 2117//2117 2120//2120 2118//2118
f 2118//2118 2120//2120 2119//2119 274//274
f 2120//2120 2114//2114 273//273 2119//2119
f 2121//2121 277//277 2118//2118 2124//2124
f 276//276 2121//2121 2124//2124 2122//2122
f 2122//2122 2124//2124 2123//2123 275//275
f 2124//2124 2118//2118 274//274 2123//2123
f 2125//2125 283//283 2127//2127 2128//2128
f 276//276 2125//2125 2128//2128 2121//2121
f 2121//2121 2128//2128 2126//2126 277//277
f 2128//2128 2127//2127 289//289 2126//2126
f 2129//2129 284//284 2131//2131 2132//2132
f 281//281 2129//2129 2132//2132 2101//2101
f 2101//2101 2132//2132 2130//2130 282//282
f 2132//2132 2131//2131 287//287 2130//2130
f 2133//2133 285//285 2135//2135 2136//2136
f 279//279 2133//2133 2136//2136 2109//2109
f 2109//2109 2136//2136 2134//2134 280//280
f 2136//2136 2135//2135 288//288 2134//2134
f 2137//2137 286//286 2138//2138 2139//2139
f 278//278 2137//2137 2139//2139 2113//2113
f 2113//2113 2139//2139 2133//2133 279//279
f 2139//2139 2138//2138 285//285 2133//2133
f 2130//2130 287//287 2140//2140 2141//2141
f 282//282 2130//2130 2141//2141 2097//2097
f 2097//2097 2141//2141 2092//2092 267//267
f 2141//2141 2140//2140 268//268 2092//2092
f 2134//2134 288//288 2142//2142 2143//2143
f 280//280 2134//2134 2143//2143 2105//2105
f 2105//2105 2143//2143 2129//2129 281//281
f 2143//2143 2142//2142 284//284 2129//2129
f 2126//2126 289//289 2144//2144 2145//2145
f 277//277 2126//2126 2145//2145 2117//2117
f 2117//2117 2145//2145 2137//2137 278//278
f 2145//2145 2144//2144 286//286 2137//2137
f 2146//2146 356//356 2149//2149 2150//2150
f 357//357 2146//2146 2150//2150 2147//2147
f 2147//2147 2150//2150 2148//2148 293//293
f 2150//2150 2149//2149 294//294 2148//2148
f 2151//2151 294//294 2149//2149 2154//2154
f 295//295 2151//2151 2154//2154 2152//2152
f 2152//2152 2154//2154 2153//2153 355//355
f 2154//2154 2149//2149 356//356 2153//2153
f 2155//2155 296//296 2158//2158 2159//2159
f 334//334 2155//2155 2159//2159 2156//2156
f 2156//2156 2159//2159 2157//2157 333//333
f 2159//2159 2158//2158 297//297 2157//2157
f 2157//2157 297//297 2162//2162 2163//2163
f 333//333 2157//2157 2163//2163 2160//2160
f 2160//2160 2163//2163 2161//2161 332//332
f 2163//2163 2162//2162 299//299 2161//2161
f 2164//2164 300//300 2167//2167 2168//2168
f 301//301 2164//2164 2168//2168 2165//2165
f 2165//2165 2168//2168 2166//2166 352//352
f 2168//2168 2167//2167 353//353 2166//2166
f 2147//2147 293//293 2171//2171 2172//2172
f 357//357 2147//2147 2172//2172 2169//2169
f 2169//2169 2172//2172 2170//2170 358//358
f 2172//2172 2171//2171 292//292 2170//2170
f 2173//2173 304//304 2176//2176 2177//2177
f 303//303 2173//2173 2177//2177 2174//2174
f 2174//2174 2177//2177 2175//2175 345//345
f 2177//2177 2176//2176 346//346 2175//2175
f 2178//2178 305//305 2181//2181 2182//2182
f 340//340 2178//2178 2182//2182 2179//2179
f 2179//2179 2182//2182 2180//2180 339//339
f 2182//2182 2181//2181 304//304 2180//2180
f 2183//2183 306//306 2185//2185 2186//2186
f 341//341 2183//2183 2186//2186 2184//2184
f 2184//2184 2186//2186 2178//2178 340//340
f 2186//2186 2185//2185 305//305 2178//2178
f 2187//2187 307//307 2190//2190 2191//2191
f 306//306 2187//2187 2191//2191 2188//2188
f 2188//2188 2191//2191 2189//2189 348//348
f 2191//2191 2190//2190 349//349 2189//2189
f 2192//2192 349//349 2190//2190 2195//2195
f 350//350 2192//2192 2195//2195 2193//2193
f 2193//2193 2195//2195 2194//2194 308//308
f 2195//2195 2190//2190 307//307 2194//2194
f 2196//2196 309//309 2198//2198 2199//2199
f 308//308 2196//2196 2199//2199 2193//2193
f 2193//2193 2199//2199 2197//2197 350//350
f 2199//2199 2198//2198 351//351 2197//2197
f 2200//2200 311//311 2203//2203 2204//2204
f 310//310 2200//2200 2204//2204 2201//2201
f 2201//2201 2204//2204 2202//2202 338//338
f 2204//2204 2203//2203 339//339 2202//2202
f 2205//2205 312//312 2208//2208 2209//2209
f 326//326 2205//2205 2209//2209 2206//2206
f 2206//2206 2209//2209 2207//2207 325//325
f 2209//2209 2208//2208 311//311 2207//2207
f 2210//2210 313//313 2212//2212 2213//2213
f 327//327 2210//2210 2213//2213 2211//2211
f 2211//2211 2213//2213 2205//2205 326//326
f 2213//2213 2212//2212 312//312 2205//2205
f 2214//2214 314//314 2217//2217 2218//2218
f 313//313 2214//2214 2218//2218 2215//2215
f 2215//2215 2218//2218 2216//2216 341//341
f 2218//2218 2217//2217 342//342 2216//2216
f 2219//2219 342//342 2217//2217 2222//2222
f 343//343 2219//2219 2222//2222 2220//2220
f 2220//2220 2222//2222 2221//2221 315//315
f 2222//2222 2217//2217 314//314 2221//2221
f 2223//2223 316//316 2225//2225 2226//2226
f 315//315 2223//2223 2226//2226 2220//2220
f 2220//2220 2226//2226 2224//2224 343//343
f 2226//2226 2225//2225 344//344 2224//2224
f 2227//2227 318//318 2230//2230 2231//2231
f 317//317 2227//2227 2231//2231 2228//2228
f 2228//2228 2231//2231 2229//2229 331//331
f 2231//2231 2230//2230 332//332 2229//2229
f 2232//2232 319//319 2235//2235 2236//2236
f 347//347 2232//2232 2236//2236 2233//2233
f 2233//2233 2236//2236 2234//2234 346//346
f 2236//2236 2235//2235 318//318 2234//2234
f 2237//2237 320//320 2239//2239 2240//2240
f 348//348 2237//2237 2240//2240 2238//2238
f 2238//2238 2240//2240 2232//2232 347//347
f 2240//2240 2239//2239 319//319 2232//2232
f 2241//2241 321//321 2244//2244 2245//2245
f 320//320 2241//2241 2245//2245 2242//2242
f 2242//2242 2245//2245 2243//2243 334//334
f 2245//2245 2244//2244 335//335 2243//2243
f 2246//2246 335//335 2244//2244 2249//2249
f 336//336 2246//2246 2249//2249 2247//2247
f 2247//2247 2249//2249 2248//2248 322//322
f 2249//2249 2244//2244 321//321 2248//2248
f 2250//2250 323//323 2252//2252 2253//2253
f 322//322 2250//2250 2253//2253 2247//2247
f 2247//2247 2253//2253 2251//2251 336//336
f 2253//2253 2252//2252 337//337 2251//2251
f 2254//2254 325//325 2207//2207 2256//2256
f 324//324 2254//2254 2256//2256 2255//2255
f 2255//2255 2256//2256 2200//2200 310//310
f 2256//2256 2207//2207 311//311 2200//2200
f 2257//2257 326//326 2206//2206 2260//2260
f 354//354 2257//2257 2260//2260 2258//2258
f 2258//2258 2260//2260 2259//2259 353//353
f 2260//2260 2206//2206 325//325 2259//2259
f 2261//2261 327//327 2211//2211 2263//2263
f 355//355 2261//2261 2263//2263 2262//2262
f 2262//2262 2263//2263 2257//2257 354//354
f 2263//2263 2211//2211 326//326 2257//2257
f 2264//2264 328//328 2265//2265 2266//2266
f 327//327 2264//2264 2266//2266 2210//2210
f 2210//2210 2266//2266 2214//2214 313//313
f 2266//2266 2265//2265 314//314 2214//2214
f 2221//2221 314//314 2265//2265 2269//2269
f 315//315 2221//2221 2269//2269 2267//2267
f 2267//2267 2269//2269 2268//2268 329//329
f 2269//2269 2265//2265 328//328 2268//2268
f 2270//2270 330//330 2271//2271 2272//2272
f 329//329 2270//2270 2272//2272 2267//2267
f 2267//2267 2272//2272 2223//2223 315//315
f 2272//2272 2271//2271 316//316 2223//2223
f 2229//2229 332//332 2161//2161 2275//2275
f 331//331 2229//2229 2275//2275 2273//2273
f 2273//2273 2275//2275 2274//2274 302//302
f 2275//2275 2161//2161 299//299 2274//2274
f 2276//2276 333//333 2160//2160 2277//2277
f 319//319 2276//2276 2277//2277 2235//2235
f 2235//2235 2277//2277 2230//2230 318//318
f 2277//2277 2160//2160 332//332 2230//2230
f 2242//2242 334//334 2156//2156 2278//2278
f 320//320 2242//2242 2278//2278 2239//2239
f 2239//2239 2278//2278 2276//2276 319//319
f 2278//2278 2156//2156 333//333 2276//2276
f 2243//2243 335//335 2280//2280 2281//2281
f 334//334 2243//2243 2281//2281 2155//2155
f 2155//2155 2281//2281 2279//2279 296//296
f 2281//2281 2280//2280 290//290 2279//2279
f 2282//2282 290//290 2280//2280 2284//2284
f 291//291 2282//2282 2284//2284 2283//2283
f 2283//2283 2284//2284 2246//2246 336//336
f 2284//2284 2280//2280 335//335 2246//2246
f 2251//2251 337//337 2286//2286 2287//2287
f 336//336 2251//2251 2287//2287 2283//2283
f 2283//2283 2287//2287 2285//2285 291//291
f 2287//2287 2286//2286 111//111 2285//2285
f 2202//2202 339//339 2180//2180 2289//2289
f 338//338 2202//2202 2289//2289 2288//2288
f 2288//2288 2289//2289 2173//2173 303//303
f 2289//2289 2180//2180 304//304 2173//2173
f 2290//2290 340//340 2179//2179 2291//2291
f 312//312 2290//2290 2291//2291 2208//2208
f 2208//2208 2291//2291 2203//2203 311//311
f 2291//2291 2179//2179 339//339 2203//2203
f 2215//2215 341//341 2184//2184 2292//2292
f 313//313 2215//2215 2292//2292 2212//2212
f 2212//2212 2292//2292 2290//2290 312//312
f 2292//2292 2184//2184 340//340 2290//2290
f 2216//2216 342//342 2293//2293 2294//2294
f 341//341 2216//2216 2294//2294 2183//2183
f 2183//2183 2294//2294 2187//2187 306//306
f 2294//2294 2293//2293 307//307 2187//2187
f 2194//2194 307//307 2293//2293 2296//2296
f 308//308 2194//2194 2296//2296 2295//2295
f 2295//2295 2296//2296 2219//2219 343//343
f 2296//2296 2293//2293 342//342 2219//2219
f 2224//2224 344//344 2297//2297 2298//2298
f 343//343 2224//2224 2298//2298 2295//2295
f 2295//2295 2298//2298 2196//2196 308//308
f 2298//2298 2297//2297 309//309 2196//2196
f 2175//2175 346//346 2234//2234 2300//2300
f 345//345 2175//2175 2300//2300 2299//2299
f 2299//2299 2300//2300 2227//2227 317//317
f 2300//2300 2234//2234 318//318 2227//2227
f 2301//2301 347//347 2233//2233 2302//2302
f 305//305 2301//2301 2302//2302 2181//2181
f 2181//2181 2302//2302 2176//2176 304//304
f 2302//2302 2233//2233 346//346 2176//2176
f 2188//2188 348//348 2238//2238 2303//2303
f 306//306 2188//2188 2303//2303 2185//2185
f 2185//2185 2303//2303 2301//2301 305//305
f 2303//2303 2238//2238 347//347 2301//2301
f 2189//2189 349//349 2304//2304 2305//2305
f 348//348 2189//2189 2305//2305 2237//2237
f 2237//2237 2305//2305 2241//2241 320//320
f 2305//2305 2304//2304 321//321 2241//2241
f 2248//2248 321//321 2304//2304 2307//2307
f 322//322 2248//2248 2307//2307 2306//2306
f 2306//2306 2307//2307 2192//2192 350//350
f 2307//2307 2304//2304 349//349 2192//2192
f 2197//2197 351//351 2308//2308 2309//2309
f 350//350 2197//2197 2309//2309 2306//2306
f 2306//2306 2309//2309 2250//2250 322//322
f 2309//2309 2308//2308 323//323 2250//2250
f 2166//2166 353//353 2259//2259 2311//2311
f 352//352 2166//2166 2311//2311 2310//2310
f 2310//2310 2311//2311 2254//2254 324//324
f 2311//2311 2259//2259 325//325 2254//2254
f 2312//2312 354//354 2258//2258 2314//2314
f 298//298 2312//2312 2314//2314 2313//2313
f 2313//2313 2314//2314 2167//2167 300//300
f 2314//2314 2258//2258 353//353 2167//2167
f 2152//2152 355//355 2262//2262 2316//2316
f 295//295 2152//2152 2316//2316 2315//2315
f 2315//2315 2316//2316 2312//2312 298//298
f 2316//2316 2262//2262 354//354 2312//2312
f 2153//2153 356//356 2317//2317 2318//2318
f 355//355 2153//2153 2318//2318 2261//2261
f 2261//2261 2318//2318 2264//2264 327//327
f 2318//2318 2317//2317 328//328 2264//2264
f 2268//2268 328//328 2317//2317 2320//2320
f 329//329 2268//2268 2320//2320 2319//2319
f 2319//2319 2320//2320 2146//2146 357//357
f 2320//2320 2317//2317 356//356 2146//2146
f 2169//2169 358//358 2321//2321 2322//2322
f 357//357 2169//2169 2322//2322 2319//2319
f 2319//2319 2322//2322 2270//2270 329//329
f 2322//2322 2321//2321 330//330 2270//2270
f 1611//1611 111//111 2286//2286 2324//2324
f 112//112 1611//1611 2324//2324 2079//2079
f 2079//2079 2324//2324 2323//2323 263//263
f 2324//2324 2286//2286 337//337 2323//2323
f 2323//2323 337//337 2252//2252 2326//2326
f 263//263 2323//2323 2326//2326 2089//2089
f 2089//2089 2326//2326 2325//2325 266//266
f 2326//2326 2252//2252 323//323 2325//2325
f 2325//2325 323//323 2308//2308 2328//2328
f 266//266 2325//2325 2328//2328 2099//2099
f 2099//2099 2328//2328 2327//2327 269//269
f 2328//2328 2308//2308 351//351 2327//2327
f 2103//2103 269//269 2327//2327 2330//2330
f 270//270 2103//2103 2330//2330 2329//2329
f 2329//2329 2330//2330 2198//2198 309//309
f 2330//2330 2327//2327 351//351 2198//2198
f 2107//2107 270//270 2329//2329 2332//2332
f 271//271 2107//2107 2332//2332 2331//2331
f 2331//2331 2332//2332 2297//2297 344//344
f 2332//2332 2329//2329 309//309 2297//2297
f 2111//2111 271//271 2331//2331 2334//2334
f 272//272 2111//2111 2334//2334 2333//2333
f 2333//2333 2334//2334 2225//2225 316//316
f 2334//2334 2331//2331 344//344 2225//2225
f 2115//2115 272//272 2333//2333 2336//2336
f 273//273 2115//2115 2336//2336 2335//2335
f 2335//2335 2336//2336 2271//2271 330//330
f 2336//2336 2333//2333 316//316 2271//2271
f 2119//2119 273//273 2335//2335 2338//2338
f 274//274 2119//2119 2338//2338 2337//2337
f 2337//2337 2338//2338 2321//2321 358//358
f 2338//2338 2335//2335 330//330 2321//2321
f 2123//2123 274//274 2337//2337 2340//2340
f 275//275 2123//2123 2340//2340 2339//2339
f 2339//2339 2340//2340 2170//2170 292//292
f 2340//2340 2337//2337 358//358 2170//2170
f 2341//2341 373//373 2344//2344 2345//2345
f 366//366 2341//2341 2345//2345 2342//2342
f 2342//2342 2345//2345 2343//2343 365//365
f 2345//2345 2344//2344 374//374 2343//2343
f 2343//2343 374//374 2347//2347 2348//2348
f 365//365 2343//2343 2348//2348 2346//2346
f 2346//2346 2348//2348 2228//2228 331//331
f 2348//2348 2347//2347 317//317 2228//2228
f 2349//2349 372//372 2351//2351 2352//2352
f 367//367 2349//2349 2352//2352 2350//2350
f 2350//2350 2352//2352 2341//2341 366//366
f 2352//2352 2351//2351 373//373 2341//2341
f 2353//2353 212//212 1909//1909 2355//2355
f 369//369 2353//2353 2355//2355 2354//2354
f 2354//2354 2355//2355 1836//1836 187//187
f 2355//2355 1909//1909 189//189 1836//1836
f 2356//2356 221//221 1935//1935 2358//2358
f 368//368 2356//2356 2358//2358 2357//2357
f 2357//2357 2358//2358 2353//2353 369//369
f 2358//2358 1935//1935 212//212 2353//2353
f 2359//2359 371//371 2361//2361 2362//2362
f 368//368 2359//2359 2362//2362 2360//2360
f 2360//2360 2362//2362 2349//2349 367//367
f 2362//2362 2361//2361 372//372 2349//2349
f 2363//2363 365//365 2346//2346 2365//2365
f 361//361 2363//2363 2365//2365 2364//2364
f 2364//2364 2365//2365 2273//2273 302//302
f 2365//2365 2346//2346 331//331 2273//2273
f 2366//2366 366//366 2342//2342 2368//2368
f 227//227 2366//2366 2368//2368 2367//2367
f 2367//2367 2368//2368 2363//2363 361//361
f 2368//2368 2342//2342 365//365 2363//2363
f 2369//2369 367//367 2350//2350 2370//2370
f 222//222 2369//2369 2370//2370 1954//1954
f 1954//1954 2370//2370 2366//2366 227//227
f 2370//2370 2350//2350 366//366 2366//2366
f 2356//2356 368//368 2360//2360 2371//2371
f 221//221 2356//2356 2371//2371 1939//1939
f 1939//1939 2371//2371 2369//2369 222//222
f 2371//2371 2360//2360 367//367 2369//2369
f 2372//2372 370//370 2375//2375 2376//2376
f 371//371 2372//2372 2376//2376 2373//2373
f 2373//2373 2376//2376 2374//2374 364//364
f 2376//2376 2375//2375 363//363 2374//2374
f 2377//2377 184//184 1828//1828 2379//2379
f 370//370 2377//2377 2379//2379 2375//2375
f 2375//2375 2379//2379 2378//2378 363//363
f 2379//2379 1828//1828 182//182 2378//2378
f 2354//2354 187//187 1831//1831 2381//2381
f 369//369 2354//2354 2381//2381 2380//2380
f 2380//2380 2381//2381 2377//2377 370//370
f 2381//2381 1831//1831 184//184 2377//2377
f 2357//2357 369//369 2380//2380 2382//2382
f 368//368 2357//2357 2382//2382 2359//2359
f 2359//2359 2382//2382 2372//2372 371//371
f 2382//2382 2380//2380 370//370 2372//2372
f 2373//2373 364//364 2384//2384 2385//2385
f 371//371 2373//2373 2385//2385 2361//2361
f 2361//2361 2385//2385 2383//2383 372//372
f 2385//2385 2384//2384 362//362 2383//2383
f 2383//2383 362//362 2387//2387 2388//2388
f 372//372 2383//2383 2388//2388 2351//2351
f 2351//2351 2388//2388 2386//2386 373//373
f 2388//2388 2387//2387 359//359 2386//2386
f 2386//2386 359//359 2390//2390 2391//2391
f 373//373 2386//2386 2391//2391 2344//2344
f 2344//2344 2391//2391 2389//2389 374//374
f 2391//2391 2390//2390 360//360 2389//2389
f 2389//2389 360//360 2392//2392 2393//2393
f 374//374 2389//2389 2393//2393 2347//2347
f 2347//2347 2393//2393 2299//2299 317//317
f 2393//2393 2392//2392 345//345 2299//2299
f 2394//2394 159//159 1764//1764 2397//2397
f 400//400 2394//2394 2397//2397 2395//2395
f 2395//2395 2397//2397 2396//2396 375//375
f 2397//2397 1764//1764 160//160 2396//2396
f 2398//2398 380//380 2401//2401 2402//2402
f 399//399 2398//2398 2402//2402 2399//2399
f 2399//2399 2402//2402 2400//2400 398//398
f 2402//2402 2401//2401 381//381 2400//2400
f 2403//2403 402//402 2406//2406 2407//2407
f 377//377 2403//2403 2407//2407 2404//2404
f 2404//2404 2407//2407 2405//2405 376//376
f 2407//2407 2406//2406 401//401 2405//2405
f 2408//2408 403//403 2410//2410 2411//2411
f 378//378 2408//2408 2411//2411 2409//2409
f 2409//2409 2411//2411 2403//2403 377//377
f 2411//2411 2410//2410 402//402 2403//2403
f 2255//2255 310//310 2414//2414 2415//2415
f 324//324 2255//2255 2415//2415 2412//2412
f 2412//2412 2415//2415 2413//2413 384//384
f 2415//2415 2414//2414 395//395 2413//2413
f 2416//2416 404//404 2418//2418 2419//2419
f 379//379 2416//2416 2419//2419 2417//2417
f 2417//2417 2419//2419 2408//2408 378//378
f 2419//2419 2418//2418 403//403 2408//2408
f 2420//2420 180//180 1820//1820 2423//2423
f 390//390 2420//2420 2423//2423 2421//2421
f 2421//2421 2423//2423 2422//2422 389//389
f 2423//2423 1820//1820 178//178 2422//2422
f 2424//2424 400//400 2426//2426 2427//2427
f 380//380 2424//2424 2427//2427 2401//2401
f 2401//2401 2427//2427 2425//2425 381//381
f 2427//2427 2426//2426 401//401 2425//2425
f 2428//2428 392//392 2431//2431 2432//2432
f 387//387 2428//2428 2432//2432 2429//2429
f 2429//2429 2432//2432 2430//2430 388//388
f 2432//2432 2431//2431 391//391 2430//2430
f 2433//2433 393//393 2435//2435 2436//2436
f 386//386 2433//2433 2436//2436 2434//2434
f 2434//2434 2436//2436 2428//2428 387//387
f 2436//2436 2435//2435 392//392 2428//2428
f 2437//2437 394//394 2439//2439 2440//2440
f 385//385 2437//2437 2440//2440 2438//2438
f 2438//2438 2440//2440 2433//2433 386//386
f 2440//2440 2439//2439 393//393 2433//2433
f 2310//2310 324//324 2412//2412 2443//2443
f 352//352 2310//2310 2443//2443 2441//2441
f 2441//2441 2443//2443 2442//2442 404//404
f 2443//2443 2412//2412 384//384 2442//2442
f 2174//2174 345//345 2392//2392 2446//2446
f 303//303 2174//2174 2446//2446 2444//2444
f 2444//2444 2446//2446 2445//2445 394//394
f 2446//2446 2392//2392 360//360 2445//2445
f 2438//2438 386//386 2449//2449 2450//2450
f 385//385 2438//2438 2450//2450 2447//2447
f 2447//2447 2450//2450 2448//2448 395//395
f 2450//2450 2449//2449 396//396 2448//2448
f 2434//2434 387//387 2452//2452 2453//2453
f 386//386 2434//2434 2453//2453 2449//2449
f 2449//2449 2453//2453 2451//2451 396//396
f 2453//2453 2452//2452 397//397 2451//2451
f 2429//2429 388//388 2455//2455 2456//2456
f 387//387 2429//2429 2456//2456 2452//2452
f 2452//2452 2456//2456 2454//2454 397//397
f 2456//2456 2455//2455 398//398 2454//2454
f 2457//2457 390//390 2459//2459 2460//2460
f 363//363 2457//2457 2460//2460 2374//2374
f 2374//2374 2460//2460 2458//2458 364//364
f 2460//2460 2459//2459 391//391 2458//2458
f 2422//2422 178//178 1816//1816 2463//2463
f 389//389 2422//2422 2463//2463 2461//2461
f 2461//2461 2463//2463 2462//2462 399//399
f 2463//2463 1816//1816 176//176 2462//2462
f 2378//2378 182//182 1824//1824 2464//2464
f 363//363 2378//2378 2464//2464 2457//2457
f 2457//2457 2464//2464 2420//2420 390//390
f 2464//2464 1824//1824 180//180 2420//2420
f 2421//2421 389//389 2465//2465 2466//2466
f 390//390 2421//2421 2466//2466 2459//2459
f 2459//2459 2466//2466 2430//2430 391//391
f 2466//2466 2465//2465 388//388 2430//2430
f 2467//2467 362//362 2384//2384 2468//2468
f 392//392 2467//2467 2468//2468 2431//2431
f 2431//2431 2468//2468 2458//2458 391//391
f 2468//2468 2384//2384 364//364 2458//2458
f 2469//2469 359//359 2387//2387 2470//2470
f 393//393 2469//2469 2470//2470 2435//2435
f 2435//2435 2470//2470 2467//2467 392//392
f 2470//2470 2387//2387 362//362 2467//2467
f 2445//2445 360//360 2390//2390 2471//2471
f 394//394 2445//2445 2471//2471 2439//2439
f 2439//2439 2471//2471 2469//2469 393//393
f 2471//2471 2390//2390 359//359 2469//2469
f 2288//2288 303//303 2444//2444 2473//2473
f 338//338 2288//2288 2473//2473 2472//2472
f 2472//2472 2473//2473 2437//2437 385//385
f 2473//2473 2444//2444 394//394 2437//2437
f 2201//2201 338//338 2472//2472 2474//2474
f 310//310 2201//2201 2474//2474 2414//2414
f 2414//2414 2474//2474 2447//2447 395//395
f 2474//2474 2472//2472 385//385 2447//2447
f 2448//2448 396//396 2476//2476 2477//2477
f 395//395 2448//2448 2477//2477 2413//2413
f 2413//2413 2477//2477 2475//2475 384//384
f 2477//2477 2476//2476 383//383 2475//2475
f 2451//2451 397//397 2479//2479 2480//2480
f 396//396 2451//2451 2480//2480 2476//2476
f 2476//2476 2480//2480 2478//2478 383//383
f 2480//2480 2479//2479 382//382 2478//2478
f 2454//2454 398//398 2400//2400 2482//2482
f 397//397 2454//2454 2482//2482 2479//2479
f 2479//2479 2482//2482 2481//2481 382//382
f 2482//2482 2400//2400 381//381 2481//2481
f 2461//2461 399//399 2399//2399 2483//2483
f 389//389 2461//2461 2483//2483 2465//2465
f 2465//2465 2483//2483 2455//2455 388//388
f 2483//2483 2399//2399 398//398 2455//2455
f 2462//2462 176//176 1812//1812 2485//2485
f 399//399 2462//2462 2485//2485 2398//2398
f 2398//2398 2485//2485 2484//2484 380//380
f 2485//2485 1812//1812 161//161 2484//2484
f 2484//2484 161//161 1769//1769 2486//2486
f 380//380 2484//2484 2486//2486 2424//2424
f 2424//2424 2486//2486 2394//2394 400//400
f 2486//2486 1769//1769 159//159 2394//2394
f 2395//2395 375//375 2487//2487 2488//2488
f 400//400 2395//2395 2488//2488 2426//2426
f 2426//2426 2488//2488 2405//2405 401//401
f 2488//2488 2487//2487 376//376 2405//2405
f 2489//2489 382//382 2481//2481 2490//2490
f 402//402 2489//2489 2490//2490 2406//2406
f 2406//2406 2490//2490 2425//2425 401//401
f 2490//2490 2481//2481 381//381 2425//2425
f 2491//2491 383//383 2478//2478 2492//2492
f 403//403 2491//2491 2492//2492 2410//2410
f 2410//2410 2492//2492 2489//2489 402//402
f 2492//2492 2478//2478 382//382 2489//2489
f 2442//2442 384//384 2475//2475 2493//2493
f 404//404 2442//2442 2493//2493 2418//2418
f 2418//2418 2493//2493 2491//2491 403//403
f 2493//2493 2475//2475 383//383 2491//2491
f 2165//2165 352//352 2441//2441 2495//2495
f 301//301 2165//2165 2495//2495 2494//2494
f 2494//2494 2495//2495 2416//2416 379//379
f 2495//2495 2441//2441 404//404 2416//2416
f 2496//2496 228//228 1953//1953 2498//2498
f 405//405 2496//2496 2498//2498 2497//2497
f 2497//2497 2498//2498 2367//2367 361//361
f 2498//2498 1953//1953 227//227 2367//2367
f 2499//2499 405//405 2497//2497 2501//2501
f 406//406 2499//2499 2501//2501 2500//2500
f 2500//2500 2501//2501 2364//2364 302//302
f 2501//2501 2497//2497 361//361 2364//2364
f 2502//2502 406//406 2500//2500 2504//2504
f 407//407 2502//2502 2504//2504 2503//2503
f 2503//2503 2504//2504 2274//2274 299//299
f 2504//2504 2500//2500 302//302 2274//2274
f 2505//2505 407//407 2503//2503 2507//2507
f 408//408 2505//2505 2507//2507 2506//2506
f 2506//2506 2507//2507 2162//2162 297//297
f 2507//2507 2503//2503 299//299 2162//2162
f 2508//2508 408//408 2506//2506 2510//2510
f 409//409 2508//2508 2510//2510 2509//2509
f 2509//2509 2510//2510 2158//2158 296//296
f 2510//2510 2506//2506 297//297 2158//2158
f 2511//2511 410//410 2513//2513 2514//2514
f 411//411 2511//2511 2514//2514 2512//2512
f 2512//2512 2514//2514 2282//2282 291//291
f 2514//2514 2513//2513 290//290 2282//2282
f 2515//2515 411//411 2512//2512 2516//2516
f 107//107 2515//2515 2516//2516 1612//1612
f 1612//1612 2516//2516 2285//2285 111//111
f 2516//2516 2512//2512 291//291 2285//2285
f 2517//2517 412//412 2519//2519 2520//2520
f 413//413 2517//2517 2520//2520 2518//2518
f 2518//2518 2520//2520 2496//2496 405//405
f 2520//2520 2519//2519 228//228 2496//2496
f 2521//2521 413//413 2518//2518 2523//2523
f 414//414 2521//2521 2523//2523 2522//2522
f 2522//2522 2523//2523 2499//2499 406//406
f 2523//2523 2518//2518 405//405 2499//2499
f 2524//2524 414//414 2522//2522 2526//2526
f 415//415 2524//2524 2526//2526 2525//2525
f 2525//2525 2526//2526 2502//2502 407//407
f 2526//2526 2522//2522 406//406 2502//2502
f 2527//2527 415//415 2525//2525 2529//2529
f 416//416 2527//2527 2529//2529 2528//2528
f 2528//2528 2529//2529 2505//2505 408//408
f 2529//2529 2525//2525 407//407 2505//2505
f 2530//2530 416//416 2528//2528 2532//2532
f 417//417 2530//2530 2532//2532 2531//2531
f 2531//2531 2532//2532 2508//2508 409//409
f 2532//2532 2528//2528 408//408 2508//2508
f 2531//2531 409//409 2535//2535 2536//2536
f 417//417 2531//2531 2536//2536 2533//2533
f 2533//2533 2536//2536 2534//2534 418//418
f 2536//2536 2535//2535 410//410 2534//2534
f 2535//2535 409//409 2509//2509 2537//2537
f 410//410 2535//2535 2537//2537 2513//2513
f 2513//2513 2537//2537 2279//2279 290//290
f 2537//2537 2509//2509 296//296 2279//2279
f 2538//2538 418//418 2534//2534 2540//2540
f 419//419 2538//2538 2540//2540 2539//2539
f 2539//2539 2540//2540 2511//2511 411//411
f 2540//2540 2534//2534 410//410 2511//2511
f 2541//2541 419//419 2539//2539 2543//2543
f 420//420 2541//2541 2543//2543 2542//2542
f 2542//2542 2543//2543 2515//2515 107//107
f 2543//2543 2539//2539 411//411 2515//2515
f 2544//2544 420//420 2542//2542 2546//2546
f 421//421 2544//2544 2546//2546 2545//2545
f 2545//2545 2546//2546 1598//1598 106//106
f 2546//2546 2542//2542 107//107 1598//1598
f 2547//2547 421//421 2545//2545 2549//2549
f 422//422 2547//2547 2549//2549 2548//2548
f 2548//2548 2549//2549 1623//1623 96//96
f 2549//2549 2545//2545 106//106 1623//1623
f 2548//2548 96//96 1965//1965 2552//2552
f 422//422 2548//2548 2552//2552 2550//2550
f 2550//2550 2552//2552 2551//2551 423//423
f 2552//2552 1965//1965 231//231 2551//2551
f 2551//2551 231//231 1963//1963 2555//2555
f 423//423 2551//2551 2555//2555 2553//2553
f 2553//2553 2555//2555 2554//2554 424//424
f 2555//2555 1963//1963 230//230 2554//2554
f 2554//2554 230//230 1960//1960 2558//2558
f 424//424 2554//2554 2558//2558 2556//2556
f 2556//2556 2558//2558 2557//2557 425//425
f 2558//2558 1960//1960 229//229 2557//2557
f 2557//2557 229//229 1957//1957 2560//2560
f 425//425 2557//2557 2560//2560 2559//2559
f 2559//2559 2560//2560 2519//2519 412//412
f 2560//2560 1957//1957 228//228 2519//2519
f 2561//2561 423//423 2553//2553 2564//2564
f 426//426 2561//2561 2564//2564 2562//2562
f 2562//2562 2564//2564 2563//2563 427//427
f 2564//2564 2553//2553 424//424 2563//2563
f 2563//2563 424//424 2556//2556 2567//2567
f 427//427 2563//2563 2567//2567 2565//2565
f 2565//2565 2567//2567 2566//2566 428//428
f 2567//2567 2556//2556 425//425 2566//2566
f 2566//2566 425//425 2559//2559 2570//2570
f 428//428 2566//2566 2570//2570 2568//2568
f 2568//2568 2570//2570 2569//2569 429//429
f 2570//2570 2559//2559 412//412 2569//2569
f 2571//2571 429//429 2569//2569 2573//2573
f 430//430 2571//2571 2573//2573 2572//2572
f 2572//2572 2573//2573 2517//2517 413//413
f 2573//2573 2569//2569 412//412 2517//2517
f 2574//2574 430//430 2572//2572 2576//2576
f 431//431 2574//2574 2576//2576 2575//2575
f 2575//2575 2576//2576 2521//2521 414//414
f 2576//2576 2572//2572 413//413 2521//2521
f 2577//2577 431//431 2575//2575 2579//2579
f 432//432 2577//2577 2579//2579 2578//2578
f 2578//2578 2579//2579 2524//2524 415//415
f 2579//2579 2575//2575 414//414 2524//2524
f 2580//2580 432//432 2578//2578 2582//2582
f 433//433 2580//2580 2582//2582 2581//2581
f 2581//2581 2582//2582 2527//2527 416//416
f 2582//2582 2578//2578 415//415 2527//2527
f 2583//2583 433//433 2581//2581 2585//2585
f 434//434 2583//2583 2585//2585 2584//2584
f 2584//2584 2585//2585 2530//2530 417//417
f 2585//2585 2581//2581 416//416 2530//2530
f 2586//2586 434//434 2584//2584 2588//2588
f 435//435 2586//2586 2588//2588 2587//2587
f 2587//2587 2588//2588 2533//2533 418//418
f 2588//2588 2584//2584 417//417 2533//2533
f 2589//2589 435//435 2587//2587 2591//2591
f 436//436 2589//2589 2591//2591 2590//2590
f 2590//2590 2591//2591 2538//2538 419//419
f 2591//2591 2587//2587 418//418 2538//2538
f 2592//2592 436//436 2590//2590 2594//2594
f 437//437 2592//2592 2594//2594 2593//2593
f 2593//2593 2594//2594 2541//2541 420//420
f 2594//2594 2590//2590 419//419 2541//2541
f 2595//2595 437//437 2593//2593 2597//2597
f 438//438 2595//2595 2597//2597 2596//2596
f 2596//2596 2597//2597 2544//2544 421//421
f 2597//2597 2593//2593 420//420 2544//2544
f 2547//2547 422//422 2600//2600 2601//2601
f 421//421 2547//2547 2601//2601 2598//2598
f 2598//2598 2601//2601 2599//2599 440//440
f 2601//2601 2600//2600 439//439 2599//2599
f 2596//2596 421//421 2598//2598 2604//2604
f 438//438 2596//2596 2604//2604 2602//2602
f 2602//2602 2604//2604 2603//2603 441//441
f 2604//2604 2598//2598 440//440 2603//2603
f 2605//2605 442//442 2608//2608 2609//2609
f 443//443 2605//2605 2609//2609 2606//2606
f 2606//2606 2609//2609 2607//2607 444//444
f 2609//2609 2608//2608 441//441 2607//2607
f 2607//2607 441//441 2603//2603 2612//2612
f 444//444 2607//2607 2612//2612 2610//2610
f 2610//2610 2612//2612 2611//2611 445//445
f 2612//2612 2603//2603 440//440 2611//2611
f 2613//2613 445//445 2611//2611 2615//2615
f 446//446 2613//2613 2615//2615 2614//2614
f 2614//2614 2615//2615 2599//2599 439//439
f 2615//2615 2611//2611 440//440 2599//2599
f 2561//2561 426//426 2617//2617 2618//2618
f 423//423 2561//2561 2618//2618 2550//2550
f 2550//2550 2618//2618 2616//2616 422//422
f 2618//2618 2617//2617 447//447 2616//2616
f 2617//2617 426//426 2621//2621 2622//2622
f 447//447 2617//2617 2622//2622 2619//2619
f 2619//2619 2622//2622 2620//2620 449//449
f 2622//2622 2621//2621 448//448 2620//2620
f 2623//2623 448//448 2621//2621 2626//2626
f 450//450 2623//2623 2626//2626 2624//2624
f 2624//2624 2626//2626 2625//2625 451//451
f 2626//2626 2621//2621 426//426 2625//2625
f 2620//2620 448//448 2623//2623 2629//2629
f 449//449 2620//2620 2629//2629 2627//2627
f 2627//2627 2629//2629 2628//2628 452//452
f 2629//2629 2623//2623 450//450 2628//2628
f 2630//2630 449//449 2627//2627 2633//2633
f 454//454 2630//2630 2633//2633 2631//2631
f 2631//2631 2633//2633 2632//2632 453//453
f 2633//2633 2627//2627 452//452 2632//2632
f 2634//2634 454//454 2631//2631 2637//2637
f 456//456 2634//2634 2637//2637 2635//2635
f 2635//2635 2637//2637 2636//2636 455//455
f 2637//2637 2631//2631 453//453 2636//2636
f 2619//2619 449//449 2630//2630 2640//2640
f 447//447 2619//2619 2640//2640 2638//2638
f 2638//2638 2640//2640 2639//2639 457//457
f 2640//2640 2630//2630 454//454 2639//2639
f 2641//2641 457//457 2639//2639 2643//2643
f 458//458 2641//2641 2643//2643 2642//2642
f 2642//2642 2643//2643 2634//2634 456//456
f 2643//2643 2639//2639 454//454 2634//2634
f 2644//2644 458//458 2642//2642 2647//2647
f 460//460 2644//2644 2647//2647 2645//2645
f 2645//2645 2647//2647 2646//2646 459//459
f 2647//2647 2642//2642 456//456 2646//2646
f 2648//2648 459//459 2646//2646 2650//2650
f 461//461 2648//2648 2650//2650 2649//2649
f 2649//2649 2650//2650 2635//2635 455//455
f 2650//2650 2646//2646 456//456 2635//2635
f 2600//2600 422//422 2616//2616 2652//2652
f 439//439 2600//2600 2652//2652 2651//2651
f 2651//2651 2652//2652 2638//2638 457//457
f 2652//2652 2616//2616 447//447 2638//2638
f 2614//2614 439//439 2651//2651 2654//2654
f 446//446 2614//2614 2654//2654 2653//2653
f 2653//2653 2654//2654 2641//2641 458//458
f 2654//2654 2651//2651 457//457 2641//2641
f 2653//2653 458//458 2644//2644 2657//2657
f 446//446 2653//2653 2657//2657 2655//2655
f 2655//2655 2657//2657 2656//2656 462//462
f 2657//2657 2644//2644 460//460 2656//2656
f 2655//2655 462//462 2659//2659 2660//2660
f 446//446 2655//2655 2660//2660 2613//2613
f 2613//2613 2660//2660 2658//2658 445//445
f 2660//2660 2659//2659 463//463 2658//2658
f 2625//2625 426//426 2562//2562 2663//2663
f 451//451 2625//2625 2663//2663 2661//2661
f 2661//2661 2663//2663 2662//2662 464//464
f 2663//2663 2562//2562 427//427 2662//2662
f 2662//2662 427//427 2565//2565 2666//2666
f 464//464 2662//2662 2666//2666 2664//2664
f 2664//2664 2666//2666 2665//2665 465//465
f 2666//2666 2565//2565 428//428 2665//2665
f 2664//2664 465//465 2669//2669 2670//2670
f 464//464 2664//2664 2670//2670 2667//2667
f 2667//2667 2670//2670 2668//2668 467//467
f 2670//2670 2669//2669 466//466 2668//2668
f 2671//2671 467//467 2668//2668 2674//2674
f 469//469 2671//2671 2674//2674 2672//2672
f 2672//2672 2674//2674 2673//2673 468//468
f 2674//2674 2668//2668 466//466 2673//2673
f 2675//2675 465//465 2665//2665 2677//2677
f 470//470 2675//2675 2677//2677 2676//2676
f 2676//2676 2677//2677 2568//2568 429//429
f 2677//2677 2665//2665 428//428 2568//2568
f 2669//2669 465//465 2675//2675 2680//2680
f 466//466 2669//2669 2680//2680 2678//2678
f 2678//2678 2680//2680 2679//2679 471//471
f 2680//2680 2675//2675 470//470 2679//2679
f 2673//2673 466//466 2678//2678 2683//2683
f 468//468 2673//2673 2683//2683 2681//2681
f 2681//2681 2683//2683 2682//2682 472//472
f 2683//2683 2678//2678 471//471 2682//2682
f 2684//2684 470//470 2676//2676 2686//2686
f 473//473 2684//2684 2686//2686 2685//2685
f 2685//2685 2686//2686 2571//2571 430//430
f 2686//2686 2676//2676 429//429 2571//2571
f 2687//2687 472//472 2682//2682 2690//2690
f 474//474 2687//2687 2690//2690 2688//2688
f 2688//2688 2690//2690 2689//2689 475//475
f 2690//2690 2682//2682 471//471 2689//2689
f 2689//2689 471//471 2679//2679 2693//2693
f 475//475 2689//2689 2693//2693 2691//2691
f 2691//2691 2693//2693 2692//2692 476//476
f 2693//2693 2679//2679 470//470 2692//2692
f 2692//2692 470//470 2684//2684 2696//2696
f 476//476 2692//2692 2696//2696 2694//2694
f 2694//2694 2696//2696 2695//2695 477//477
f 2696//2696 2684//2684 473//473 2695//2695
f 2695//2695 473//473 2685//2685 2698//2698
f 477//477 2695//2695 2698//2698 2697//2697
f 2697//2697 2698//2698 2574//2574 431//431
f 2698//2698 2685//2685 430//430 2574//2574
f 2656//2656 460//460 2701//2701 2702//2702
f 462//462 2656//2656 2702//2702 2699//2699
f 2699//2699 2702//2702 2700//2700 479//479
f 2702//2702 2701//2701 478//478 2700//2700
f 2700//2700 478//478 2705//2705 2706//2706
f 479//479 2700//2700 2706//2706 2703//2703
f 2703//2703 2706//2706 2704//2704 481//481
f 2706//2706 2705//2705 480//480 2704//2704
f 2704//2704 480//480 2709//2709 2710//2710
f 481//481 2704//2704 2710//2710 2707//2707
f 2707//2707 2710//2710 2708//2708 483//483
f 2710//2710 2709//2709 482//482 2708//2708
f 2708//2708 482//482 2713//2713 2714//2714
f 483//483 2708//2708 2714//2714 2711//2711
f 2711//2711 2714//2714 2712//2712 485//485
f 2714//2714 2713//2713 484//484 2712//2712
f 2712//2712 484//484 2716//2716 2717//2717
f 485//485 2712//2712 2717//2717 2715//2715
f 2715//2715 2717//2717 2688//2688 475//475
f 2717//2717 2716//2716 474//474 2688//2688
f 2715//2715 475//475 2691//2691 2720//2720
f 485//485 2715//2715 2720//2720 2718//2718
f 2718//2718 2720//2720 2719//2719 486//486
f 2720//2720 2691//2691 476//476 2719//2719
f 2711//2711 485//485 2718//2718 2723//2723
f 483//483 2711//2711 2723//2723 2721//2721
f 2721//2721 2723//2723 2722//2722 487//487
f 2723//2723 2718//2718 486//486 2722//2722
f 2707//2707 483//483 2721//2721 2726//2726
f 481//481 2707//2707 2726//2726 2724//2724
f 2724//2724 2726//2726 2725//2725 488//488
f 2726//2726 2721//2721 487//487 2725//2725
f 2703//2703 481//481 2724//2724 2729//2729
f 479//479 2703//2703 2729//2729 2727//2727
f 2727//2727 2729//2729 2728//2728 489//489
f 2729//2729 2724//2724 488//488 2728//2728
f 2699//2699 479//479 2727//2727 2731//2731
f 462//462 2699//2699 2731//2731 2659//2659
f 2659//2659 2731//2731 2730//2730 463//463
f 2731//2731 2727//2727 489//489 2730//2730
f 2694//2694 477//477 2733//2733 2734//2734
f 476//476 2694//2694 2734//2734 2719//2719
f 2719//2719 2734//2734 2732//2732 486//486
f 2734//2734 2733//2733 490//490 2732//2732
f 2732//2732 490//490 2736//2736 2737//2737
f 486//486 2732//2732 2737//2737 2722//2722
f 2722//2722 2737//2737 2735//2735 487//487
f 2737//2737 2736//2736 491//491 2735//2735
f 2735//2735 491//491 2739//2739 2740//2740
f 487//487 2735//2735 2740//2740 2725//2725
f 2725//2725 2740//2740 2738//2738 488//488
f 2740//2740 2739//2739 492//492 2738//2738
f 2738//2738 492//492 2742//2742 2743//2743
f 488//488 2738//2738 2743//2743 2728//2728
f 2728//2728 2743//2743 2741//2741 489//489
f 2743//2743 2742//2742 493//493 2741//2741
f 2741//2741 493//493 2745//2745 2746//2746
f 489//489 2741//2741 2746//2746 2730//2730
f 2730//2730 2746//2746 2744//2744 463//463
f 2746//2746 2745//2745 494//494 2744//2744
f 2744//2744 494//494 2747//2747 2748//2748
f 463//463 2744//2744 2748//2748 2658//2658
f 2658//2658 2748//2748 2610//2610 445//445
f 2748//2748 2747//2747 444//444 2610//2610
f 2749//2749 443//443 2606//2606 2751//2751
f 495//495 2749//2749 2751//2751 2750//2750
f 2750//2750 2751//2751 2747//2747 494//494
f 2751//2751 2606//2606 444//444 2747//2747
f 2749//2749 495//495 2753//2753 2754//2754
f 443//443 2749//2749 2754//2754 2605//2605
f 2605//2605 2754//2754 2752//2752 442//442
f 2754//2754 2753//2753 496//496 2752//2752
f 2595//2595 438//438 2602//2602 2756//2756
f 437//437 2595//2595 2756//2756 2755//2755
f 2755//2755 2756//2756 2608//2608 442//442
f 2756//2756 2602//2602 441//441 2608//2608
f 2755//2755 442//442 2752//2752 2758//2758
f 437//437 2755//2755 2758//2758 2592//2592
f 2592//2592 2758//2758 2757//2757 436//436
f 2758//2758 2752//2752 496//496 2757//2757
f 2589//2589 436//436 2757//2757 2761//2761
f 435//435 2589//2589 2761//2761 2759//2759
f 2759//2759 2761//2761 2760//2760 497//497
f 2761//2761 2757//2757 496//496 2760//2760
f 2586//2586 435//435 2759//2759 2764//2764
f 434//434 2586//2586 2764//2764 2762//2762
f 2762//2762 2764//2764 2763//2763 498//498
f 2764//2764 2759//2759 497//497 2763//2763
f 2583//2583 434//434 2762//2762 2767//2767
f 433//433 2583//2583 2767//2767 2765//2765
f 2765//2765 2767//2767 2766//2766 499//499
f 2767//2767 2762//2762 498//498 2766//2766
f 2580//2580 433//433 2765//2765 2770//2770
f 432//432 2580//2580 2770//2770 2768//2768
f 2768//2768 2770//2770 2769//2769 500//500
f 2770//2770 2765//2765 499//499 2769//2769
f 2577//2577 432//432 2768//2768 2772//2772
f 431//431 2577//2577 2772//2772 2697//2697
f 2697//2697 2772//2772 2771//2771 477//477
f 2772//2772 2768//2768 500//500 2771//2771
f 2745//2745 493//493 2774//2774 2775//2775
f 494//494 2745//2745 2775//2775 2750//2750
f 2750//2750 2775//2775 2773//2773 495//495
f 2775//2775 2774//2774 501//501 2773//2773
f 2773//2773 501//501 2776//2776 2777//2777
f 495//495 2773//2773 2777//2777 2753//2753
f 2753//2753 2777//2777 2760//2760 496//496
f 2777//2777 2776//2776 497//497 2760//2760
f 2778//2778 501//501 2774//2774 2780//2780
f 502//502 2778//2778 2780//2780 2779//2779
f 2779//2779 2780//2780 2742//2742 492//492
f 2780//2780 2774//2774 493//493 2742//2742
f 2776//2776 501//501 2778//2778 2782//2782
f 497//497 2776//2776 2782//2782 2763//2763
f 2763//2763 2782//2782 2781//2781 498//498
f 2782//2782 2778//2778 502//502 2781//2781
f 2739//2739 491//491 2784//2784 2785//2785
f 492//492 2739//2739 2785//2785 2779//2779
f 2779//2779 2785//2785 2783//2783 502//502
f 2785//2785 2784//2784 503//503 2783//2783
f 2783//2783 503//503 2786//2786 2787//2787
f 502//502 2783//2783 2787//2787 2781//2781
f 2781//2781 2787//2787 2766//2766 498//498
f 2787//2787 2786//2786 499//499 2766//2766
f 2788//2788 503//503 2784//2784 2790//2790
f 504//504 2788//2788 2790//2790 2789//2789
f 2789//2789 2790//2790 2736//2736 490//490
f 2790//2790 2784//2784 491//491 2736//2736
f 2786//2786 503//503 2788//2788 2792//2792
f 499//499 2786//2786 2792//2792 2769//2769
f 2769//2769 2792//2792 2791//2791 500//500
f 2792//2792 2788//2788 504//504 2791//2791
f 2791//2791 504//504 2789//2789 2793//2793
f 500//500 2791//2791 2793//2793 2771//2771
f 2771//2771 2793//2793 2733//2733 477//477
f 2793//2793 2789//2789 490//490 2733//2733
f 2794//2794 468//468 2681//2681 2797//2797
f 505//505 2794//2794 2797//2797 2795//2795
f 2795//2795 2797//2797 2796//2796 506//506
f 2797//2797 2681//2681 472//472 2796//2796
f 2796//2796 472//472 2687//2687 2800//2800
f 506//506 2796//2796 2800//2800 2798//2798
f 2798//2798 2800//2800 2799//2799 507//507
f 2800//2800 2687//2687 474//474 2799//2799
f 2799//2799 474//474 2716//2716 2803//2803
f 507//507 2799//2799 2803//2803 2801//2801
f 2801//2801 2803//2803 2802//2802 508//508
f 2803//2803 2716//2716 484//484 2802//2802
f 2802//2802 484//484 2713//2713 2806//2806
f 508//508 2802//2802 2806//2806 2804//2804
f 2804//2804 2806//2806 2805//2805 509//509
f 2806//2806 2713//2713 482//482 2805//2805
f 2805//2805 482//482 2709//2709 2809//2809
f 509//509 2805//2805 2809//2809 2807//2807
f 2807//2807 2809//2809 2808//2808 510//510
f 2809//2809 2709//2709 480//480 2808//2808
f 2808//2808 480//480 2705//2705 2812//2812
f 510//510 2808//2808 2812//2812 2810//2810
f 2810//2810 2812//2812 2811//2811 511//511
f 2812//2812 2705//2705 478//478 2811//2811
f 2811//2811 478//478 2701//2701 2814//2814
f 511//511 2811//2811 2814//2814 2813//2813
f 2813//2813 2814//2814 2645//2645 459//459
f 2814//2814 2701//2701 460//460 2645//2645
f 2813//2813 459//459 2648//2648 2817//2817
f 511//511 2813//2813 2817//2817 2815//2815
f 2815//2815 2817//2817 2816//2816 512//512
f 2817//2817 2648//2648 461//461 2816//2816
f 2810//2810 511//511 2815//2815 2820//2820
f 510//510 2810//2810 2820//2820 2818//2818
f 2818//2818 2820//2820 2819//2819 513//513
f 2820//2820 2815//2815 512//512 2819//2819
f 2807//2807 510//510 2818//2818 2823//2823
f 509//509 2807//2807 2823//2823 2821//2821
f 2821//2821 2823//2823 2822//2822 514//514
f 2823//2823 2818//2818 513//513 2822//2822
f 2801//2801 508//508 2825//2825 2826//2826
f 507//507 2801//2801 2826//2826 2798//2798
f 2798//2798 2826//2826 2824//2824 506//506
f 2826//2826 2825//2825 515//515 2824//2824
f 2824//2824 515//515 2828//2828 2829//2829
f 506//506 2824//2824 2829//2829 2795//2795
f 2795//2795 2829//2829 2827//2827 505//505
f 2829//2829 2828//2828 516//516 2827//2827
f 2830//2830 516//516 2828//2828 2833//2833
f 517//517 2830//2830 2833//2833 2831//2831
f 2831//2831 2833//2833 2832//2832 514//514
f 2833//2833 2828//2828 515//515 2832//2832
f 2827//2827 516//516 2830//2830 2836//2836
f 505//505 2827//2827 2836//2836 2834//2834
f 2834//2834 2836//2836 2835//2835 518//518
f 2836//2836 2830//2830 517//517 2835//2835
f 2794//2794 505//505 2834//2834 2838//2838
f 468//468 2794//2794 2838//2838 2672//2672
f 2672//2672 2838//2838 2837//2837 469//469
f 2838//2838 2834//2834 518//518 2837//2837
f 2832//2832 515//515 2825//2825 2839//2839
f 514//514 2832//2832 2839//2839 2821//2821
f 2821//2821 2839//2839 2804//2804 509//509
f 2839//2839 2825//2825 508//508 2804//2804
f 2840//2840 517//517 2831//2831 2842//2842
f 519//519 2840//2840 2842//2842 2841//2841
f 2841//2841 2842//2842 2822//2822 513//513
f 2842//2842 2831//2831 514//514 2822//2822
f 2843//2843 519//519 2841//2841 2845//2845
f 520//520 2843//2843 2845//2845 2844//2844
f 2844//2844 2845//2845 2819//2819 512//512
f 2845//2845 2841//2841 513//513 2819//2819
f 2846//2846 520//520 2844//2844 2848//2848
f 521//521 2846//2846 2848//2848 2847//2847
f 2847//2847 2848//2848 2816//2816 461//461
f 2848//2848 2844//2844 512//512 2816//2816
f 2649//2649 455//455 2850//2850 2851//2851
f 461//461 2649//2649 2851//2851 2847//2847
f 2847//2847 2851//2851 2849//2849 521//521
f 2851//2851 2850//2850 522//522 2849//2849
f 2850//2850 455//455 2636//2636 2854//2854
f 522//522 2850//2850 2854//2854 2852//2852
f 2852//2852 2854//2854 2853//2853 523//523
f 2854//2854 2636//2636 453//453 2853//2853
f 2853//2853 453//453 2632//2632 2857//2857
f 523//523 2853//2853 2857//2857 2855//2855
f 2855//2855 2857//2857 2856//2856 524//524
f 2857//2857 2632//2632 452//452 2856//2856
f 2855//2855 524//524 2860//2860 2861//2861
f 523//523 2855//2855 2861//2861 2858//2858
f 2858//2858 2861//2861 2859//2859 526//526
f 2861//2861 2860//2860 525//525 2859//2859
f 2852//2852 523//523 2858//2858 2864//2864
f 522//522 2852//2852 2864//2864 2862//2862
f 2862//2862 2864//2864 2863//2863 527//527
f 2864//2864 2858//2858 526//526 2863//2863
f 2849//2849 522//522 2862//2862 2867//2867
f 521//521 2849//2849 2867//2867 2865//2865
f 2865//2865 2867//2867 2866//2866 528//528
f 2867//2867 2862//2862 527//527 2866//2866
f 2846//2846 521//521 2865//2865 2870//2870
f 520//520 2846//2846 2870//2870 2868//2868
f 2868//2868 2870//2870 2869//2869 529//529
f 2870//2870 2865//2865 528//528 2869//2869
f 2843//2843 520//520 2868//2868 2872//2872
f 519//519 2843//2843 2872//2872 2840//2840
f 2840//2840 2872//2872 2871//2871 517//517
f 2872//2872 2868//2868 529//529 2871//2871
f 2873//2873 517//517 2871//2871 2876//2876
f 530//530 2873//2873 2876//2876 2874//2874
f 2874//2874 2876//2876 2875//2875 531//531
f 2876//2876 2871//2871 529//529 2875//2875
f 2875//2875 529//529 2869//2869 2879//2879
f 531//531 2875//2875 2879//2879 2877//2877
f 2877//2877 2879//2879 2878//2878 532//532
f 2879//2879 2869//2869 528//528 2878//2878
f 2878//2878 528//528 2866//2866 2882//2882
f 532//532 2878//2878 2882//2882 2880//2880
f 2880//2880 2882//2882 2881//2881 533//533
f 2882//2882 2866//2866 527//527 2881//2881
f 2883//2883 533//533 2881//2881 2885//2885
f 534//534 2883//2883 2885//2885 2884//2884
f 2884//2884 2885//2885 2863//2863 526//526
f 2885//2885 2881//2881 527//527 2863//2863
f 2883//2883 534//534 2888//2888 2889//2889
f 533//533 2883//2883 2889//2889 2886//2886
f 2886//2886 2889//2889 2887//2887 536//536
f 2889//2889 2888//2888 535//535 2887//2887
f 2890//2890 535//535 2888//2888 2891//2891
f 525//525 2890//2890 2891//2891 2859//2859
f 2859//2859 2891//2891 2884//2884 526//526
f 2891//2891 2888//2888 534//534 2884//2884
f 2880//2880 533//533 2886//2886 2894//2894
f 532//532 2880//2880 2894//2894 2892//2892
f 2892//2892 2894//2894 2893//2893 537//537
f 2894//2894 2886//2886 536//536 2893//2893
f 2837//2837 518//518 2897//2897 2898//2898
f 469//469 2837//2837 2898//2898 2895//2895
f 2895//2895 2898//2898 2896//2896 538//538
f 2898//2898 2897//2897 539//539 2896//2896
f 2897//2897 518//518 2835//2835 2900//2900
f 539//539 2897//2897 2900//2900 2899//2899
f 2899//2899 2900//2900 2873//2873 530//530
f 2900//2900 2835//2835 517//517 2873//2873
f 2901//2901 538//538 2896//2896 2903//2903
f 540//540 2901//2901 2903//2903 2902//2902
f 2902//2902 2903//2903 2899//2899 530//530
f 2903//2903 2896//2896 539//539 2899//2899
f 2904//2904 540//540 2902//2902 2906//2906
f 541//541 2904//2904 2906//2906 2905//2905
f 2905//2905 2906//2906 2874//2874 531//531
f 2906//2906 2902//2902 530//530 2874//2874
f 2907//2907 541//541 2905//2905 2908//2908
f 537//537 2907//2907 2908//2908 2892//2892
f 2892//2892 2908//2908 2877//2877 532//532
f 2908//2908 2905//2905 531//531 2877//2877
f 2909//2909 467//467 2671//2671 2911//2911
f 542//542 2909//2909 2911//2911 2910//2910
f 2910//2910 2911//2911 2895//2895 538//538
f 2911//2911 2671//2671 469//469 2895//2895
f 2912//2912 542//542 2910//2910 2914//2914
f 543//543 2912//2912 2914//2914 2913//2913
f 2913//2913 2914//2914 2901//2901 540//540
f 2914//2914 2910//2910 538//538 2901//2901
f 2915//2915 543//543 2913//2913 2916//2916
f 537//537 2915//2915 2916//2916 2907//2907
f 2907//2907 2916//2916 2904//2904 541//541
f 2916//2916 2913//2913 540//540 2904//2904
f 2915//2915 537//537 2893//2893 2919//2919
f 543//543 2915//2915 2919//2919 2917//2917
f 2917//2917 2919//2919 2918//2918 544//544
f 2919//2919 2893//2893 536//536 2918//2918
f 2912//2912 543//543 2917//2917 2922//2922
f 542//542 2912//2912 2922//2922 2920//2920
f 2920//2920 2922//2922 2921//2921 545//545
f 2922//2922 2917//2917 544//544 2921//2921
f 2909//2909 542//542 2920//2920 2924//2924
f 467//467 2909//2909 2924//2924 2667//2667
f 2667//2667 2924//2924 2923//2923 464//464
f 2924//2924 2920//2920 545//545 2923//2923
f 2925//2925 544//544 2918//2918 2927//2927
f 546//546 2925//2925 2927//2927 2926//2926
f 2926//2926 2927//2927 2887//2887 535//535
f 2927//2927 2918//2918 536//536 2887//2887
f 2926//2926 535//535 2890//2890 2930//2930
f 546//546 2926//2926 2930//2930 2928//2928
f 2928//2928 2930//2930 2929//2929 547//547
f 2930//2930 2890//2890 525//525 2929//2929
f 2929//2929 525//525 2860//2860 2933//2933
f 547//547 2929//2929 2933//2933 2931//2931
f 2931//2931 2933//2933 2932//2932 548//548
f 2933//2933 2860//2860 524//524 2932//2932
f 2932//2932 524//524 2856//2856 2935//2935
f 548//548 2932//2932 2935//2935 2934//2934
f 2934//2934 2935//2935 2628//2628 450//450
f 2935//2935 2856//2856 452//452 2628//2628
f 2934//2934 450//450 2624//2624 2938//2938
f 548//548 2934//2934 2938//2938 2936//2936
f 2936//2936 2938//2938 2937//2937 549//549
f 2938//2938 2624//2624 451//451 2937//2937
f 2931//2931 548//548 2936//2936 2941//2941
f 547//547 2931//2931 2941//2941 2939//2939
f 2939//2939 2941//2941 2940//2940 550//550
f 2941//2941 2936//2936 549//549 2940//2940
f 2942//2942 545//545 2921//2921 2944//2944
f 551//551 2942//2942 2944//2944 2943//2943
f 2943//2943 2944//2944 2925//2925 546//546
f 2944//2944 2921//2921 544//544 2925//2925
f 2945//2945 551//551 2943//2943 2946//2946
f 550//550 2945//2945 2946//2946 2939//2939
f 2939//2939 2946//2946 2928//2928 547//547
f 2946//2946 2943//2943 546//546 2928//2928
f 2947//2947 464//464 2923//2923 2949//2949
f 552//552 2947//2947 2949//2949 2948//2948
f 2948//2948 2949//2949 2942//2942 551//551
f 2949//2949 2923//2923 545//545 2942//2942
f 2661//2661 464//464 2947//2947 2951//2951
f 451//451 2661//2661 2951//2951 2937//2937
f 2937//2937 2951//2951 2950//2950 549//549
f 2951//2951 2947//2947 552//552 2950//2950
f 2950//2950 552//552 2948//2948 2952//2952
f 549//549 2950//2950 2952//2952 2940//2940
f 2940//2940 2952//2952 2945//2945 550//550
f 2952//2952 2948//2948 551//551 2945//2945
f 2953//2953 118//118 1634//1634 2955//2955
f 553//553 2953//2953 2955//2955 1651//1651
f 1651//1651 2955//2955 2954//2954 554//554
f 2955//2955 1634//1634 119//119 2954//2954
f 2954//2954 119//119 1638//1638 2957//2957
f 554//554 2954//2954 2957//2957 1650//1650
f 1650//1650 2957//2957 2956//2956 555//555
f 2957//2957 1638//1638 121//121 2956//2956
f 2956//2956 121//121 1646//1646 2959//2959
f 555//555 2956//2956 2959//2959 1649//1649
f 1649//1649 2959//2959 2958//2958 556//556
f 2959//2959 1646//1646 117//117 2958//2958
f 2958//2958 117//117 1631//1631 2960//2960
f 556//556 2958//2958 2960//2960 1648//1648
f 1648//1648 2960//2960 2953//2953 553//553
f 2960//2960 1631//1631 118//118 2953//2953
f 2961//2961 640//640 2964//2964 2965//2965
f 639//639 2961//2961 2965//2965 2962//2962
f 2962//2962 2965//2965 2963//2963 657//657
f 2965//2965 2964//2964 658//658 2963//2963
f 2059//2059 258//258 2968//2968 2969//2969
f 257//257 2059//2059 2969//2969 2966//2966
f 2966//2966 2969//2969 2967//2967 562//562
f 2969//2969 2968//2968 563//563 2967//2967
f 2056//2056 257//257 2966//2966 2972//2972
f 256//256 2056//2056 2972//2972 2970//2970
f 2970//2970 2972//2972 2971//2971 564//564
f 2972//2972 2966//2966 562//562 2971//2971
f 2053//2053 256//256 2970//2970 2975//2975
f 255//255 2053//2053 2975//2975 2973//2973
f 2973//2973 2975//2975 2974//2974 565//565
f 2975//2975 2970//2970 564//564 2974//2974
f 2050//2050 255//255 2973//2973 2978//2978
f 254//254 2050//2050 2978//2978 2976//2976
f 2976//2976 2978//2978 2977//2977 566//566
f 2978//2978 2973//2973 565//565 2977//2977
f 2047//2047 254//254 2976//2976 2981//2981
f 253//253 2047//2047 2981//2981 2979//2979
f 2979//2979 2981//2981 2980//2980 567//567
f 2981//2981 2976//2976 566//566 2980//2980
f 2044//2044 253//253 2979//2979 2984//2984
f 252//252 2044//2044 2984//2984 2982//2982
f 2982//2982 2984//2984 2983//2983 568//568
f 2984//2984 2979//2979 567//567 2983//2983
f 2041//2041 252//252 2982//2982 2987//2987
f 251//251 2041//2041 2987//2987 2985//2985
f 2985//2985 2987//2987 2986//2986 569//569
f 2987//2987 2982//2982 568//568 2986//2986
f 2038//2038 251//251 2985//2985 2990//2990
f 250//250 2038//2038 2990//2990 2988//2988
f 2988//2988 2990//2990 2989//2989 570//570
f 2990//2990 2985//2985 569//569 2989//2989
f 2035//2035 250//250 2988//2988 2993//2993
f 249//249 2035//2035 2993//2993 2991//2991
f 2991//2991 2993//2993 2992//2992 571//571
f 2993//2993 2988//2988 570//570 2992//2992
f 2031//2031 249//249 2991//2991 2996//2996
f 248//248 2031//2031 2996//2996 2994//2994
f 2994//2994 2996//2996 2995//2995 572//572
f 2996//2996 2991//2991 571//571 2995//2995
f 2069//2069 248//248 2994//2994 2999//2999
f 261//261 2069//2069 2999//2999 2997//2997
f 2997//2997 2999//2999 2998//2998 573//573
f 2999//2999 2994//2994 572//572 2998//2998
f 2072//2072 261//261 2997//2997 3002//3002
f 637//637 2072//2072 3002//3002 3000//3000
f 3000//3000 3002//3002 3001//3001 638//638
f 3002//3002 2997//2997 573//573 3001//3001
f 2074//2074 262//262 3005//3005 3006//3006
f 260//260 2074//2074 3006//3006 3003//3003
f 3003//3003 3006//3006 3004//3004 575//575
f 3006//3006 3005//3005 574//574 3004//3004
f 2065//2065 260//260 3003//3003 3009//3009
f 259//259 2065//2065 3009//3009 3007//3007
f 3007//3007 3009//3009 3008//3008 576//576
f 3009//3009 3003//3003 575//575 3008//3008
f 2062//2062 259//259 3007//3007 3011//3011
f 258//258 2062//2062 3011//3011 2968//2968
f 2968//2968 3011//3011 3010//3010 563//563
f 3011//3011 3007//3007 576//576 3010//3010
f 1731//1731 141//141 3014//3014 3015//3015
f 140//140 1731//1731 3015//3015 3012//3012
f 3012//3012 3015//3015 3013//3013 577//577
f 3015//3015 3014//3014 578//578 3013//3013
f 1734//1734 142//142 3017//3017 3018//3018
f 141//141 1734//1734 3018//3018 3014//3014
f 3014//3014 3018//3018 3016//3016 578//578
f 3018//3018 3017//3017 579//579 3016//3016
f 1737//1737 143//143 3020//3020 3021//3021
f 142//142 1737//1737 3021//3021 3017//3017
f 3017//3017 3021//3021 3019//3019 579//579
f 3021//3021 3020//3020 580//580 3019//3019
f 1740//1740 144//144 3023//3023 3024//3024
f 143//143 1740//1740 3024//3024 3020//3020
f 3020//3020 3024//3024 3022//3022 580//580
f 3024//3024 3023//3023 581//581 3022//3022
f 1745//1745 145//145 3026//3026 3027//3027
f 144//144 1745//1745 3027//3027 3023//3023
f 3023//3023 3027//3027 3025//3025 581//581
f 3027//3027 3026//3026 582//582 3025//3025
f 1702//1702 557//557 3030//3030 3031//3031
f 558//558 1702//1702 3031//3031 3028//3028
f 3028//3028 3031//3031 3029//3029 584//584
f 3031//3031 3030//3030 583//583 3029//3029
f 1706//1706 558//558 3028//3028 3034//3034
f 559//559 1706//1706 3034//3034 3032//3032
f 3032//3032 3034//3034 3033//3033 585//585
f 3034//3034 3028//3028 584//584 3033//3033
f 1709//1709 559//559 3032//3032 3037//3037
f 560//560 1709//1709 3037//3037 3035//3035
f 3035//3035 3037//3037 3036//3036 586//586
f 3037//3037 3032//3032 585//585 3036//3036
f 1712//1712 560//560 3035//3035 3040//3040
f 561//561 1712//1712 3040//3040 3038//3038
f 3038//3038 3040//3040 3039//3039 587//587
f 3040//3040 3035//3035 586//586 3039//3039
f 1715//1715 561//561 3038//3038 3042//3042
f 145//145 1715//1715 3042//3042 3026//3026
f 3026//3026 3042//3042 3041//3041 582//582
f 3042//3042 3038//3038 587//587 3041//3041
f 3013//3013 578//578 3045//3045 3046//3046
f 577//577 3013//3013 3046//3046 3043//3043
f 3043//3043 3046//3046 3044//3044 588//588
f 3046//3046 3045//3045 589//589 3044//3044
f 3016//3016 579//579 3048//3048 3049//3049
f 578//578 3016//3016 3049//3049 3045//3045
f 3045//3045 3049//3049 3047//3047 589//589
f 3049//3049 3048//3048 590//590 3047//3047
f 3019//3019 580//580 3051//3051 3052//3052
f 579//579 3019//3019 3052//3052 3048//3048
f 3048//3048 3052//3052 3050//3050 590//590
f 3052//3052 3051//3051 591//591 3050//3050
f 3022//3022 581//581 3054//3054 3055//3055
f 580//580 3022//3022 3055//3055 3051//3051
f 3051//3051 3055//3055 3053//3053 591//591
f 3055//3055 3054//3054 592//592 3053//3053
f 3025//3025 582//582 3057//3057 3058//3058
f 581//581 3025//3025 3058//3058 3054//3054
f 3054//3054 3058//3058 3056//3056 592//592
f 3058//3058 3057//3057 593//593 3056//3056
f 3029//3029 583//583 3061//3061 3062//3062
f 584//584 3029//3029 3062//3062 3059//3059
f 3059//3059 3062//3062 3060//3060 595//595
f 3062//3062 3061//3061 594//594 3060//3060
f 3033//3033 584//584 3059//3059 3065//3065
f 585//585 3033//3033 3065//3065 3063//3063
f 3063//3063 3065//3065 3064//3064 596//596
f 3065//3065 3059//3059 595//595 3064//3064
f 3036//3036 585//585 3063//3063 3068//3068
f 586//586 3036//3036 3068//3068 3066//3066
f 3066//3066 3068//3068 3067//3067 597//597
f 3068//3068 3063//3063 596//596 3067//3067
f 3039//3039 586//586 3066//3066 3071//3071
f 587//587 3039//3039 3071//3071 3069//3069
f 3069//3069 3071//3071 3070//3070 598//598
f 3071//3071 3066//3066 597//597 3070//3070
f 3041//3041 587//587 3069//3069 3073//3073
f 582//582 3041//3041 3073//3073 3057//3057
f 3057//3057 3073//3073 3072//3072 593//593
f 3073//3073 3069//3069 598//598 3072//3072
f 3074//3074 619//619 3077//3077 3078//3078
f 620//620 3074//3074 3078//3078 3075//3075
f 3075//3075 3078//3078 3076//3076 599//599
f 3078//3078 3077//3077 600//600 3076//3076
f 3079//3079 618//618 3081//3081 3082//3082
f 619//619 3079//3079 3082//3082 3077//3077
f 3077//3077 3082//3082 3080//3080 600//600
f 3082//3082 3081//3081 601//601 3080//3080
f 3083//3083 617//617 3085//3085 3086//3086
f 618//618 3083//3083 3086//3086 3081//3081
f 3081//3081 3086//3086 3084//3084 601//601
f 3086//3086 3085//3085 602//602 3084//3084
f 3087//3087 616//616 3089//3089 3090//3090
f 617//617 3087//3087 3090//3090 3085//3085
f 3085//3085 3090//3090 3088//3088 602//602
f 3090//3090 3089//3089 603//603 3088//3088
f 3091//3091 615//615 3093//3093 3094//3094
f 616//616 3091//3091 3094//3094 3089//3089
f 3089//3089 3094//3094 3092//3092 603//603
f 3094//3094 3093//3093 604//604 3092//3092
f 3095//3095 610//610 3098//3098 3099//3099
f 611//611 3095//3095 3099//3099 3096//3096
f 3096//3096 3099//3099 3097//3097 606//606
f 3099//3099 3098//3098 605//605 3097//3097
f 3100//3100 611//611 3096//3096 3103//3103
f 612//612 3100//3100 3103//3103 3101//3101
f 3101//3101 3103//3103 3102//3102 607//607
f 3103//3103 3096//3096 606//606 3102//3102
f 3104//3104 612//612 3101//3101 3107//3107
f 613//613 3104//3104 3107//3107 3105//3105
f 3105//3105 3107//3107 3106//3106 608//608
f 3107//3107 3101//3101 607//607 3106//3106
f 3108//3108 613//613 3105//3105 3111//3111
f 614//614 3108//3108 3111//3111 3109//3109
f 3109//3109 3111//3111 3110//3110 609//609
f 3111//3111 3105//3105 608//608 3110//3110
f 3112//3112 614//614 3109//3109 3114//3114
f 615//615 3112//3112 3114//3114 3093//3093
f 3093//3093 3114//3114 3113//3113 604//604
f 3114//3114 3109//3109 609//609 3113//3113
f 3060//3060 594//594 3116//3116 3117//3117
f 595//595 3060//3060 3117//3117 3115//3115
f 3115//3115 3117//3117 3095//3095 611//611
f 3117//3117 3116//3116 610//610 3095//3095
f 3064//3064 595//595 3115//3115 3119//3119
f 596//596 3064//3064 3119//3119 3118//3118
f 3118//3118 3119//3119 3100//3100 612//612
f 3119//3119 3115//3115 611//611 3100//3100
f 3067//3067 596//596 3118//3118 3121//3121
f 597//597 3067//3067 3121//3121 3120//3120
f 3120//3120 3121//3121 3104//3104 613//613
f 3121//3121 3118//3118 612//612 3104//3104
f 3070//3070 597//597 3120//3120 3123//3123
f 598//598 3070//3070 3123//3123 3122//3122
f 3122//3122 3123//3123 3108//3108 614//614
f 3123//3123 3120//3120 613//613 3108//3108
f 3072//3072 598//598 3122//3122 3125//3125
f 593//593 3072//3072 3125//3125 3124//3124
f 3124//3124 3125//3125 3112//3112 615//615
f 3125//3125 3122//3122 614//614 3112//3112
f 3056//3056 593//593 3124//3124 3127//3127
f 592//592 3056//3056 3127//3127 3126//3126
f 3126//3126 3127//3127 3091//3091 616//616
f 3127//3127 3124//3124 615//615 3091//3091
f 3053//3053 592//592 3126//3126 3129//3129
f 591//591 3053//3053 3129//3129 3128//3128
f 3128//3128 3129//3129 3087//3087 617//617
f 3129//3129 3126//3126 616//616 3087//3087
f 3050//3050 591//591 3128//3128 3131//3131
f 590//590 3050//3050 3131//3131 3130//3130
f 3130//3130 3131//3131 3083//3083 618//618
f 3131//3131 3128//3128 617//617 3083//3083
f 3047//3047 590//590 3130//3130 3133//3133
f 589//589 3047//3047 3133//3133 3132//3132
f 3132//3132 3133//3133 3079//3079 619//619
f 3133//3133 3130//3130 618//618 3079//3079
f 3044//3044 589//589 3132//3132 3135//3135
f 588//588 3044//3044 3135//3135 3134//3134
f 3134//3134 3135//3135 3074//3074 620//620
f 3135//3135 3132//3132 619//619 3074//3074
f 3136//3136 177//177 1814//1814 3138//3138
f 622//622 3136//3136 3138//3138 1978//1978
f 1978//1978 3138//3138 3137//3137 621//621
f 3138//3138 1814//1814 179//179 3137//3137
f 3139//3139 171//171 1810//1810 3140//3140
f 623//623 3139//3139 3140//3140 1974//1974
f 1974//1974 3140//3140 3136//3136 622//622
f 3140//3140 1810//1810 177//177 3136//3136
f 3141//3141 170//170 1795//1795 3142//3142
f 624//624 3141//3141 3142//3142 1970//1970
f 1970//1970 3142//3142 3139//3139 623//623
f 3142//3142 1795//1795 171//171 3139//3139
f 2029//2029 625//625 3143//3143 3144//3144
f 624//624 2029//2029 3144//3144 3141//3141
f 3141//3141 3144//3144 1792//1792 170//170
f 3144//3144 3143//3143 169//169 1792//1792
f 2026//2026 626//626 3145//3145 3146//3146
f 625//625 2026//2026 3146//3146 3143//3143
f 3143//3143 3146//3146 1808//1808 169//169
f 3146//3146 3145//3145 175//175 1808//1808
f 2022//2022 627//627 3147//3147 3148//3148
f 626//626 2022//2022 3148//3148 3145//3145
f 3145//3145 3148//3148 1858//1858 175//175
f 3148//3148 3147//3147 198//198 1858//1858
f 2018//2018 628//628 3149//3149 3150//3150
f 627//627 2018//2018 3150//3150 3147//3147
f 3147//3147 3150//3150 1854//1854 198//198
f 3150//3150 3149//3149 196//196 1854//1854
f 2014//2014 629//629 3151//3151 3152//3152
f 628//628 2014//2014 3152//3152 3149//3149
f 3149//3149 3152//3152 1850//1850 196//196
f 3152//3152 3151//3151 194//194 1850//1850
f 2010//2010 630//630 3153//3153 3154//3154
f 629//629 2010//2010 3154//3154 3151//3151
f 3151//3151 3154//3154 1846//1846 194//194
f 3154//3154 3153//3153 192//192 1846//1846
f 3155//3155 190//190 1842//1842 3156//3156
f 631//631 3155//3155 3156//3156 2006//2006
f 2006//2006 3156//3156 3153//3153 630//630
f 3156//3156 1842//1842 192//192 3153//3153
f 3157//3157 188//188 1838//1838 3158//3158
f 632//632 3157//3157 3158//3158 2002//2002
f 2002//2002 3158//3158 3155//3155 631//631
f 3158//3158 1838//1838 190//190 3155//3155
f 3159//3159 186//186 1834//1834 3160//3160
f 633//633 3159//3159 3160//3160 1998//1998
f 1998//1998 3160//3160 3157//3157 632//632
f 3160//3160 1834//1834 188//188 3157//3157
f 3161//3161 185//185 1832//1832 3162//3162
f 634//634 3161//3161 3162//3162 1994//1994
f 1994//1994 3162//3162 3159//3159 633//633
f 3162//3162 1832//1832 186//186 3159//3159
f 3163//3163 183//183 1826//1826 3164//3164
f 635//635 3163//3163 3164//3164 1990//1990
f 1990//1990 3164//3164 3161//3161 634//634
f 3164//3164 1826//1826 185//185 3161//3161
f 3165//3165 181//181 1822//1822 3166//3166
f 636//636 3165//3165 3166//3166 1986//1986
f 1986//1986 3166//3166 3163//3163 635//635
f 3166//3166 1822//1822 183//183 3163//3163
f 3137//3137 179//179 1818//1818 3167//3167
f 621//621 3137//3137 3167//3167 1980//1980
f 1980//1980 3167//3167 3165//3165 636//636
f 3167//3167 1818//1818 181//181 3165//3165
f 2000//2000 241//241 2071//2071 3169//3169
f 240//240 2000//2000 3169//3169 2075//2075
f 2075//2075 3169//3169 3168//3168 262//262
f 3169//3169 2071//2071 637//637 3168//3168
f 3000//3000 638//638 3170//3170 3171//3171
f 637//637 3000//3000 3171//3171 3168//3168
f 3168//3168 3171//3171 3005//3005 262//262
f 3171//3171 3170//3170 574//574 3005//3005
f 2967//2967 563//563 3173//3173 3174//3174
f 562//562 2967//2967 3174//3174 3172//3172
f 3172//3172 3174//3174 2961//2961 639//639
f 3174//3174 3173//3173 640//640 2961//2961
f 2971//2971 562//562 3172//3172 3177//3177
f 564//564 2971//2971 3177//3177 3175//3175
f 3175//3175 3177//3177 3176//3176 641//641
f 3177//3177 3172//3172 639//639 3176//3176
f 2974//2974 564//564 3175//3175 3180//3180
f 565//565 2974//2974 3180//3180 3178//3178
f 3178//3178 3180//3180 3179//3179 642//642
f 3180//3180 3175//3175 641//641 3179//3179
f 2977//2977 565//565 3178//3178 3183//3183
f 566//566 2977//2977 3183//3183 3181//3181
f 3181//3181 3183//3183 3182//3182 643//643
f 3183//3183 3178//3178 642//642 3182//3182
f 2980//2980 566//566 3181//3181 3186//3186
f 567//567 2980//2980 3186//3186 3184//3184
f 3184//3184 3186//3186 3185//3185 644//644
f 3186//3186 3181//3181 643//643 3185//3185
f 2983//2983 567//567 3184//3184 3189//3189
f 568//568 2983//2983 3189//3189 3187//3187
f 3187//3187 3189//3189 3188//3188 645//645
f 3189//3189 3184//3184 644//644 3188//3188
f 2986//2986 568//568 3187//3187 3192//3192
f 569//569 2986//2986 3192//3192 3190//3190
f 3190//3190 3192//3192 3191//3191 646//646
f 3192//3192 3187//3187 645//645 3191//3191
f 2989//2989 569//569 3190//3190 3195//3195
f 570//570 2989//2989 3195//3195 3193//3193
f 3193//3193 3195//3195 3194//3194 647//647
f 3195//3195 3190//3190 646//646 3194//3194
f 2992//2992 570//570 3193//3193 3198//3198
f 571//571 2992//2992 3198//3198 3196//3196
f 3196//3196 3198//3198 3197//3197 648//648
f 3198//3198 3193//3193 647//647 3197//3197
f 2995//2995 571//571 3196//3196 3201//3201
f 572//572 2995//2995 3201//3201 3199//3199
f 3199//3199 3201//3201 3200//3200 649//649
f 3201//3201 3196//3196 648//648 3200//3200
f 2998//2998 572//572 3199//3199 3204//3204
f 573//573 2998//2998 3204//3204 3202//3202
f 3202//3202 3204//3204 3203//3203 650//650
f 3204//3204 3199//3199 649//649 3203//3203
f 3001//3001 573//573 3202//3202 3207//3207
f 638//638 3001//3001 3207//3207 3205//3205
f 3205//3205 3207//3207 3206//3206 651//651
f 3207//3207 3202//3202 650//650 3206//3206
f 3170//3170 638//638 3205//3205 3210//3210
f 574//574 3170//3170 3210//3210 3208//3208
f 3208//3208 3210//3210 3209//3209 652//652
f 3210//3210 3205//3205 651//651 3209//3209
f 3004//3004 574//574 3208//3208 3213//3213
f 575//575 3004//3004 3213//3213 3211//3211
f 3211//3211 3213//3213 3212//3212 653//653
f 3213//3213 3208//3208 652//652 3212//3212
f 3008//3008 575//575 3211//3211 3216//3216
f 576//576 3008//3008 3216//3216 3214//3214
f 3214//3214 3216//3216 3215//3215 654//654
f 3216//3216 3211//3211 653//653 3215//3215
f 3010//3010 576//576 3214//3214 3218//3218
f 563//563 3010//3010 3218//3218 3173//3173
f 3173//3173 3218//3218 3217//3217 640//640
f 3218//3218 3214//3214 654//654 3217//3217
f 3219//3219 656//656 3221//3221 3222//3222
f 641//641 3219//3219 3222//3222 3179//3179
f 3179//3179 3222//3222 3220//3220 642//642
f 3222//3222 3221//3221 655//655 3220//3220
f 2962//2962 657//657 3223//3223 3224//3224
f 639//639 2962//2962 3224//3224 3176//3176
f 3176//3176 3224//3224 3219//3219 641//641
f 3224//3224 3223//3223 656//656 3219//3219
f 3220//3220 655//655 3225//3225 3226//3226
f 642//642 3220//3220 3226//3226 3182//3182
f 3182//3182 3226//3226 3185//3185 643//643
f 3226//3226 3225//3225 644//644 3185//3185
f 3227//3227 654//654 3215//3215 3229//3229
f 659//659 3227//3227 3229//3229 3228//3228
f 3228//3228 3229//3229 3212//3212 652//652
f 3229//3229 3215//3215 653//653 3212//3212
f 3230//3230 646//646 3191//3191 3231//3231
f 655//655 3230//3230 3231//3231 3225//3225
f 3225//3225 3231//3231 3188//3188 644//644
f 3231//3231 3191//3191 645//645 3188//3188
f 3232//3232 647//647 3194//3194 3233//3233
f 656//656 3232//3232 3233//3233 3221//3221
f 3221//3221 3233//3233 3230//3230 655//655
f 3233//3233 3194//3194 646//646 3230//3230
f 3234//3234 648//648 3197//3197 3235//3235
f 657//657 3234//3234 3235//3235 3223//3223
f 3223//3223 3235//3235 3232//3232 656//656
f 3235//3235 3197//3197 647//647 3232//3232
f 2963//2963 658//658 3236//3236 3237//3237
f 657//657 2963//2963 3237//3237 3234//3234
f 3234//3234 3237//3237 3200//3200 648//648
f 3237//3237 3236//3236 649//649 3200//3200
f 3228//3228 652//652 3209//3209 3239//3239
f 659//659 3228//3228 3239//3239 3238//3238
f 3238//3238 3239//3239 3206//3206 650//650
f 3239//3239 3209//3209 651//651 3206//3206
f 2964//2964 640//640 3217//3217 3241//3241
f 658//658 2964//2964 3241//3241 3240//3240
f 3240//3240 3241//3241 3227//3227 659//659
f 3241//3241 3217//3217 654//654 3227//3227
f 3238//3238 650//650 3203//3203 3242//3242
f 659//659 3238//3238 3242//3242 3240//3240
f 3240//3240 3242//3242 3236//3236 658//658
f 3242//3242 3203//3203 649//649 3236//3236
f 3243//3243 679//679 3245//3245 3246//3246
f 673//673 3243//3243 3246//3246 3244//3244
f 3244//3244 3246//3246 2127//2127 283//283
f 3246//3246 3245//3245 289//289 2127//2127
f 3247//3247 677//677 3249//3249 3250//3250
f 674//674 3247//3247 3250//3250 3248//3248
f 3248//3248 3250//3250 2131//2131 284//284
f 3250//3250 3249//3249 287//287 2131//2131
f 3251//3251 678//678 3253//3253 3254//3254
f 675//675 3251//3251 3254//3254 3252//3252
f 3252//3252 3254//3254 2135//2135 285//285
f 3254//3254 3253//3253 288//288 2135//2135
f 3255//3255 675//675 3252//3252 3257//3257
f 676//676 3255//3255 3257//3257 3256//3256
f 3256//3256 3257//3257 2138//2138 286//286
f 3257//3257 3252//3252 285//285 2138//2138
f 3258//3258 672//672 2095//2095 3259//3259
f 677//677 3258//3258 3259//3259 3249//3249
f 3249//3249 3259//3259 2140//2140 287//287
f 3259//3259 2095//2095 268//268 2140//2140
f 3260//3260 674//674 3248//3248 3261//3261
f 678//678 3260//3260 3261//3261 3253//3253
f 3253//3253 3261//3261 2142//2142 288//288
f 3261//3261 3248//3248 284//284 2142//2142
f 3262//3262 676//676 3256//3256 3263//3263
f 679//679 3262//3262 3263//3263 3245//3245
f 3245//3245 3263//3263 2144//2144 289//289
f 3263//3263 3256//3256 286//286 2144//2144
f 1311//1311 1//1 3266//3266 3267//3267
f 4//4 1311//1311 3267//3267 3264//3264
f 3264//3264 3267//3267 3265//3265 681//681
f 3267//3267 3266//3266 680//680 3265//3265
f 3264//3264 681//681 3269//3269 3270//3270
f 4//4 3264//3264 3270//3270 1315//1315
f 1315//1315 3270//3270 3268//3268 6//6
f 3270//3270 3269//3269 682//682 3268//3268
f 3268//3268 682//682 3272//3272 3273//3273
f 6//6 3268//3268 3273//3273 1319//1319
f 1319//1319 3273//3273 3271//3271 8//8
f 3273//3273 3272//3272 683//683 3271//3271
f 3265//3265 680//680 3276//3276 3277//3277
f 681//681 3265//3265 3277//3277 3274//3274
f 3274//3274 3277//3277 3275//3275 685//685
f 3277//3277 3276//3276 684//684 3275//3275
f 3269//3269 681//681 3274//3274 3280//3280
f 682//682 3269//3269 3280//3280 3278//3278
f 3278//3278 3280//3280 3279//3279 686//686
f 3280//3280 3274//3274 685//685 3279//3279
f 3272//3272 682//682 3278//3278 3283//3283
f 683//683 3272//3272 3283//3283 3281//3281
f 3281//3281 3283//3283 3282//3282 687//687
f 3283//3283 3278//3278 686//686 3282//3282
f 3282//3282 686//686 3286//3286 3287//3287
f 687//687 3282//3282 3287//3287 3284//3284
f 3284//3284 3287//3287 3285//3285 689//689
f 3287//3287 3286//3286 688//688 3285//3285
f 3286//3286 686//686 3290//3290 3291//3291
f 688//688 3286//3286 3291//3291 3288//3288
f 3288//3288 3291//3291 3289//3289 691//691
f 3291//3291 3290//3290 690//690 3289//3289
f 3290//3290 686//686 3279//3279 3294//3294
f 690//690 3290//3290 3294//3294 3292//3292
f 3292//3292 3294//3294 3293//3293 692//692
f 3294//3294 3279//3279 685//685 3293//3293
f 3293//3293 685//685 3275//3275 3297//3297
f 692//692 3293//3293 3297//3297 3295//3295
f 3295//3295 3297//3297 3296//3296 693//693
f 3297//3297 3275//3275 684//684 3296//3296
f 3295//3295 693//693 3300//3300 3301//3301
f 692//692 3295//3295 3301//3301 3298//3298
f 3298//3298 3301//3301 3299//3299 695//695
f 3301//3301 3300//3300 694//694 3299//3299
f 3292//3292 692//692 3298//3298 3304//3304
f 690//690 3292//3292 3304//3304 3302//3302
f 3302//3302 3304//3304 3303//3303 696//696
f 3304//3304 3298//3298 695//695 3303//3303
f 3289//3289 690//690 3302//3302 3307//3307
f 691//691 3289//3289 3307//3307 3305//3305
f 3305//3305 3307//3307 3306//3306 697//697
f 3307//3307 3302//3302 696//696 3306//3306
f 3308//3308 23//23 1355//1355 3311//3311
f 699//699 3308//3308 3311//3311 3309//3309
f 3309//3309 3311//3311 3310//3310 698//698
f 3311//3311 1355//1355 26//26 3310//3310
f 3312//3312 699//699 3309//3309 3315//3315
f 701//701 3312//3312 3315//3315 3313//3313
f 3313//3313 3315//3315 3314//3314 700//700
f 3315//3315 3309//3309 698//698 3314//3314
f 3316//3316 701//701 3313//3313 3319//3319
f 703//703 3316//3316 3319//3319 3317//3317
f 3317//3317 3319//3319 3318//3318 702//702
f 3319//3319 3313//3313 700//700 3318//3318
f 3320//3320 703//703 3317//3317 3323//3323
f 705//705 3320//3320 3323//3323 3321//3321
f 3321//3321 3323//3323 3322//3322 704//704
f 3323//3323 3317//3317 702//702 3322//3322
f 3324//3324 705//705 3321//3321 3327//3327
f 707//707 3324//3324 3327//3327 3325//3325
f 3325//3325 3327//3327 3326//3326 706//706
f 3327//3327 3321//3321 704//704 3326//3326
f 3325//3325 706//706 3329//3329 3330//3330
f 707//707 3325//3325 3330//3330 3328//3328
f 3328//3328 3330//3330 3299//3299 694//694
f 3330//3330 3329//3329 695//695 3299//3299
f 3303//3303 695//695 3329//3329 3333//3333
f 696//696 3303//3303 3333//3333 3331//3331
f 3331//3331 3333//3333 3332//3332 708//708
f 3333//3333 3329//3329 706//706 3332//3332
f 3306//3306 696//696 3331//3331 3336//3336
f 697//697 3306//3306 3336//3336 3334//3334
f 3334//3334 3336//3336 3335//3335 709//709
f 3336//3336 3331//3331 708//708 3335//3335
f 3332//3332 706//706 3326//3326 3339//3339
f 708//708 3332//3332 3339//3339 3337//3337
f 3337//3337 3339//3339 3338//3338 710//710
f 3339//3339 3326//3326 704//704 3338//3338
f 3335//3335 708//708 3337//3337 3342//3342
f 709//709 3335//3335 3342//3342 3340//3340
f 3340//3340 3342//3342 3341//3341 711//711
f 3342//3342 3337//3337 710//710 3341//3341
f 3343//3343 709//709 3340//3340 3346//3346
f 713//713 3343//3343 3346//3346 3344//3344
f 3344//3344 3346//3346 3345//3345 712//712
f 3346//3346 3340//3340 711//711 3345//3345
f 3334//3334 709//709 3343//3343 3349//3349
f 697//697 3334//3334 3349//3349 3347//3347
f 3347//3347 3349//3349 3348//3348 714//714
f 3349//3349 3343//3343 713//713 3348//3348
f 3305//3305 697//697 3347//3347 3352//3352
f 691//691 3305//3305 3352//3352 3350//3350
f 3350//3350 3352//3352 3351//3351 715//715
f 3352//3352 3347//3347 714//714 3351//3351
f 3288//3288 691//691 3350//3350 3355//3355
f 688//688 3288//3288 3355//3355 3353//3353
f 3353//3353 3355//3355 3354//3354 716//716
f 3355//3355 3350//3350 715//715 3354//3354
f 3285//3285 688//688 3353//3353 3358//3358
f 689//689 3285//3285 3358//3358 3356//3356
f 3356//3356 3358//3358 3357//3357 717//717
f 3358//3358 3353//3353 716//716 3357//3357
f 3310//3310 26//26 1407//1407 3361//3361
f 698//698 3310//3310 3361//3361 3359//3359
f 3359//3359 3361//3361 3360//3360 718//718
f 3361//3361 1407//1407 46//46 3360//3360
f 3314//3314 698//698 3359//3359 3364//3364
f 700//700 3314//3314 3364//3364 3362//3362
f 3362//3362 3364//3364 3363//3363 719//719
f 3364//3364 3359//3359 718//718 3363//3363
f 3318//3318 700//700 3362//3362 3367//3367
f 702//702 3318//3318 3367//3367 3365//3365
f 3365//3365 3367//3367 3366//3366 720//720
f 3367//3367 3362//3362 719//719 3366//3366
f 3322//3322 702//702 3365//3365 3369//3369
f 704//704 3322//3322 3369//3369 3338//3338
f 3338//3338 3369//3369 3368//3368 710//710
f 3369//3369 3365//3365 720//720 3368//3368
f 3368//3368 720//720 3371//3371 3372//3372
f 710//710 3368//3368 3372//3372 3341//3341
f 3341//3341 3372//3372 3370//3370 711//711
f 3372//3372 3371//3371 721//721 3370//3370
f 3370//3370 721//721 3374//3374 3375//3375
f 711//711 3370//3370 3375//3375 3345//3345
f 3345//3345 3375//3375 3373//3373 712//712
f 3375//3375 3374//3374 722//722 3373//3373
f 3376//3376 722//722 3374//3374 3379//3379
f 724//724 3376//3376 3379//3379 3377//3377
f 3377//3377 3379//3379 3378//3378 723//723
f 3379//3379 3374//3374 721//721 3378//3378
f 3378//3378 721//721 3371//3371 3381//3381
f 723//723 3378//3378 3381//3381 3380//3380
f 3380//3380 3381//3381 3366//3366 719//719
f 3381//3381 3371//3371 720//720 3366//3366
f 3382//3382 723//723 3380//3380 3384//3384
f 725//725 3382//3382 3384//3384 3383//3383
f 3383//3383 3384//3384 3363//3363 718//718
f 3384//3384 3380//3380 719//719 3363//3363
f 3385//3385 725//725 3383//3383 3386//3386
f 54//54 3385//3385 3386//3386 1434//1434
f 1434//1434 3386//3386 3360//3360 46//46
f 3386//3386 3383//3383 718//718 3360//3360
f 3385//3385 54//54 1437//1437 3389//3389
f 725//725 3385//3385 3389//3389 3387//3387
f 3387//3387 3389//3389 3388//3388 726//726
f 3389//3389 1437//1437 56//56 3388//3388
f 3387//3387 726//726 3390//3390 3391//3391
f 725//725 3387//3387 3391//3391 3382//3382
f 3382//3382 3391//3391 3377//3377 723//723
f 3391//3391 3390//3390 724//724 3377//3377
f 3388//3388 56//56 1443//1443 3394//3394
f 726//726 3388//3388 3394//3394 3392//3392
f 3392//3392 3394//3394 3393//3393 727//727
f 3394//3394 1443//1443 58//58 3393//3393
f 3390//3390 726//726 3392//3392 3397//3397
f 724//724 3390//3390 3397//3397 3395//3395
f 3395//3395 3397//3397 3396//3396 728//728
f 3397//3397 3392//3392 727//727 3396//3396
f 3395//3395 728//728 3399//3399 3400//3400
f 724//724 3395//3395 3400//3400 3376//3376
f 3376//3376 3400//3400 3398//3398 722//722
f 3400//3400 3399//3399 729//729 3398//3398
f 3373//3373 722//722 3398//3398 3403//3403
f 712//712 3373//3373 3403//3403 3401//3401
f 3401//3401 3403//3403 3402//3402 730//730
f 3403//3403 3398//3398 729//729 3402//3402
f 3404//3404 729//729 3399//3399 3407//3407
f 732//732 3404//3404 3407//3407 3405//3405
f 3405//3405 3407//3407 3406//3406 731//731
f 3407//3407 3399//3399 728//728 3406//3406
f 3408//3408 732//732 3405//3405 3411//3411
f 734//734 3408//3408 3411//3411 3409//3409
f 3409//3409 3411//3411 3410//3410 733//733
f 3411//3411 3405//3405 731//731 3410//3410
f 3412//3412 734//734 3409//3409 3415//3415
f 736//736 3412//3412 3415//3415 3413//3413
f 3413//3413 3415//3415 3414//3414 735//735
f 3415//3415 3409//3409 733//733 3414//3414
f 3416//3416 736//736 3413//3413 3419//3419
f 738//738 3416//3416 3419//3419 3417//3417
f 3417//3417 3419//3419 3418//3418 737//737
f 3419//3419 3413//3413 735//735 3418//3418
f 3420//3420 738//738 3417//3417 3423//3423
f 740//740 3420//3420 3423//3423 3421//3421
f 3421//3421 3423//3423 3422//3422 739//739
f 3423//3423 3417//3417 737//737 3422//3422
f 3422//3422 737//737 3426//3426 3427//3427
f 739//739 3422//3422 3427//3427 3424//3424
f 3424//3424 3427//3427 3425//3425 742//742
f 3427//3427 3426//3426 741//741 3425//3425
f 3425//3425 741//741 3429//3429 3430//3430
f 742//742 3425//3425 3430//3430 3428//3428
f 3428//3428 3430//3430 1481//1481 663//663
f 3430//3430 3429//3429 71//71 1481//1481
f 3426//3426 737//737 3418//3418 3433//3433
f 741//741 3426//3426 3433//3433 3431//3431
f 3431//3431 3433//3433 3432//3432 743//743
f 3433//3433 3418//3418 735//735 3432//3432
f 3432//3432 735//735 3414//3414 3436//3436
f 743//743 3432//3432 3436//3436 3434//3434
f 3434//3434 3436//3436 3435//3435 744//744
f 3436//3436 3414//3414 733//733 3435//3435
f 3435//3435 733//733 3410//3410 3439//3439
f 744//744 3435//3435 3439//3439 3437//3437
f 3437//3437 3439//3439 3438//3438 745//745
f 3439//3439 3410//3410 731//731 3438//3438
f 3438//3438 731//731 3406//3406 3441//3441
f 745//745 3438//3438 3441//3441 3440//3440
f 3440//3440 3441//3441 3396//3396 727//727
f 3441//3441 3406//3406 728//728 3396//3396
f 3442//3442 745//745 3440//3440 3443//3443
f 75//75 3442//3442 3443//3443 1495//1495
f 1495//1495 3443//3443 3393//3393 58//58
f 3443//3443 3440//3440 727//727 3393//3393
f 3437//3437 745//745 3442//3442 3445//3445
f 744//744 3437//3437 3445//3445 3444//3444
f 3444//3444 3445//3445 1498//1498 76//76
f 3445//3445 3442//3442 75//75 1498//1498
f 3434//3434 744//744 3444//3444 3447//3447
f 743//743 3434//3434 3447//3447 3446//3446
f 3446//3446 3447//3447 1501//1501 77//77
f 3447//3447 3444//3444 76//76 1501//1501
f 3431//3431 743//743 3446//3446 3448//3448
f 741//741 3431//3431 3448//3448 3429//3429
f 3429//3429 3448//3448 1504//1504 71//71
f 3448//3448 3446//3446 77//77 1504//1504
f 3449//3449 738//738 3420//3420 3452//3452
f 747//747 3449//3449 3452//3452 3450//3450
f 3450//3450 3452//3452 3451//3451 746//746
f 3452//3452 3420//3420 740//740 3451//3451
f 3449//3449 747//747 3454//3454 3455//3455
f 738//738 3449//3449 3455//3455 3416//3416
f 3416//3416 3455//3455 3453//3453 736//736
f 3455//3455 3454//3454 748//748 3453//3453
f 3453//3453 748//748 3457//3457 3458//3458
f 736//736 3453//3453 3458//3458 3412//3412
f 3412//3412 3458//3458 3456//3456 734//734
f 3458//3458 3457//3457 749//749 3456//3456
f 3456//3456 749//749 3460//3460 3461//3461
f 734//734 3456//3456 3461//3461 3408//3408
f 3408//3408 3461//3461 3459//3459 732//732
f 3461//3461 3460//3460 750//750 3459//3459
f 3402//3402 729//729 3404//3404 3464//3464
f 730//730 3402//3402 3464//3464 3462//3462
f 3462//3462 3464//3464 3463//3463 751//751
f 3464//3464 3404//3404 732//732 3463//3463
f 3463//3463 732//732 3459//3459 3467//3467
f 751//751 3463//3463 3467//3467 3465//3465
f 3465//3465 3467//3467 3466//3466 752//752
f 3467//3467 3459//3459 750//750 3466//3466
f 3468//3468 747//747 3450//3450 3471//3471
f 754//754 3468//3468 3471//3471 3469//3469
f 3469//3469 3471//3471 3470//3470 753//753
f 3471//3471 3450//3450 746//746 3470//3470
f 3468//3468 754//754 3473//3473 3474//3474
f 747//747 3468//3468 3474//3474 3454//3454
f 3454//3454 3474//3474 3472//3472 748//748
f 3474//3474 3473//3473 755//755 3472//3472
f 3472//3472 755//755 3476//3476 3477//3477
f 748//748 3472//3472 3477//3477 3457//3457
f 3457//3457 3477//3477 3475//3475 749//749
f 3477//3477 3476//3476 756//756 3475//3475
f 3475//3475 756//756 3479//3479 3480//3480
f 749//749 3475//3475 3480//3480 3460//3460
f 3460//3460 3480//3480 3478//3478 750//750
f 3480//3480 3479//3479 757//757 3478//3478
f 3478//3478 757//757 3482//3482 3483//3483
f 750//750 3478//3478 3483//3483 3466//3466
f 3466//3466 3483//3483 3481//3481 752//752
f 3483//3483 3482//3482 758//758 3481//3481
f 3484//3484 713//713 3344//3344 3486//3486
f 759//759 3484//3484 3486//3486 3485//3485
f 3485//3485 3486//3486 3401//3401 730//730
f 3486//3486 3344//3344 712//712 3401//3401
f 3487//3487 759//759 3485//3485 3489//3489
f 760//760 3487//3487 3489//3489 3488//3488
f 3488//3488 3489//3489 3462//3462 751//751
f 3489//3489 3485//3485 730//730 3462//3462
f 3490//3490 760//760 3488//3488 3492//3492
f 761//761 3490//3490 3492//3492 3491//3491
f 3491//3491 3492//3492 3465//3465 752//752
f 3492//3492 3488//3488 751//751 3465//3465
f 3493//3493 761//761 3491//3491 3495//3495
f 762//762 3493//3493 3495//3495 3494//3494
f 3494//3494 3495//3495 3481//3481 758//758
f 3495//3495 3491//3491 752//752 3481//3481
f 3496//3496 762//762 3494//3494 3499//3499
f 764//764 3496//3496 3499//3499 3497//3497
f 3497//3497 3499//3499 3498//3498 763//763
f 3499//3499 3494//3494 758//758 3498//3498
f 3498//3498 758//758 3482//3482 3502//3502
f 763//763 3498//3498 3502//3502 3500//3500
f 3500//3500 3502//3502 3501//3501 765//765
f 3502//3502 3482//3482 757//757 3501//3501
f 3497//3497 763//763 3500//3500 3505//3505
f 764//764 3497//3497 3505//3505 3503//3503
f 3503//3503 3505//3505 3504//3504 766//766
f 3505//3505 3500//3500 765//765 3504//3504
f 3501//3501 757//757 3479//3479 3508//3508
f 765//765 3501//3501 3508//3508 3506//3506
f 3506//3506 3508//3508 3507//3507 767//767
f 3508//3508 3479//3479 756//756 3507//3507
f 3507//3507 756//756 3476//3476 3511//3511
f 767//767 3507//3507 3511//3511 3509//3509
f 3509//3509 3511//3511 3510//3510 768//768
f 3511//3511 3476//3476 755//755 3510//3510
f 3510//3510 755//755 3473//3473 3514//3514
f 768//768 3510//3510 3514//3514 3512//3512
f 3512//3512 3514//3514 3513//3513 769//769
f 3514//3514 3473//3473 754//754 3513//3513
f 3513//3513 754//754 3469//3469 3517//3517
f 769//769 3513//3513 3517//3517 3515//3515
f 3515//3515 3517//3517 3516//3516 770//770
f 3517//3517 3469//3469 753//753 3516//3516
f 3504//3504 765//765 3506//3506 3520//3520
f 766//766 3504//3504 3520//3520 3518//3518
f 3518//3518 3520//3520 3519//3519 771//771
f 3520//3520 3506//3506 767//767 3519//3519
f 3519//3519 767//767 3509//3509 3523//3523
f 771//771 3519//3519 3523//3523 3521//3521
f 3521//3521 3523//3523 3522//3522 772//772
f 3523//3523 3509//3509 768//768 3522//3522
f 3522//3522 768//768 3512//3512 3526//3526
f 772//772 3522//3522 3526//3526 3524//3524
f 3524//3524 3526//3526 3525//3525 773//773
f 3526//3526 3512//3512 769//769 3525//3525
f 3525//3525 769//769 3515//3515 3529//3529
f 773//773 3525//3525 3529//3529 3527//3527
f 3527//3527 3529//3529 3528//3528 774//774
f 3529//3529 3515//3515 770//770 3528//3528
f 3530//3530 771//771 3521//3521 3533//3533
f 776//776 3530//3530 3533//3533 3531//3531
f 3531//3531 3533//3533 3532//3532 775//775
f 3533//3533 3521//3521 772//772 3532//3532
f 3534//3534 773//773 3527//3527 3537//3537
f 778//778 3534//3534 3537//3537 3535//3535
f 3535//3535 3537//3537 3536//3536 777//777
f 3537//3537 3527//3527 774//774 3536//3536
f 3538//3538 779//779 3541//3541 3542//3542
f 781//781 3538//3538 3542//3542 3539//3539
f 3539//3539 3542//3542 3540//3540 780//780
f 3542//3542 3541//3541 776//776 3540//3540
f 3540//3540 776//776 3531//3531 3545//3545
f 780//780 3540//3540 3545//3545 3543//3543
f 3543//3543 3545//3545 3544//3544 782//782
f 3545//3545 3531//3531 775//775 3544//3544
f 3544//3544 775//775 3548//3548 3549//3549
f 782//782 3544//3544 3549//3549 3546//3546
f 3546//3546 3549//3549 3547//3547 783//783
f 3549//3549 3548//3548 778//778 3547//3547
f 3547//3547 778//778 3535//3535 3552//3552
f 783//783 3547//3547 3552//3552 3550//3550
f 3550//3550 3552//3552 3551//3551 784//784
f 3552//3552 3535//3535 777//777 3551//3551
f 3553//3553 781//781 3539//3539 3556//3556
f 786//786 3553//3553 3556//3556 3554//3554
f 3554//3554 3556//3556 3555//3555 785//785
f 3556//3556 3539//3539 780//780 3555//3555
f 3555//3555 780//780 3543//3543 3559//3559
f 785//785 3555//3555 3559//3559 3557//3557
f 3557//3557 3559//3559 3558//3558 787//787
f 3559//3559 3543//3543 782//782 3558//3558
f 3558//3558 782//782 3546//3546 3562//3562
f 787//787 3558//3558 3562//3562 3560//3560
f 3560//3560 3562//3562 3561//3561 788//788
f 3562//3562 3546//3546 783//783 3561//3561
f 3561//3561 783//783 3550//3550 3565//3565
f 788//788 3561//3561 3565//3565 3563//3563
f 3563//3563 3565//3565 3564//3564 789//789
f 3565//3565 3550//3550 784//784 3564//3564
f 3566//3566 766//766 3518//3518 3567//3567
f 779//779 3566//3566 3567//3567 3541//3541
f 3541//3541 3567//3567 3530//3530 776//776
f 3567//3567 3518//3518 771//771 3530//3530
f 3532//3532 772//772 3524//3524 3568//3568
f 775//775 3532//3532 3568//3568 3548//3548
f 3548//3548 3568//3568 3534//3534 778//778
f 3568//3568 3524//3524 773//773 3534//3534
f 1628//1628 8//8 3271//3271 3571//3571
f 116//116 1628//1628 3571//3571 3569//3569
f 3569//3569 3571//3571 3570//3570 790//790
f 3571//3571 3271//3271 683//683 3570//3570
f 3570//3570 683//683 3574//3574 3575//3575
f 790//790 3570//3570 3575//3575 3572//3572
f 3572//3572 3575//3575 3573//3573 792//792
f 3575//3575 3574//3574 791//791 3573//3573
f 3576//3576 790//790 3572//3572 3579//3579
f 794//794 3576//3576 3579//3579 3577//3577
f 3577//3577 3579//3579 3578//3578 793//793
f 3579//3579 3572//3572 792//792 3578//3578
f 3580//3580 794//794 3577//3577 3583//3583
f 687//687 3580//3580 3583//3583 3581//3581
f 3581//3581 3583//3583 3582//3582 795//795
f 3583//3583 3577//3577 793//793 3582//3582
f 3584//3584 794//794 3580//3580 3587//3587
f 797//797 3584//3584 3587//3587 3585//3585
f 3585//3585 3587//3587 3586//3586 796//796
f 3587//3587 3580//3580 687//687 3586//3586
f 3588//3588 791//791 3574//3574 3589//3589
f 795//795 3588//3588 3589//3589 3581//3581
f 3581//3581 3589//3589 3281//3281 687//687
f 3589//3589 3574//3574 683//683 3281//3281
f 3590//3590 798//798 3593//3593 3594//3594
f 801//801 3590//3590 3594//3594 3591//3591
f 3591//3591 3594//3594 3592//3592 800//800
f 3594//3594 3593//3593 799//799 3592//3592
f 1655//1655 116//116 3569//3569 3597//3597
f 125//125 1655//1655 3597//3597 3595//3595
f 3595//3595 3597//3597 3596//3596 802//802
f 3597//3597 3569//3569 790//790 3596//3596
f 3596//3596 790//790 3576//3576 3600//3600
f 802//802 3596//3596 3600//3600 3598//3598
f 3598//3598 3600//3600 3599//3599 803//803
f 3600//3600 3576//3576 794//794 3599//3599
f 3601//3601 803//803 3599//3599 3603//3603
f 804//804 3601//3601 3603//3603 3602//3602
f 3602//3602 3603//3603 3584//3584 797//797
f 3603//3603 3599//3599 794//794 3584//3584
f 3601//3601 804//804 3606//3606 3607//3607
f 803//803 3601//3601 3607//3607 3604//3604
f 3604//3604 3607//3607 3605//3605 806//806
f 3607//3607 3606//3606 805//805 3605//3605
f 3598//3598 803//803 3604//3604 3610//3610
f 802//802 3598//3598 3610//3610 3608//3608
f 3608//3608 3610//3610 3609//3609 807//807
f 3610//3610 3604//3604 806//806 3609//3609
f 3595//3595 802//802 3608//3608 3612//3612
f 125//125 3595//3595 3612//3612 1671//1671
f 1671//1671 3612//3612 3611//3611 131//131
f 3612//3612 3608//3608 807//807 3611//3611
f 3613//3613 796//796 3586//3586 3615//3615
f 808//808 3613//3613 3615//3615 3614//3614
f 3614//3614 3615//3615 3284//3284 689//689
f 3615//3615 3586//3586 687//687 3284//3284
f 3614//3614 689//689 3356//3356 3618//3618
f 808//808 3614//3614 3618//3618 3616//3616
f 3616//3616 3618//3618 3617//3617 809//809
f 3618//3618 3356//3356 717//717 3617//3617
f 3617//3617 717//717 3620//3620 3621//3621
f 809//809 3617//3617 3621//3621 3619//3619
f 3619//3619 3621//3621 3605//3605 805//805
f 3621//3621 3620//3620 806//806 3605//3605
f 3606//3606 804//804 3622//3622 3623//3623
f 805//805 3606//3606 3623//3623 3619//3619
f 3619//3619 3623//3623 3616//3616 809//809
f 3623//3623 3622//3622 808//808 3616//3616
f 3622//3622 804//804 3602//3602 3624//3624
f 808//808 3622//3622 3624//3624 3613//3613
f 3613//3613 3624//3624 3585//3585 796//796
f 3624//3624 3602//3602 797//797 3585//3585
f 3625//3625 134//134 1685//1685 3627//3627
f 810//810 3625//3625 3627//3627 3626//3626
f 3626//3626 3627//3627 3308//3308 699//699
f 3627//3627 1685//1685 23//23 3308//3308
f 3628//3628 810//810 3626//3626 3630//3630
f 811//811 3628//3628 3630//3630 3629//3629
f 3629//3629 3630//3630 3312//3312 701//701
f 3630//3630 3626//3626 699//699 3312//3312
f 3631//3631 811//811 3629//3629 3633//3633
f 812//812 3631//3631 3633//3633 3632//3632
f 3632//3632 3633//3633 3316//3316 703//703
f 3633//3633 3629//3629 701//701 3316//3316
f 3634//3634 812//812 3632//3632 3636//3636
f 813//813 3634//3634 3636//3636 3635//3635
f 3635//3635 3636//3636 3320//3320 705//705
f 3636//3636 3632//3632 703//703 3320//3320
f 3637//3637 813//813 3635//3635 3639//3639
f 814//814 3637//3637 3639//3639 3638//3638
f 3638//3638 3639//3639 3324//3324 707//707
f 3639//3639 3635//3635 705//705 3324//3324
f 1703//1703 134//134 3625//3625 3642//3642
f 557//557 1703//1703 3642//3642 3640//3640
f 3640//3640 3642//3642 3641//3641 815//815
f 3642//3642 3625//3625 810//810 3641//3641
f 3641//3641 810//810 3628//3628 3645//3645
f 815//815 3641//3641 3645//3645 3643//3643
f 3643//3643 3645//3645 3644//3644 816//816
f 3645//3645 3628//3628 811//811 3644//3644
f 3644//3644 811//811 3631//3631 3648//3648
f 816//816 3644//3644 3648//3648 3646//3646
f 3646//3646 3648//3648 3647//3647 817//817
f 3648//3648 3631//3631 812//812 3647//3647
f 3647//3647 812//812 3634//3634 3651//3651
f 817//817 3647//3647 3651//3651 3649//3649
f 3649//3649 3651//3651 3650//3650 818//818
f 3651//3651 3634//3634 813//813 3650//3650
f 3650//3650 813//813 3637//3637 3654//3654
f 818//818 3650//3650 3654//3654 3652//3652
f 3652//3652 3654//3654 3653//3653 819//819
f 3654//3654 3637//3637 814//814 3653//3653
f 3266//3266 1//1 1717//1717 3657//3657
f 680//680 3266//3266 3657//3657 3655//3655
f 3655//3655 3657//3657 3656//3656 820//820
f 3657//3657 1717//1717 147//147 3656//3656
f 3655//3655 820//820 3659//3659 3660//3660
f 680//680 3655//3655 3660//3660 3276//3276
f 3276//3276 3660//3660 3658//3658 684//684
f 3660//3660 3659//3659 821//821 3658//3658
f 3658//3658 821//821 3662//3662 3663//3663
f 684//684 3658//3658 3663//3663 3296//3296
f 3296//3296 3663//3663 3661//3661 693//693
f 3663//3663 3662//3662 822//822 3661//3661
f 3661//3661 822//822 3665//3665 3666//3666
f 693//693 3661//3661 3666//3666 3300//3300
f 3300//3300 3666//3666 3664//3664 694//694
f 3666//3666 3665//3665 823//823 3664//3664
f 3656//3656 147//147 1730//1730 3669//3669
f 820//820 3656//3656 3669//3669 3667//3667
f 3667//3667 3669//3669 3668//3668 824//824
f 3669//3669 1730//1730 140//140 3668//3668
f 3667//3667 824//824 3671//3671 3672//3672
f 820//820 3667//3667 3672//3672 3659//3659
f 3659//3659 3672//3672 3670//3670 821//821
f 3672//3672 3671//3671 825//825 3670//3670
f 3670//3670 825//825 3674//3674 3675//3675
f 821//821 3670//3670 3675//3675 3662//3662
f 3662//3662 3675//3675 3673//3673 822//822
f 3675//3675 3674//3674 826//826 3673//3673
f 3673//3673 826//826 3677//3677 3678//3678
f 822//822 3673//3673 3678//3678 3665//3665
f 3665//3665 3678//3678 3676//3676 823//823
f 3678//3678 3677//3677 827//827 3676//3676
f 3328//3328 694//694 3664//3664 3680//3680
f 707//707 3328//3328 3680//3680 3638//3638
f 3638//3638 3680//3680 3679//3679 814//814
f 3680//3680 3664//3664 823//823 3679//3679
f 3653//3653 814//814 3679//3679 3682//3682
f 819//819 3653//3653 3682//3682 3681//3681
f 3681//3681 3682//3682 3676//3676 827//827
f 3682//3682 3679//3679 823//823 3676//3676
f 1749//1749 131//131 3611//3611 3685//3685
f 152//152 1749//1749 3685//3685 3683//3683
f 3683//3683 3685//3685 3684//3684 828//828
f 3685//3685 3611//3611 807//807 3684//3684
f 1753//1753 152//152 3683//3683 3688//3688
f 154//154 1753//1753 3688//3688 3686//3686
f 3686//3686 3688//3688 3687//3687 829//829
f 3688//3688 3683//3683 828//828 3687//3687
f 3686//3686 829//829 3690//3690 3691//3691
f 154//154 3686//3686 3691//3691 1757//1757
f 1757//1757 3691//3691 3689//3689 156//156
f 3691//3691 3690//3690 830//830 3689//3689
f 1761//1761 156//156 3689//3689 3694//3694
f 158//158 1761//1761 3694//3694 3692//3692
f 3692//3692 3694//3694 3693//3693 831//831
f 3694//3694 3689//3689 830//830 3693//3693
f 1765//1765 158//158 3692//3692 3697//3697
f 160//160 1765//1765 3697//3697 3695//3695
f 3695//3695 3697//3697 3696//3696 832//832
f 3697//3697 3692//3692 831//831 3696//3696
f 3698//3698 832//832 3696//3696 3701//3701
f 834//834 3698//3698 3701//3701 3699//3699
f 3699//3699 3701//3701 3700//3700 833//833
f 3701//3701 3696//3696 831//831 3700//3700
f 3700//3700 831//831 3693//3693 3704//3704
f 833//833 3700//3700 3704//3704 3702//3702
f 3702//3702 3704//3704 3703//3703 835//835
f 3704//3704 3693//3693 830//830 3703//3703
f 3703//3703 830//830 3690//3690 3707//3707
f 835//835 3703//3703 3707//3707 3705//3705
f 3705//3705 3707//3707 3706//3706 836//836
f 3707//3707 3690//3690 829//829 3706//3706
f 3706//3706 829//829 3687//3687 3710//3710
f 836//836 3706//3706 3710//3710 3708//3708
f 3708//3708 3710//3710 3709//3709 837//837
f 3710//3710 3687//3687 828//828 3709//3709
f 3711//3711 837//837 3709//3709 3712//3712
f 806//806 3711//3711 3712//3712 3609//3609
f 3609//3609 3712//3712 3684//3684 807//807
f 3712//3712 3709//3709 828//828 3684//3684
f 3711//3711 806//806 3715//3715 3716//3716
f 837//837 3711//3711 3716//3716 3713//3713
f 3713//3713 3716//3716 3714//3714 839//839
f 3716//3716 3715//3715 838//838 3714//3714
f 3713//3713 839//839 3718//3718 3719//3719
f 837//837 3713//3713 3719//3719 3708//3708
f 3708//3708 3719//3719 3717//3717 836//836
f 3719//3719 3718//3718 840//840 3717//3717
f 3705//3705 836//836 3717//3717 3722//3722
f 835//835 3705//3705 3722//3722 3720//3720
f 3720//3720 3722//3722 3721//3721 841//841
f 3722//3722 3717//3717 840//840 3721//3721
f 3702//3702 835//835 3720//3720 3725//3725
f 833//833 3702//3702 3725//3725 3723//3723
f 3723//3723 3725//3725 3724//3724 842//842
f 3725//3725 3720//3720 841//841 3724//3724
f 3699//3699 833//833 3723//3723 3728//3728
f 834//834 3699//3699 3728//3728 3726//3726
f 3726//3726 3728//3728 3727//3727 843//843
f 3728//3728 3723//3723 842//842 3727//3727
f 3729//3729 838//838 3715//3715 3731//3731
f 844//844 3729//3729 3731//3731 3730//3730
f 3730//3730 3731//3731 3620//3620 717//717
f 3731//3731 3715//3715 806//806 3620//3620
f 3714//3714 838//838 3729//3729 3734//3734
f 839//839 3714//3714 3734//3734 3732//3732
f 3732//3732 3734//3734 3733//3733 845//845
f 3734//3734 3729//3729 844//844 3733//3733
f 3732//3732 845//845 3736//3736 3737//3737
f 839//839 3732//3732 3737//3737 3718//3718
f 3718//3718 3737//3737 3735//3735 840//840
f 3737//3737 3736//3736 846//846 3735//3735
f 3735//3735 846//846 3739//3739 3740//3740
f 840//840 3735//3735 3740//3740 3721//3721
f 3721//3721 3740//3740 3738//3738 841//841
f 3740//3740 3739//3739 847//847 3738//3738
f 3726//3726 843//843 3743//3743 3744//3744
f 834//834 3726//3726 3744//3744 3741//3741
f 3741//3741 3744//3744 3742//3742 849//849
f 3744//3744 3743//3743 848//848 3742//3742
f 3742//3742 848//848 3747//3747 3748//3748
f 849//849 3742//3742 3748//3748 3745//3745
f 3745//3745 3748//3748 3746//3746 851//851
f 3748//3748 3747//3747 850//850 3746//3746
f 3746//3746 850//850 3751//3751 3752//3752
f 851//851 3746//3746 3752//3752 3749//3749
f 3749//3749 3752//3752 3750//3750 853//853
f 3752//3752 3751//3751 852//852 3750//3750
f 3750//3750 852//852 3755//3755 3756//3756
f 853//853 3750//3750 3756//3756 3753//3753
f 3753//3753 3756//3756 3754//3754 855//855
f 3756//3756 3755//3755 854//854 3754//3754
f 3754//3754 854//854 3759//3759 3760//3760
f 855//855 3754//3754 3760//3760 3757//3757
f 3757//3757 3760//3760 3758//3758 857//857
f 3760//3760 3759//3759 856//856 3758//3758
f 3761//3761 858//858 3763//3763 3764//3764
f 856//856 3761//3761 3764//3764 3758//3758
f 3758//3758 3764//3764 3762//3762 857//857
f 3764//3764 3763//3763 859//859 3762//3762
f 3765//3765 859//859 3763//3763 3768//3768
f 861//861 3765//3765 3768//3768 3766//3766
f 3766//3766 3768//3768 3767//3767 860//860
f 3768//3768 3763//3763 858//858 3767//3767
f 3769//3769 861//861 3766//3766 3772//3772
f 863//863 3769//3769 3772//3772 3770//3770
f 3770//3770 3772//3772 3771//3771 862//862
f 3772//3772 3766//3766 860//860 3771//3771
f 3770//3770 862//862 3775//3775 3776//3776
f 863//863 3770//3770 3776//3776 3773//3773
f 3773//3773 3776//3776 3774//3774 865//865
f 3776//3776 3775//3775 864//864 3774//3774
f 3774//3774 864//864 3779//3779 3780//3780
f 865//865 3774//3774 3780//3780 3777//3777
f 3777//3777 3780//3780 3778//3778 867//867
f 3780//3780 3779//3779 866//866 3778//3778
f 3778//3778 866//866 3783//3783 3784//3784
f 867//867 3778//3778 3784//3784 3781//3781
f 3781//3781 3784//3784 3782//3782 869//869
f 3784//3784 3783//3783 868//868 3782//3782
f 3782//3782 868//868 3787//3787 3788//3788
f 869//869 3782//3782 3788//3788 3785//3785
f 3785//3785 3788//3788 3786//3786 871//871
f 3788//3788 3787//3787 870//870 3786//3786
f 3786//3786 870//870 3790//3790 3791//3791
f 871//871 3786//3786 3791//3791 3789//3789
f 3789//3789 3791//3791 3739//3739 846//846
f 3791//3791 3790//3790 847//847 3739//3739
f 3357//3357 716//716 3793//3793 3794//3794
f 717//717 3357//3357 3794//3794 3730//3730
f 3730//3730 3794//3794 3792//3792 844//844
f 3794//3794 3793//3793 872//872 3792//3792
f 3792//3792 872//872 3796//3796 3797//3797
f 844//844 3792//3792 3797//3797 3733//3733
f 3733//3733 3797//3797 3795//3795 845//845
f 3797//3797 3796//3796 873//873 3795//3795
f 3736//3736 845//845 3795//3795 3799//3799
f 846//846 3736//3736 3799//3799 3789//3789
f 3789//3789 3799//3799 3798//3798 871//871
f 3799//3799 3795//3795 873//873 3798//3798
f 3798//3798 873//873 3801//3801 3802//3802
f 871//871 3798//3798 3802//3802 3785//3785
f 3785//3785 3802//3802 3800//3800 869//869
f 3802//3802 3801//3801 874//874 3800//3800
f 3803//3803 874//874 3801//3801 3805//3805
f 875//875 3803//3803 3805//3805 3804//3804
f 3804//3804 3805//3805 3796//3796 872//872
f 3805//3805 3801//3801 873//873 3796//3796
f 3806//3806 875//875 3804//3804 3807//3807
f 715//715 3806//3806 3807//3807 3354//3354
f 3354//3354 3807//3807 3793//3793 716//716
f 3807//3807 3804//3804 872//872 3793//3793
f 3781//3781 869//869 3800//3800 3810//3810
f 867//867 3781//3781 3810//3810 3808//3808
f 3808//3808 3810//3810 3809//3809 876//876
f 3810//3810 3800//3800 874//874 3809//3809
f 3809//3809 874//874 3803//3803 3813//3813
f 876//876 3809//3809 3813//3813 3811//3811
f 3811//3811 3813//3813 3812//3812 877//877
f 3813//3813 3803//3803 875//875 3812//3812
f 3812//3812 875//875 3806//3806 3815//3815
f 877//877 3812//3812 3815//3815 3814//3814
f 3814//3814 3815//3815 3351//3351 714//714
f 3815//3815 3806//3806 715//715 3351//3351
f 3777//3777 867//867 3808//3808 3818//3818
f 865//865 3777//3777 3818//3818 3816//3816
f 3816//3816 3818//3818 3817//3817 878//878
f 3818//3818 3808//3808 876//876 3817//3817
f 3817//3817 876//876 3811//3811 3821//3821
f 878//878 3817//3817 3821//3821 3819//3819
f 3819//3819 3821//3821 3820//3820 879//879
f 3821//3821 3811//3811 877//877 3820//3820
f 3820//3820 877//877 3814//3814 3824//3824
f 879//879 3820//3820 3824//3824 3822//3822
f 3822//3822 3824//3824 3823//3823 880//880
f 3824//3824 3814//3814 714//714 3823//3823
f 3825//3825 879//879 3822//3822 3828//3828
f 882//882 3825//3825 3828//3828 3826//3826
f 3826//3826 3828//3828 3827//3827 881//881
f 3828//3828 3822//3822 880//880 3827//3827
f 3829//3829 878//878 3819//3819 3831//3831
f 883//883 3829//3829 3831//3831 3830//3830
f 3830//3830 3831//3831 3825//3825 882//882
f 3831//3831 3819//3819 879//879 3825//3825
f 3773//3773 865//865 3816//3816 3833//3833
f 863//863 3773//3773 3833//3833 3832//3832
f 3832//3832 3833//3833 3829//3829 883//883
f 3833//3833 3816//3816 878//878 3829//3829
f 3823//3823 714//714 3348//3348 3835//3835
f 880//880 3823//3823 3835//3835 3834//3834
f 3834//3834 3835//3835 3484//3484 759//759
f 3835//3835 3348//3348 713//713 3484//3484
f 3827//3827 880//880 3834//3834 3837//3837
f 881//881 3827//3827 3837//3837 3836//3836
f 3836//3836 3837//3837 3487//3487 760//760
f 3837//3837 3834//3834 759//759 3487//3487
f 3838//3838 861//861 3769//3769 3841//3841
f 885//885 3838//3838 3841//3841 3839//3839
f 3839//3839 3841//3841 3840//3840 884//884
f 3841//3841 3769//3769 863//863 3840//3840
f 3840//3840 863//863 3832//3832 3844//3844
f 884//884 3840//3840 3844//3844 3842//3842
f 3842//3842 3844//3844 3843//3843 886//886
f 3844//3844 3832//3832 883//883 3843//3843
f 3843//3843 883//883 3830//3830 3847//3847
f 886//886 3843//3843 3847//3847 3845//3845
f 3845//3845 3847//3847 3846//3846 887//887
f 3847//3847 3830//3830 882//882 3846//3846
f 3846//3846 882//882 3826//3826 3850//3850
f 887//887 3846//3846 3850//3850 3848//3848
f 3848//3848 3850//3850 3849//3849 888//888
f 3850//3850 3826//3826 881//881 3849//3849
f 3849//3849 881//881 3836//3836 3852//3852
f 888//888 3849//3849 3852//3852 3851//3851
f 3851//3851 3852//3852 3490//3490 761//761
f 3852//3852 3836//3836 760//760 3490//3490
f 3853//3853 888//888 3851//3851 3855//3855
f 889//889 3853//3853 3855//3855 3854//3854
f 3854//3854 3855//3855 3493//3493 762//762
f 3855//3855 3851//3851 761//761 3493//3493
f 3853//3853 889//889 3857//3857 3858//3858
f 888//888 3853//3853 3858//3858 3848//3848
f 3848//3848 3858//3858 3856//3856 887//887
f 3858//3858 3857//3857 890//890 3856//3856
f 3856//3856 890//890 3860//3860 3861//3861
f 887//887 3856//3856 3861//3861 3845//3845
f 3845//3845 3861//3861 3859//3859 886//886
f 3861//3861 3860//3860 891//891 3859//3859
f 3859//3859 891//891 3863//3863 3864//3864
f 886//886 3859//3859 3864//3864 3842//3842
f 3842//3842 3864//3864 3862//3862 884//884
f 3864//3864 3863//3863 892//892 3862//3862
f 3862//3862 892//892 3866//3866 3867//3867
f 884//884 3862//3862 3867//3867 3839//3839
f 3839//3839 3867//3867 3865//3865 885//885
f 3867//3867 3866//3866 893//893 3865//3865
f 3868//3868 893//893 3866//3866 3871//3871
f 895//895 3868//3868 3871//3871 3869//3869
f 3869//3869 3871//3871 3870//3870 894//894
f 3871//3871 3866//3866 892//892 3870//3870
f 3870//3870 892//892 3863//3863 3874//3874
f 894//894 3870//3870 3874//3874 3872//3872
f 3872//3872 3874//3874 3873//3873 896//896
f 3874//3874 3863//3863 891//891 3873//3873
f 3873//3873 891//891 3860//3860 3877//3877
f 896//896 3873//3873 3877//3877 3875//3875
f 3875//3875 3877//3877 3876//3876 897//897
f 3877//3877 3860//3860 890//890 3876//3876
f 3876//3876 890//890 3857//3857 3880//3880
f 897//897 3876//3876 3880//3880 3878//3878
f 3878//3878 3880//3880 3879//3879 898//898
f 3880//3880 3857//3857 889//889 3879//3879
f 3879//3879 889//889 3854//3854 3882//3882
f 898//898 3879//3879 3882//3882 3881//3881
f 3881//3881 3882//3882 3496//3496 764//764
f 3882//3882 3854//3854 762//762 3496//3496
f 3883//3883 895//895 3869//3869 3886//3886
f 900//900 3883//3883 3886//3886 3884//3884
f 3884//3884 3886//3886 3885//3885 899//899
f 3886//3886 3869//3869 894//894 3885//3885
f 3885//3885 894//894 3872//3872 3889//3889
f 899//899 3885//3885 3889//3889 3887//3887
f 3887//3887 3889//3889 3888//3888 901//901
f 3889//3889 3872//3872 896//896 3888//3888
f 3888//3888 896//896 3875//3875 3892//3892
f 901//901 3888//3888 3892//3892 3890//3890
f 3890//3890 3892//3892 3891//3891 902//902
f 3892//3892 3875//3875 897//897 3891//3891
f 3891//3891 897//897 3878//3878 3895//3895
f 902//902 3891//3891 3895//3895 3893//3893
f 3893//3893 3895//3895 3894//3894 903//903
f 3895//3895 3878//3878 898//898 3894//3894
f 3894//3894 898//898 3881//3881 3897//3897
f 903//903 3894//3894 3897//3897 3896//3896
f 3896//3896 3897//3897 3503//3503 766//766
f 3897//3897 3881//3881 764//764 3503//3503
f 3898//3898 904//904 3901//3901 3902//3902
f 907//907 3898//3898 3902//3902 3899//3899
f 3899//3899 3902//3902 3900//3900 906//906
f 3902//3902 3901//3901 905//905 3900//3900
f 3903//3903 907//907 3899//3899 3906//3906
f 909//909 3903//3903 3906//3906 3904//3904
f 3904//3904 3906//3906 3905//3905 908//908
f 3906//3906 3899//3899 906//906 3905//3905
f 3907//3907 909//909 3904//3904 3910//3910
f 911//911 3907//3907 3910//3910 3908//3908
f 3908//3908 3910//3910 3909//3909 910//910
f 3910//3910 3904//3904 908//908 3909//3909
f 3911//3911 912//912 3913//3913 3914//3914
f 913//913 3911//3911 3914//3914 3912//3912
f 3912//3912 3914//3914 3908//3908 910//910
f 3914//3914 3913//3913 911//911 3908//3908
f 3915//3915 912//912 3911//3911 3918//3918
f 915//915 3915//3915 3918//3918 3916//3916
f 3916//3916 3918//3918 3917//3917 914//914
f 3918//3918 3911//3911 913//913 3917//3917
f 3919//3919 915//915 3916//3916 3922//3922
f 917//917 3919//3919 3922//3922 3920//3920
f 3920//3920 3922//3922 3921//3921 916//916
f 3922//3922 3916//3916 914//914 3921//3921
f 3923//3923 917//917 3920//3920 3926//3926
f 919//919 3923//3923 3926//3926 3924//3924
f 3924//3924 3926//3926 3925//3925 918//918
f 3926//3926 3920//3920 916//916 3925//3925
f 3927//3927 919//919 3924//3924 3930//3930
f 921//921 3927//3927 3930//3930 3928//3928
f 3928//3928 3930//3930 3929//3929 920//920
f 3930//3930 3924//3924 918//918 3929//3929
f 3931//3931 921//921 3928//3928 3934//3934
f 923//923 3931//3931 3934//3934 3932//3932
f 3932//3932 3934//3934 3933//3933 922//922
f 3934//3934 3928//3928 920//920 3933//3933
f 3935//3935 923//923 3932//3932 3938//3938
f 925//925 3935//3935 3938//3938 3936//3936
f 3936//3936 3938//3938 3937//3937 924//924
f 3938//3938 3932//3932 922//922 3937//3937
f 3936//3936 924//924 3941//3941 3942//3942
f 925//925 3936//3936 3942//3942 3939//3939
f 3939//3939 3942//3942 3940//3940 927//927
f 3942//3942 3941//3941 926//926 3940//3940
f 3940//3940 926//926 3945//3945 3946//3946
f 927//927 3940//3940 3946//3946 3943//3943
f 3943//3943 3946//3946 3944//3944 929//929
f 3946//3946 3945//3945 928//928 3944//3944
f 3944//3944 928//928 3949//3949 3950//3950
f 929//929 3944//3944 3950//3950 3947//3947
f 3947//3947 3950//3950 3948//3948 931//931
f 3950//3950 3949//3949 930//930 3948//3948
f 3948//3948 930//930 3953//3953 3954//3954
f 931//931 3948//3948 3954//3954 3951//3951
f 3951//3951 3954//3954 3952//3952 933//933
f 3954//3954 3953//3953 932//932 3952//3952
f 3952//3952 932//932 3957//3957 3958//3958
f 933//933 3952//3952 3958//3958 3955//3955
f 3955//3955 3958//3958 3956//3956 935//935
f 3958//3958 3957//3957 934//934 3956//3956
f 3956//3956 934//934 3960//3960 3961//3961
f 935//935 3956//3956 3961//3961 3959//3959
f 3959//3959 3961//3961 3901//3901 904//904
f 3961//3961 3960//3960 905//905 3901//3901
f 3962//3962 936//936 3964//3964 3965//3965
f 926//926 3962//3962 3965//3965 3945//3945
f 3945//3945 3965//3965 3963//3963 928//928
f 3965//3965 3964//3964 937//937 3963//3963
f 3963//3963 937//937 3967//3967 3968//3968
f 928//928 3963//3963 3968//3968 3949//3949
f 3949//3949 3968//3968 3966//3966 930//930
f 3968//3968 3967//3967 938//938 3966//3966
f 3966//3966 938//938 3970//3970 3971//3971
f 930//930 3966//3966 3971//3971 3953//3953
f 3953//3953 3971//3971 3969//3969 932//932
f 3971//3971 3970//3970 939//939 3969//3969
f 3969//3969 939//939 3973//3973 3974//3974
f 932//932 3969//3969 3974//3974 3957//3957
f 3957//3957 3974//3974 3972//3972 934//934
f 3974//3974 3973//3973 940//940 3972//3972
f 3972//3972 940//940 3976//3976 3977//3977
f 934//934 3972//3972 3977//3977 3960//3960
f 3960//3960 3977//3977 3975//3975 905//905
f 3977//3977 3976//3976 941//941 3975//3975
f 3975//3975 941//941 3979//3979 3980//3980
f 905//905 3975//3975 3980//3980 3900//3900
f 3900//3900 3980//3980 3978//3978 906//906
f 3980//3980 3979//3979 942//942 3978//3978
f 3978//3978 942//942 3982//3982 3983//3983
f 906//906 3978//3978 3983//3983 3905//3905
f 3905//3905 3983//3983 3981//3981 908//908
f 3983//3983 3982//3982 943//943 3981//3981
f 3981//3981 943//943 3985//3985 3986//3986
f 908//908 3981//3981 3986//3986 3909//3909
f 3909//3909 3986//3986 3984//3984 910//910
f 3986//3986 3985//3985 944//944 3984//3984
f 3984//3984 944//944 3988//3988 3989//3989
f 910//910 3984//3984 3989//3989 3912//3912
f 3912//3912 3989//3989 3987//3987 913//913
f 3989//3989 3988//3988 945//945 3987//3987
f 3917//3917 913//913 3987//3987 3992//3992
f 914//914 3917//3917 3992//3992 3990//3990
f 3990//3990 3992//3992 3991//3991 946//946
f 3992//3992 3987//3987 945//945 3991//3991
f 3921//3921 914//914 3990//3990 3995//3995
f 916//916 3921//3921 3995//3995 3993//3993
f 3993//3993 3995//3995 3994//3994 947//947
f 3995//3995 3990//3990 946//946 3994//3994
f 3925//3925 916//916 3993//3993 3998//3998
f 918//918 3925//3925 3998//3998 3996//3996
f 3996//3996 3998//3998 3997//3997 948//948
f 3998//3998 3993//3993 947//947 3997//3997
f 3941//3941 924//924 4000//4000 4001//4001
f 926//926 3941//3941 4001//4001 3962//3962
f 3962//3962 4001//4001 3999//3999 936//936
f 4001//4001 4000//4000 949//949 3999//3999
f 3937//3937 922//922 4003//4003 4004//4004
f 924//924 3937//3937 4004//4004 4000//4000
f 4000//4000 4004//4004 4002//4002 949//949
f 4004//4004 4003//4003 950//950 4002//4002
f 4005//4005 920//920 3929//3929 4007//4007
f 951//951 4005//4005 4007//4007 4006//4006
f 4006//4006 4007//4007 3996//3996 948//948
f 4007//4007 3929//3929 918//918 3996//3996
f 4008//4008 785//785 3557//3557 4011//4011
f 953//953 4008//4008 4011//4011 4009//4009
f 4009//4009 4011//4011 4010//4010 952//952
f 4011//4011 3557//3557 787//787 4010//4010
f 4010//4010 787//787 3560//3560 4014//4014
f 952//952 4010//4010 4014//4014 4012//4012
f 4012//4012 4014//4014 4013//4013 954//954
f 4014//4014 3560//3560 788//788 4013//4013
f 4013//4013 788//788 3563//3563 4017//4017
f 954//954 4013//4013 4017//4017 4015//4015
f 4015//4015 4017//4017 4016//4016 955//955
f 4017//4017 3563//3563 789//789 4016//4016
f 4018//4018 953//953 4009//4009 4021//4021
f 957//957 4018//4018 4021//4021 4019//4019
f 4019//4019 4021//4021 4020//4020 956//956
f 4021//4021 4009//4009 952//952 4020//4020
f 4020//4020 952//952 4012//4012 4024//4024
f 956//956 4020//4020 4024//4024 4022//4022
f 4022//4022 4024//4024 4023//4023 958//958
f 4024//4024 4012//4012 954//954 4023//4023
f 4023//4023 954//954 4015//4015 4027//4027
f 958//958 4023//4023 4027//4027 4025//4025
f 4025//4025 4027//4027 4026//4026 959//959
f 4027//4027 4015//4015 955//955 4026//4026
f 4028//4028 957//957 4019//4019 4031//4031
f 961//961 4028//4028 4031//4031 4029//4029
f 4029//4029 4031//4031 4030//4030 960//960
f 4031//4031 4019//4019 956//956 4030//4030
f 4029//4029 960//960 4034//4034 4035//4035
f 961//961 4029//4029 4035//4035 4032//4032
f 4032//4032 4035//4035 4033//4033 963//963
f 4035//4035 4034//4034 962//962 4033//4033
f 4033//4033 962//962 4038//4038 4039//4039
f 963//963 4033//4033 4039//4039 4036//4036
f 4036//4036 4039//4039 4037//4037 965//965
f 4039//4039 4038//4038 964//964 4037//4037
f 4037//4037 964//964 4042//4042 4043//4043
f 965//965 4037//4037 4043//4043 4040//4040
f 4040//4040 4043//4043 4041//4041 967//967
f 4043//4043 4042//4042 966//966 4041//4041
f 4041//4041 966//966 4046//4046 4047//4047
f 967//967 4041//4041 4047//4047 4044//4044
f 4044//4044 4047//4047 4045//4045 969//969
f 4047//4047 4046//4046 968//968 4045//4045
f 4045//4045 968//968 4050//4050 4051//4051
f 969//969 4045//4045 4051//4051 4048//4048
f 4048//4048 4051//4051 4049//4049 971//971
f 4051//4051 4050//4050 970//970 4049//4049
f 4049//4049 970//970 4053//4053 4054//4054
f 971//971 4049//4049 4054//4054 4052//4052
f 4052//4052 4054//4054 2122//2122 275//275
f 4054//4054 4053//4053 276//276 2122//2122
f 4055//4055 283//283 2125//2125 4057//4057
f 972//972 4055//4055 4057//4057 4056//4056
f 4056//4056 4057//4057 4053//4053 970//970
f 4057//4057 2125//2125 276//276 4053//4053
f 4058//4058 973//973 4060//4060 4061//4061
f 974//974 4058//4058 4061//4061 4059//4059
f 4059//4059 4061//4061 4034//4034 960//960
f 4061//4061 4060//4060 962//962 4034//4034
f 4062//4062 975//975 4064//4064 4065//4065
f 976//976 4062//4062 4065//4065 4063//4063
f 4063//4063 4065//4065 4042//4042 964//964
f 4065//4065 4064//4064 966//966 4042//4042
f 4066//4066 977//977 4067//4067 4068//4068
f 975//975 4066//4066 4068//4068 4064//4064
f 4064//4064 4068//4068 4046//4046 966//966
f 4068//4068 4067//4067 968//968 4046//4046
f 4069//4069 974//974 4059//4059 4070//4070
f 958//958 4069//4069 4070//4070 4022//4022
f 4022//4022 4070//4070 4030//4030 956//956
f 4070//4070 4059//4059 960//960 4030//4030
f 4071//4071 976//976 4063//4063 4072//4072
f 973//973 4071//4071 4072//4072 4060//4060
f 4060//4060 4072//4072 4038//4038 962//962
f 4072//4072 4063//4063 964//964 4038//4038
f 4073//4073 972//972 4056//4056 4074//4074
f 977//977 4073//4073 4074//4074 4067//4067
f 4067//4067 4074//4074 4050//4050 968//968
f 4074//4074 4056//4056 970//970 4050//4050
f 4075//4075 978//978 4077//4077 4078//4078
f 294//294 4075//4075 4078//4078 2148//2148
f 2148//2148 4078//4078 4076//4076 293//293
f 4078//4078 4077//4077 979//979 4076//4076
f 4075//4075 294//294 2151//2151 4081//4081
f 978//978 4075//4075 4081//4081 4079//4079
f 4079//4079 4081//4081 4080//4080 980//980
f 4081//4081 2151//2151 295//295 4080//4080
f 4082//4082 981//981 4085//4085 4086//4086
f 984//984 4082//4082 4086//4086 4083//4083
f 4083//4083 4086//4086 4084//4084 983//983
f 4086//4086 4085//4085 982//982 4084//4084
f 4087//4087 984//984 4083//4083 4090//4090
f 986//986 4087//4087 4090//4090 4088//4088
f 4088//4088 4090//4090 4089//4089 985//985
f 4090//4090 4083//4083 983//983 4089//4089
f 4091//4091 300//300 2164//2164 4094//4094
f 988//988 4091//4091 4094//4094 4092//4092
f 4092//4092 4094//4094 4093//4093 987//987
f 4094//4094 2164//2164 301//301 4093//4093
f 2171//2171 293//293 4076//4076 4097//4097
f 292//292 2171//2171 4097//4097 4095//4095
f 4095//4095 4097//4097 4096//4096 989//989
f 4097//4097 4076//4076 979//979 4096//4096
f 4098//4098 990//990 4101//4101 4102//4102
f 993//993 4098//4098 4102//4102 4099//4099
f 4099//4099 4102//4102 4100//4100 992//992
f 4102//4102 4101//4101 991//991 4100//4100
f 4103//4103 994//994 4106//4106 4107//4107
f 990//990 4103//4103 4107//4107 4104//4104
f 4104//4104 4107//4107 4105//4105 996//996
f 4107//4107 4106//4106 995//995 4105//4105
f 4108//4108 997//997 4110//4110 4111//4111
f 994//994 4108//4108 4111//4111 4106//4106
f 4106//4106 4111//4111 4109//4109 995//995
f 4111//4111 4110//4110 998//998 4109//4109
f 4112//4112 999//999 4115//4115 4116//4116
f 1001//1001 4112//4112 4116//4116 4113//4113
f 4113//4113 4116//4116 4114//4114 1000//1000
f 4116//4116 4115//4115 997//997 4114//4114
f 4112//4112 1001//1001 4119//4119 4120//4120
f 999//999 4112//4112 4120//4120 4117//4117
f 4117//4117 4120//4120 4118//4118 1003//1003
f 4120//4120 4119//4119 1002//1002 4118//4118
f 4121//4121 1004//1004 4123//4123 4124//4124
f 1005//1005 4121//4121 4124//4124 4122//4122
f 4122//4122 4124//4124 4118//4118 1002//1002
f 4124//4124 4123//4123 1003//1003 4118//4118
f 4125//4125 1006//1006 4128//4128 4129//4129
f 996//996 4125//4125 4129//4129 4126//4126
f 4126//4126 4129//4129 4127//4127 1008//1008
f 4129//4129 4128//4128 1007//1007 4127//4127
f 4130//4130 1009//1009 4133//4133 4134//4134
f 1006//1006 4130//4130 4134//4134 4131//4131
f 4131//4131 4134//4134 4132//4132 1011//1011
f 4134//4134 4133//4133 1010//1010 4132//4132
f 4135//4135 1012//1012 4137//4137 4138//4138
f 1009//1009 4135//4135 4138//4138 4133//4133
f 4133//4133 4138//4138 4136//4136 1010//1010
f 4138//4138 4137//4137 1013//1013 4136//4136
f 4139//4139 1014//1014 4142//4142 4143//4143
f 1015//1015 4139//4139 4143//4143 4140//4140
f 4140//4140 4143//4143 4141//4141 998//998
f 4143//4143 4142//4142 1012//1012 4141//4141
f 4139//4139 1015//1015 4146//4146 4147//4147
f 1014//1014 4139//4139 4147//4147 4144//4144
f 4144//4144 4147//4147 4145//4145 1017//1017
f 4147//4147 4146//4146 1016//1016 4145//4145
f 4148//4148 1018//1018 4150//4150 4151//4151
f 1019//1019 4148//4148 4151//4151 4149//4149
f 4149//4149 4151//4151 4145//4145 1016//1016
f 4151//4151 4150//4150 1017//1017 4145//4145
f 4152//4152 1020//1020 4155//4155 4156//4156
f 985//985 4152//4152 4156//4156 4153//4153
f 4153//4153 4156//4156 4154//4154 1022//1022
f 4156//4156 4155//4155 1021//1021 4154//4154
f 4157//4157 1023//1023 4160//4160 4161//4161
f 1020//1020 4157//4157 4161//4161 4158//4158
f 4158//4158 4161//4161 4159//4159 993//993
f 4161//4161 4160//4160 1024//1024 4159//4159
f 4162//4162 1025//1025 4164//4164 4165//4165
f 1023//1023 4162//4162 4165//4165 4160//4160
f 4160//4160 4165//4165 4163//4163 1024//1024
f 4165//4165 4164//4164 1000//1000 4163//4163
f 4166//4166 1026//1026 4169//4169 4170//4170
f 1027//1027 4166//4166 4170//4170 4167//4167
f 4167//4167 4170//4170 4168//4168 982//982
f 4170//4170 4169//4169 1025//1025 4168//4168
f 4166//4166 1027//1027 4173//4173 4174//4174
f 1026//1026 4166//4166 4174//4174 4171//4171
f 4171//4171 4174//4174 4172//4172 1029//1029
f 4174//4174 4173//4173 1028//1028 4172//4172
f 4175//4175 1030//1030 4177//4177 4178//4178
f 1031//1031 4175//4175 4178//4178 4176//4176
f 4176//4176 4178//4178 4172//4172 1028//1028
f 4178//4178 4177//4177 1029//1029 4172//4172
f 4131//4131 1011//1011 4180//4180 4181//4181
f 1006//1006 4131//4131 4181//4181 4128//4128
f 4128//4128 4181//4181 4179//4179 1007//1007
f 4181//4181 4180//4180 1032//1032 4179//4179
f 4132//4132 1010//1010 4184//4184 4185//4185
f 1011//1011 4132//4132 4185//4185 4182//4182
f 4182//4182 4185//4185 4183//4183 988//988
f 4185//4185 4184//4184 1033//1033 4183//4183
f 4136//4136 1013//1013 4187//4187 4188//4188
f 1010//1010 4136//4136 4188//4188 4184//4184
f 4184//4184 4188//4188 4186//4186 1033//1033
f 4188//4188 4187//4187 980//980 4186//4186
f 4189//4189 1034//1034 4190//4190 4191//4191
f 1014//1014 4189//4189 4191//4191 4142//4142
f 4142//4142 4191//4191 4137//4137 1012//1012
f 4191//4191 4190//4190 1013//1013 4137//4137
f 4189//4189 1014//1014 4144//4144 4194//4194
f 1034//1034 4189//4189 4194//4194 4192//4192
f 4192//4192 4194//4194 4193//4193 1035//1035
f 4194//4194 4144//4144 1017//1017 4193//4193
f 4195//4195 1036//1036 4196//4196 4197//4197
f 1018//1018 4195//4195 4197//4197 4150//4150
f 4150//4150 4197//4197 4193//4193 1017//1017
f 4197//4197 4196//4196 1035//1035 4193//4193
f 4088//4088 985//985 4153//4153 4200//4200
f 986//986 4088//4088 4200//4200 4198//4198
f 4198//4198 4200//4200 4199//4199 1037//1037
f 4200//4200 4153//4153 1022//1022 4199//4199
f 4089//4089 983//983 4201//4201 4202//4202
f 985//985 4089//4089 4202//4202 4152//4152
f 4152//4152 4202//4202 4157//4157 1020//1020
f 4202//4202 4201//4201 1023//1023 4157//4157
f 4084//4084 982//982 4168//4168 4203//4203
f 983//983 4084//4084 4203//4203 4201//4201
f 4201//4201 4203//4203 4162//4162 1023//1023
f 4203//4203 4168//4168 1025//1025 4162//4162
f 4204//4204 1027//1027 4167//4167 4206//4206
f 1038//1038 4204//4204 4206//4206 4205//4205
f 4205//4205 4206//4206 4085//4085 981//981
f 4206//4206 4167//4167 982//982 4085//4085
f 4204//4204 1038//1038 4208//4208 4209//4209
f 1027//1027 4204//4204 4209//4209 4173//4173
f 4173//4173 4209//4209 4207//4207 1028//1028
f 4209//4209 4208//4208 1039//1039 4207//4207
f 4210//4210 1031//1031 4176//4176 4212//4212
f 786//786 4210//4210 4212//4212 4211//4211
f 4211//4211 4212//4212 4207//4207 1039//1039
f 4212//4212 4176//4176 1028//1028 4207//4207
f 4104//4104 996//996 4126//4126 4214//4214
f 990//990 4104//4104 4214//4214 4101//4101
f 4101//4101 4214//4214 4213//4213 991//991
f 4214//4214 4126//4126 1008//1008 4213//4213
f 4105//4105 995//995 4215//4215 4216//4216
f 996//996 4105//4105 4216//4216 4125//4125
f 4125//4125 4216//4216 4130//4130 1006//1006
f 4216//4216 4215//4215 1009//1009 4130//4130
f 4109//4109 998//998 4141//4141 4217//4217
f 995//995 4109//4109 4217//4217 4215//4215
f 4215//4215 4217//4217 4135//4135 1009//1009
f 4217//4217 4141//4141 1012//1012 4135//4135
f 4218//4218 1015//1015 4140//4140 4219//4219
f 999//999 4218//4218 4219//4219 4115//4115
f 4115//4115 4219//4219 4110//4110 997//997
f 4219//4219 4140//4140 998//998 4110//4110
f 4218//4218 999//999 4117//4117 4221//4221
f 1015//1015 4218//4218 4221//4221 4146//4146
f 4146//4146 4221//4221 4220//4220 1016//1016
f 4221//4221 4117//4117 1003//1003 4220//4220
f 4222//4222 1019//1019 4149//4149 4223//4223
f 1004//1004 4222//4222 4223//4223 4123//4123
f 4123//4123 4223//4223 4220//4220 1003//1003
f 4223//4223 4149//4149 1016//1016 4220//4220
f 4158//4158 993//993 4099//4099 4225//4225
f 1020//1020 4158//4158 4225//4225 4155//4155
f 4155//4155 4225//4225 4224//4224 1021//1021
f 4225//4225 4099//4099 992//992 4224//4224
f 4159//4159 1024//1024 4226//4226 4227//4227
f 993//993 4159//4159 4227//4227 4098//4098
f 4098//4098 4227//4227 4103//4103 990//990
f 4227//4227 4226//4226 994//994 4103//4103
f 4163//4163 1000//1000 4114//4114 4228//4228
f 1024//1024 4163//4163 4228//4228 4226//4226
f 4226//4226 4228//4228 4108//4108 994//994
f 4228//4228 4114//4114 997//997 4108//4108
f 4229//4229 1001//1001 4113//4113 4230//4230
f 1026//1026 4229//4229 4230//4230 4169//4169
f 4169//4169 4230//4230 4164//4164 1025//1025
f 4230//4230 4113//4113 1000//1000 4164//4164
f 4229//4229 1026//1026 4171//4171 4232//4232
f 1001//1001 4229//4229 4232//4232 4119//4119
f 4119//4119 4232//4232 4231//4231 1002//1002
f 4232//4232 4171//4171 1029//1029 4231//4231
f 4233//4233 1005//1005 4122//4122 4234//4234
f 1030//1030 4233//4233 4234//4234 4177//4177
f 4177//4177 4234//4234 4231//4231 1029//1029
f 4234//4234 4122//4122 1002//1002 4231//4231
f 4182//4182 988//988 4092//4092 4236//4236
f 1011//1011 4182//4182 4236//4236 4180//4180
f 4180//4180 4236//4236 4235//4235 1032//1032
f 4236//4236 4092//4092 987//987 4235//4235
f 4183//4183 1033//1033 4237//4237 4238//4238
f 988//988 4183//4183 4238//4238 4091//4091
f 4091//4091 4238//4238 2313//2313 300//300
f 4238//4238 4237//4237 298//298 2313//2313
f 4186//4186 980//980 4080//4080 4239//4239
f 1033//1033 4186//4186 4239//4239 4237//4237
f 4237//4237 4239//4239 2315//2315 298//298
f 4239//4239 4080//4080 295//295 2315//2315
f 4240//4240 978//978 4079//4079 4241//4241
f 1034//1034 4240//4240 4241//4241 4190//4190
f 4190//4190 4241//4241 4187//4187 1013//1013
f 4241//4241 4079//4079 980//980 4187//4187
f 4240//4240 1034//1034 4192//4192 4243//4243
f 978//978 4240//4240 4243//4243 4077//4077
f 4077//4077 4243//4243 4242//4242 979//979
f 4243//4243 4192//4192 1035//1035 4242//4242
f 4244//4244 989//989 4096//4096 4245//4245
f 1036//1036 4244//4244 4245//4245 4196//4196
f 4196//4196 4245//4245 4242//4242 1035//1035
f 4245//4245 4096//4096 979//979 4242//4242
f 4210//4210 786//786 3554//3554 4247//4247
f 1031//1031 4210//4210 4247//4247 4246//4246
f 4246//4246 4247//4247 4008//4008 953//953
f 4247//4247 3554//3554 785//785 4008//4008
f 4175//4175 1031//1031 4246//4246 4249//4249
f 1030//1030 4175//4175 4249//4249 4248//4248
f 4248//4248 4249//4249 4018//4018 957//957
f 4249//4249 4246//4246 953//953 4018//4018
f 4233//4233 1030//1030 4248//4248 4251//4251
f 1005//1005 4233//4233 4251//4251 4250//4250
f 4250//4250 4251//4251 4028//4028 961//961
f 4251//4251 4248//4248 957//957 4028//4028
f 4250//4250 961//961 4032//4032 4253//4253
f 1005//1005 4250//4250 4253//4253 4121//4121
f 4121//4121 4253//4253 4252//4252 1004//1004
f 4253//4253 4032//4032 963//963 4252//4252
f 4252//4252 963//963 4036//4036 4255//4255
f 1004//1004 4252//4252 4255//4255 4222//4222
f 4222//4222 4255//4255 4254//4254 1019//1019
f 4255//4255 4036//4036 965//965 4254//4254
f 4254//4254 965//965 4040//4040 4257//4257
f 1019//1019 4254//4254 4257//4257 4148//4148
f 4148//4148 4257//4257 4256//4256 1018//1018
f 4257//4257 4040//4040 967//967 4256//4256
f 4256//4256 967//967 4044//4044 4259//4259
f 1018//1018 4256//4256 4259//4259 4195//4195
f 4195//4195 4259//4259 4258//4258 1036//1036
f 4259//4259 4044//4044 969//969 4258//4258
f 4258//4258 969//969 4048//4048 4261//4261
f 1036//1036 4258//4258 4261//4261 4244//4244
f 4244//4244 4261//4261 4260//4260 989//989
f 4261//4261 4048//4048 971//971 4260//4260
f 4260//4260 971//971 4052//4052 4262//4262
f 989//989 4260//4260 4262//4262 4095//4095
f 4095//4095 4262//4262 2339//2339 292//292
f 4262//4262 4052//4052 275//275 2339//2339
f 4263//4263 1040//1040 4266//4266 4267//4267
f 1043//1043 4263//4263 4267//4267 4264//4264
f 4264//4264 4267//4267 4265//4265 1042//1042
f 4267//4267 4266//4266 1041//1041 4265//4265
f 4268//4268 1043//1043 4264//4264 4270//4270
f 1021//1021 4268//4268 4270//4270 4154//4154
f 4154//4154 4270//4270 4269//4269 1022//1022
f 4270//4270 4264//4264 1042//1042 4269//4269
f 4271//4271 1044//1044 4273//4273 4274//4274
f 1040//1040 4271//4271 4274//4274 4266//4266
f 4266//4266 4274//4274 4272//4272 1041//1041
f 4274//4274 4273//4273 1045//1045 4272//4272
f 3838//3838 885//885 4276//4276 4277//4277
f 861//861 3838//3838 4277//4277 3765//3765
f 3765//3765 4277//4277 4275//4275 859//859
f 4277//4277 4276//4276 1046//1046 4275//4275
f 3865//3865 893//893 4279//4279 4280//4280
f 885//885 3865//3865 4280//4280 4276//4276
f 4276//4276 4280//4280 4278//4278 1046//1046
f 4280//4280 4279//4279 1047//1047 4278//4278
f 4281//4281 1048//1048 4283//4283 4284//4284
f 1044//1044 4281//4281 4284//4284 4273//4273
f 4273//4273 4284//4284 4282//4282 1045//1045
f 4284//4284 4283//4283 1047//1047 4282//4282
f 4269//4269 1042//1042 4286//4286 4287//4287
f 1022//1022 4269//4269 4287//4287 4199//4199
f 4199//4199 4287//4287 4285//4285 1037//1037
f 4287//4287 4286//4286 1049//1049 4285//4285
f 4265//4265 1041//1041 4289//4289 4290//4290
f 1042//1042 4265//4265 4290//4290 4286//4286
f 4286//4286 4290//4290 4288//4288 1049//1049
f 4290//4290 4289//4289 900//900 4288//4288
f 4272//4272 1045//1045 4291//4291 4292//4292
f 1041//1041 4272//4272 4292//4292 4289//4289
f 4289//4289 4292//4292 3883//3883 900//900
f 4292//4292 4291//4291 895//895 3883//3883
f 4282//4282 1047//1047 4279//4279 4293//4293
f 1045//1045 4282//4282 4293//4293 4291//4291
f 4291//4291 4293//4293 3868//3868 895//895
f 4293//4293 4279//4279 893//893 3868//3868
f 4294//4294 1050//1050 4297//4297 4298//4298
f 1052//1052 4294//4294 4298//4298 4295//4295
f 4295//4295 4298//4298 4296//4296 1051//1051
f 4298//4298 4297//4297 1048//1048 4296//4296
f 3757//3757 857//857 4300//4300 4301//4301
f 855//855 3757//3757 4301//4301 4299//4299
f 4299//4299 4301//4301 4294//4294 1052//1052
f 4301//4301 4300//4300 1050//1050 4294//4294
f 3762//3762 859//859 4275//4275 4303//4303
f 857//857 3762//3762 4303//4303 4300//4300
f 4300//4300 4303//4303 4302//4302 1050//1050
f 4303//4303 4275//4275 1046//1046 4302//4302
f 4302//4302 1046//1046 4278//4278 4304//4304
f 1050//1050 4302//4302 4304//4304 4297//4297
f 4297//4297 4304//4304 4283//4283 1048//1048
f 4304//4304 4278//4278 1047//1047 4283//4283
f 4305//4305 1051//1051 4296//4296 4307//4307
f 1053//1053 4305//4305 4307//4307 4306//4306
f 4306//4306 4307//4307 4281//4281 1044//1044
f 4307//4307 4296//4296 1048//1048 4281//4281
f 4308//4308 1053//1053 4306//4306 4310//4310
f 1054//1054 4308//4308 4310//4310 4309//4309
f 4309//4309 4310//4310 4271//4271 1040//1040
f 4310//4310 4306//4306 1044//1044 4271//4271
f 4311//4311 1054//1054 4309//4309 4313//4313
f 1055//1055 4311//4311 4313//4313 4312//4312
f 4312//4312 4313//4313 4263//4263 1043//1043
f 4313//4313 4309//4309 1040//1040 4263//4263
f 4314//4314 1055//1055 4312//4312 4315//4315
f 992//992 4314//4314 4315//4315 4224//4224
f 4224//4224 4315//4315 4268//4268 1021//1021
f 4315//4315 4312//4312 1043//1043 4268//4268
f 3695//3695 832//832 4317//4317 4318//4318
f 160//160 3695//3695 4318//4318 2396//2396
f 2396//2396 4318//4318 4316//4316 375//375
f 4318//4318 4317//4317 1056//1056 4316//4316
f 4319//4319 1057//1057 4322//4322 4323//4323
f 1060//1060 4319//4319 4323//4323 4320//4320
f 4320//4320 4323//4323 4321//4321 1059//1059
f 4323//4323 4322//4322 1058//1058 4321//4321
f 4324//4324 1061//1061 4326//4326 4327//4327
f 1062//1062 4324//4324 4327//4327 4325//4325
f 4325//4325 4327//4327 2404//2404 376//376
f 4327//4327 4326//4326 377//377 2404//2404
f 4328//4328 1063//1063 4329//4329 4330//4330
f 1061//1061 4328//4328 4330//4330 4326//4326
f 4326//4326 4330//4330 2409//2409 377//377
f 4330//4330 4329//4329 378//378 2409//2409
f 4331//4331 1007//1007 4179//4179 4334//4334
f 1065//1065 4331//4331 4334//4334 4332//4332
f 4332//4332 4334//4334 4333//4333 1064//1064
f 4334//4334 4179//4179 1032//1032 4333//4333
f 4335//4335 1066//1066 4336//4336 4337//4337
f 1063//1063 4335//4335 4337//4337 4329//4329
f 4329//4329 4337//4337 2417//2417 378//378
f 4337//4337 4336//4336 379//379 2417//2417
f 3749//3749 853//853 4340//4340 4341//4341
f 851//851 3749//3749 4341//4341 4338//4338
f 4338//4338 4341//4341 4339//4339 1068//1068
f 4341//4341 4340//4340 1067//1067 4339//4339
f 4342//4342 1056//1056 4344//4344 4345//4345
f 1062//1062 4342//4342 4345//4345 4343//4343
f 4343//4343 4345//4345 4319//4319 1060//1060
f 4345//4345 4344//4344 1057//1057 4319//4319
f 4346//4346 1069//1069 4349//4349 4350//4350
f 1072//1072 4346//4346 4350//4350 4347//4347
f 4347//4347 4350//4350 4348//4348 1071//1071
f 4350//4350 4349//4349 1070//1070 4348//4348
f 4351//4351 1073//1073 4353//4353 4354//4354
f 1069//1069 4351//4351 4354//4354 4349//4349
f 4349//4349 4354//4354 4352//4352 1070//1070
f 4354//4354 4353//4353 1074//1074 4352//4352
f 4355//4355 1075//1075 4357//4357 4358//4358
f 1073//1073 4355//4355 4358//4358 4353//4353
f 4353//4353 4358//4358 4356//4356 1074//1074
f 4358//4358 4357//4357 1076//1076 4356//4356
f 4333//4333 1032//1032 4235//4235 4361//4361
f 1064//1064 4333//4333 4361//4361 4359//4359
f 4359//4359 4361//4361 4360//4360 1066//1066
f 4361//4361 4235//4235 987//987 4360//4360
f 4314//4314 992//992 4100//4100 4364//4364
f 1055//1055 4314//4314 4364//4364 4362//4362
f 4362//4362 4364//4364 4363//4363 1075//1075
f 4364//4364 4100//4100 991//991 4363//4363
f 4365//4365 1074//1074 4356//4356 4368//4368
f 1077//1077 4365//4365 4368//4368 4366//4366
f 4366//4366 4368//4368 4367//4367 1065//1065
f 4368//4368 4356//4356 1076//1076 4367//4367
f 4369//4369 1070//1070 4352//4352 4371//4371
f 1078//1078 4369//4369 4371//4371 4370//4370
f 4370//4370 4371//4371 4365//4365 1077//1077
f 4371//4371 4352//4352 1074//1074 4365//4365
f 4372//4372 1071//1071 4348//4348 4374//4374
f 1059//1059 4372//4372 4374//4374 4373//4373
f 4373//4373 4374//4374 4369//4369 1078//1078
f 4374//4374 4348//4348 1070//1070 4369//4369
f 4375//4375 1067//1067 4377//4377 4378//4378
f 1072//1072 4375//4375 4378//4378 4376//4376
f 4376//4376 4378//4378 4295//4295 1051//1051
f 4378//4378 4377//4377 1052//1052 4295//4295
f 3745//3745 851//851 4338//4338 4381//4381
f 849//849 3745//3745 4381//4381 4379//4379
f 4379//4379 4381//4381 4380//4380 1058//1058
f 4381//4381 4338//4338 1068//1068 4380//4380
f 3753//3753 855//855 4299//4299 4382//4382
f 853//853 3753//3753 4382//4382 4340//4340
f 4340//4340 4382//4382 4377//4377 1067//1067
f 4382//4382 4299//4299 1052//1052 4377//4377
f 4383//4383 1068//1068 4339//4339 4384//4384
f 1071//1071 4383//4383 4384//4384 4347//4347
f 4347//4347 4384//4384 4375//4375 1072//1072
f 4384//4384 4339//4339 1067//1067 4375//4375
f 4305//4305 1053//1053 4385//4385 4386//4386
f 1051//1051 4305//4305 4386//4386 4376//4376
f 4376//4376 4386//4386 4346//4346 1072//1072
f 4386//4386 4385//4385 1069//1069 4346//4346
f 4308//4308 1054//1054 4387//4387 4388//4388
f 1053//1053 4308//4308 4388//4388 4385//4385
f 4385//4385 4388//4388 4351//4351 1069//1069
f 4388//4388 4387//4387 1073//1073 4351//4351
f 4311//4311 1055//1055 4362//4362 4389//4389
f 1054//1054 4311//4311 4389//4389 4387//4387
f 4387//4387 4389//4389 4355//4355 1073//1073
f 4389//4389 4362//4362 1075//1075 4355//4355
f 4363//4363 991//991 4213//4213 4391//4391
f 1075//1075 4363//4363 4391//4391 4357//4357
f 4357//4357 4391//4391 4390//4390 1076//1076
f 4391//4391 4213//4213 1008//1008 4390//4390
f 4390//4390 1008//1008 4127//4127 4392//4392
f 1076//1076 4390//4390 4392//4392 4367//4367
f 4367//4367 4392//4392 4331//4331 1065//1065
f 4392//4392 4127//4127 1007//1007 4331//4331
f 4393//4393 1077//1077 4366//4366 4395//4395
f 1079//1079 4393//4393 4395//4395 4394//4394
f 4394//4394 4395//4395 4332//4332 1064//1064
f 4395//4395 4366//4366 1065//1065 4332//4332
f 4396//4396 1078//1078 4370//4370 4398//4398
f 1080//1080 4396//4396 4398//4398 4397//4397
f 4397//4397 4398//4398 4393//4393 1079//1079
f 4398//4398 4370//4370 1077//1077 4393//4393
f 4320//4320 1059//1059 4373//4373 4400//4400
f 1060//1060 4320//4320 4400//4400 4399//4399
f 4399//4399 4400//4400 4396//4396 1080//1080
f 4400//4400 4373//4373 1078//1078 4396//4396
f 4321//4321 1058//1058 4380//4380 4401//4401
f 1059//1059 4321//4321 4401//4401 4372//4372
f 4372//4372 4401//4401 4383//4383 1071//1071
f 4401//4401 4380//4380 1068//1068 4383//4383
f 3741//3741 849//849 4379//4379 4403//4403
f 834//834 3741//3741 4403//4403 4402//4402
f 4402//4402 4403//4403 4322//4322 1057//1057
f 4403//4403 4379//4379 1058//1058 4322//4322
f 3698//3698 834//834 4402//4402 4404//4404
f 832//832 3698//3698 4404//4404 4317//4317
f 4317//4317 4404//4404 4344//4344 1056//1056
f 4404//4404 4402//4402 1057//1057 4344//4344
f 2487//2487 375//375 4316//4316 4405//4405
f 376//376 2487//2487 4405//4405 4325//4325
f 4325//4325 4405//4405 4342//4342 1062//1062
f 4405//4405 4316//4316 1056//1056 4342//4342
f 4399//4399 1080//1080 4406//4406 4407//4407
f 1060//1060 4399//4399 4407//4407 4343//4343
f 4343//4343 4407//4407 4324//4324 1062//1062
f 4407//4407 4406//4406 1061//1061 4324//4324
f 4397//4397 1079//1079 4408//4408 4409//4409
f 1080//1080 4397//4397 4409//4409 4406//4406
f 4406//4406 4409//4409 4328//4328 1061//1061
f 4409//4409 4408//4408 1063//1063 4328//4328
f 4394//4394 1064//1064 4359//4359 4410//4410
f 1079//1079 4394//4394 4410//4410 4408//4408
f 4408//4408 4410//4410 4335//4335 1063//1063
f 4410//4410 4359//4359 1066//1066 4335//4335
f 4360//4360 987//987 4093//4093 4411//4411
f 1066//1066 4360//4360 4411//4411 4336//4336
f 4336//4336 4411//4411 2494//2494 379//379
f 4411//4411 4093//4093 301//301 2494//2494
f 3884//3884 899//899 4413//4413 4414//4414
f 900//900 3884//3884 4414//4414 4288//4288
f 4288//4288 4414//4414 4412//4412 1049//1049
f 4414//4414 4413//4413 1081//1081 4412//4412
f 4412//4412 1081//1081 4416//4416 4417//4417
f 1049//1049 4412//4412 4417//4417 4285//4285
f 4285//4285 4417//4417 4415//4415 1037//1037
f 4417//4417 4416//4416 1082//1082 4415//4415
f 4415//4415 1082//1082 4419//4419 4420//4420
f 1037//1037 4415//4415 4420//4420 4198//4198
f 4198//4198 4420//4420 4418//4418 986//986
f 4420//4420 4419//4419 1083//1083 4418//4418
f 4418//4418 1083//1083 4422//4422 4423//4423
f 986//986 4418//4418 4423//4423 4087//4087
f 4087//4087 4423//4423 4421//4421 984//984
f 4423//4423 4422//4422 1084//1084 4421//4421
f 4421//4421 1084//1084 4425//4425 4426//4426
f 984//984 4421//4421 4426//4426 4082//4082
f 4082//4082 4426//4426 4424//4424 981//981
f 4426//4426 4425//4425 1085//1085 4424//4424
f 4427//4427 1086//1086 4429//4429 4430//4430
f 1038//1038 4427//4427 4430//4430 4208//4208
f 4208//4208 4430//4430 4428//4428 1039//1039
f 4430//4430 4429//4429 1087//1087 4428//4428
f 4428//4428 1087//1087 4431//4431 4432//4432
f 1039//1039 4428//4428 4432//4432 4211//4211
f 4211//4211 4432//4432 3553//3553 786//786
f 4432//4432 4431//4431 781//781 3553//3553
f 4433//4433 1088//1088 4435//4435 4436//4436
f 899//899 4433//4433 4436//4436 4413//4413
f 4413//4413 4436//4436 4434//4434 1081//1081
f 4436//4436 4435//4435 1089//1089 4434//4434
f 4434//4434 1089//1089 4438//4438 4439//4439
f 1081//1081 4434//4434 4439//4439 4416//4416
f 4416//4416 4439//4439 4437//4437 1082//1082
f 4439//4439 4438//4438 1090//1090 4437//4437
f 4437//4437 1090//1090 4441//4441 4442//4442
f 1082//1082 4437//4437 4442//4442 4419//4419
f 4419//4419 4442//4442 4440//4440 1083//1083
f 4442//4442 4441//4441 1091//1091 4440//4440
f 4440//4440 1091//1091 4444//4444 4445//4445
f 1083//1083 4440//4440 4445//4445 4422//4422
f 4422//4422 4445//4445 4443//4443 1084//1084
f 4445//4445 4444//4444 1092//1092 4443//4443
f 4443//4443 1092//1092 4447//4447 4448//4448
f 1084//1084 4443//4443 4448//4448 4425//4425
f 4425//4425 4448//4448 4446//4446 1085//1085
f 4448//4448 4447//4447 1093//1093 4446//4446
f 4449//4449 1085//1085 4446//4446 4452//4452
f 1086//1086 4449//4449 4452//4452 4450//4450
f 4450//4450 4452//4452 4451//4451 1094//1094
f 4452//4452 4446//4446 1093//1093 4451//4451
f 4424//4424 1085//1085 4449//4449 4453//4453
f 981//981 4424//4424 4453//4453 4205//4205
f 4205//4205 4453//4453 4427//4427 1038//1038
f 4453//4453 4449//4449 1086//1086 4427//4427
f 4450//4450 1094//1094 4455//4455 4456//4456
f 1086//1086 4450//4450 4456//4456 4429//4429
f 4429//4429 4456//4456 4454//4454 1087//1087
f 4456//4456 4455//4455 1095//1095 4454//4454
f 4454//4454 1095//1095 4458//4458 4459//4459
f 1087//1087 4454//4454 4459//4459 4431//4431
f 4431//4431 4459//4459 4457//4457 781//781
f 4459//4459 4458//4458 1096//1096 4457//4457
f 4457//4457 1096//1096 4461//4461 4462//4462
f 781//781 4457//4457 4462//4462 3538//3538
f 3538//3538 4462//4462 4460//4460 779//779
f 4462//4462 4461//4461 1097//1097 4460//4460
f 4460//4460 1097//1097 4464//4464 4465//4465
f 779//779 4460//4460 4465//4465 3566//3566
f 3566//3566 4465//4465 4463//4463 766//766
f 4465//4465 4464//4464 1098//1098 4463//4463
f 3896//3896 766//766 4463//4463 4468//4468
f 903//903 3896//3896 4468//4468 4466//4466
f 4466//4466 4468//4468 4467//4467 1099//1099
f 4468//4468 4463//4463 1098//1098 4467//4467
f 3893//3893 903//903 4466//4466 4471//4471
f 902//902 3893//3893 4471//4471 4469//4469
f 4469//4469 4471//4471 4470//4470 1100//1100
f 4471//4471 4466//4466 1099//1099 4470//4470
f 3890//3890 902//902 4469//4469 4474//4474
f 901//901 3890//3890 4474//4474 4472//4472
f 4472//4472 4474//4474 4473//4473 1101//1101
f 4474//4474 4469//4469 1100//1100 4473//4473
f 3887//3887 901//901 4472//4472 4476//4476
f 899//899 3887//3887 4476//4476 4433//4433
f 4433//4433 4476//4476 4475//4475 1088//1088
f 4476//4476 4472//4472 1101//1101 4475//4475
f 4470//4470 1099//1099 4479//4479 4480//4480
f 1100//1100 4470//4470 4480//4480 4477//4477
f 4477//4477 4480//4480 4478//4478 1103//1103
f 4480//4480 4479//4479 1102//1102 4478//4478
f 4473//4473 1100//1100 4477//4477 4483//4483
f 1101//1101 4473//4473 4483//4483 4481//4481
f 4481//4481 4483//4483 4482//4482 1104//1104
f 4483//4483 4477//4477 1103//1103 4482//4482
f 4475//4475 1101//1101 4481//4481 4486//4486
f 1088//1088 4475//4475 4486//4486 4484//4484
f 4484//4484 4486//4486 4485//4485 1105//1105
f 4486//4486 4481//4481 1104//1104 4485//4485
f 4484//4484 1105//1105 4488//4488 4489//4489
f 1088//1088 4484//4484 4489//4489 4435//4435
f 4435//4435 4489//4489 4487//4487 1089//1089
f 4489//4489 4488//4488 1106//1106 4487//4487
f 4487//4487 1106//1106 4491//4491 4492//4492
f 1089//1089 4487//4487 4492//4492 4438//4438
f 4438//4438 4492//4492 4490//4490 1090//1090
f 4492//4492 4491//4491 1107//1107 4490//4490
f 4490//4490 1107//1107 4494//4494 4495//4495
f 1090//1090 4490//4490 4495//4495 4441//4441
f 4441//4441 4495//4495 4493//4493 1091//1091
f 4495//4495 4494//4494 1108//1108 4493//4493
f 4493//4493 1108//1108 4497//4497 4498//4498
f 1091//1091 4493//4493 4498//4498 4444//4444
f 4444//4444 4498//4498 4496//4496 1092//1092
f 4498//4498 4497//4497 1109//1109 4496//4496
f 4496//4496 1109//1109 4500//4500 4501//4501
f 1092//1092 4496//4496 4501//4501 4447//4447
f 4447//4447 4501//4501 4499//4499 1093//1093
f 4501//4501 4500//4500 1110//1110 4499//4499
f 4499//4499 1110//1110 4503//4503 4504//4504
f 1093//1093 4499//4499 4504//4504 4451//4451
f 4451//4451 4504//4504 4502//4502 1094//1094
f 4504//4504 4503//4503 1111//1111 4502//4502
f 4502//4502 1111//1111 4506//4506 4507//4507
f 1094//1094 4502//4502 4507//4507 4455//4455
f 4455//4455 4507//4507 4505//4505 1095//1095
f 4507//4507 4506//4506 1112//1112 4505//4505
f 4505//4505 1112//1112 4509//4509 4510//4510
f 1095//1095 4505//4505 4510//4510 4458//4458
f 4458//4458 4510//4510 4508//4508 1096//1096
f 4510//4510 4509//4509 1113//1113 4508//4508
f 4508//4508 1113//1113 4512//4512 4513//4513
f 1096//1096 4508//4508 4513//4513 4461//4461
f 4461//4461 4513//4513 4511//4511 1097//1097
f 4513//4513 4512//4512 1114//1114 4511//4511
f 4514//4514 1098//1098 4464//4464 4517//4517
f 1116//1116 4514//4514 4517//4517 4515//4515
f 4515//4515 4517//4517 4516//4516 1115//1115
f 4517//4517 4464//4464 1097//1097 4516//4516
f 4516//4516 1097//1097 4511//4511 4520//4520
f 1115//1115 4516//4516 4520//4520 4518//4518
f 4518//4518 4520//4520 4519//4519 1117//1117
f 4520//4520 4511//4511 1114//1114 4519//4519
f 4521//4521 1118//1118 4524//4524 4525//4525
f 1117//1117 4521//4521 4525//4525 4522//4522
f 4522//4522 4525//4525 4523//4523 1120//1120
f 4525//4525 4524//4524 1119//1119 4523//4523
f 4518//4518 1117//1117 4522//4522 4528//4528
f 1115//1115 4518//4518 4528//4528 4526//4526
f 4526//4526 4528//4528 4527//4527 1121//1121
f 4528//4528 4522//4522 1120//1120 4527//4527
f 4526//4526 1121//1121 4530//4530 4531//4531
f 1115//1115 4526//4526 4531//4531 4515//4515
f 4515//4515 4531//4531 4529//4529 1116//1116
f 4531//4531 4530//4530 1122//1122 4529//4529
f 4532//4532 1102//1102 4479//4479 4534//4534
f 1123//1123 4532//4532 4534//4534 4533//4533
f 4533//4533 4534//4534 4467//4467 1098//1098
f 4534//4534 4479//4479 1099//1099 4467//4467
f 4535//4535 1102//1102 4532//4532 4538//4538
f 1125//1125 4535//4535 4538//4538 4536//4536
f 4536//4536 4538//4538 4537//4537 1124//1124
f 4538//4538 4532//4532 1123//1123 4537//4537
f 4535//4535 1125//1125 4541//4541 4542//4542
f 1102//1102 4535//4535 4542//4542 4539//4539
f 4539//4539 4542//4542 4540//4540 1127//1127
f 4542//4542 4541//4541 1126//1126 4540//4540
f 4541//4541 1125//1125 4536//4536 4545//4545
f 1126//1126 4541//4541 4545//4545 4543//4543
f 4543//4543 4545//4545 4544//4544 1128//1128
f 4545//4545 4536//4536 1124//1124 4544//4544
f 4544//4544 1124//1124 4548//4548 4549//4549
f 1128//1128 4544//4544 4549//4549 4546//4546
f 4546//4546 4549//4549 4547//4547 1130//1130
f 4549//4549 4548//4548 1129//1129 4547//4547
f 4547//4547 1129//1129 4552//4552 4553//4553
f 1130//1130 4547//4547 4553//4553 4550//4550
f 4550//4550 4553//4553 4551//4551 1132//1132
f 4553//4553 4552//4552 1131//1131 4551//4551
f 4548//4548 1124//1124 4537//4537 4556//4556
f 1129//1129 4548//4548 4556//4556 4554//4554
f 4554//4554 4556//4556 4555//4555 1133//1133
f 4556//4556 4537//4537 1123//1123 4555//4555
f 4554//4554 1133//1133 4558//4558 4559//4559
f 1129//1129 4554//4554 4559//4559 4552//4552
f 4552//4552 4559//4559 4557//4557 1131//1131
f 4559//4559 4558//4558 1134//1134 4557//4557
f 4557//4557 1134//1134 4562//4562 4563//4563
f 1131//1131 4557//4557 4563//4563 4560//4560
f 4560//4560 4563//4563 4561//4561 1136//1136
f 4563//4563 4562//4562 1135//1135 4561//4561
f 4560//4560 1136//1136 4565//4565 4566//4566
f 1131//1131 4560//4560 4566//4566 4551//4551
f 4551//4551 4566//4566 4564//4564 1132//1132
f 4566//4566 4565//4565 1137//1137 4564//4564
f 4533//4533 1098//1098 4514//4514 4568//4568
f 1123//1123 4533//4533 4568//4568 4555//4555
f 4555//4555 4568//4568 4567//4567 1133//1133
f 4568//4568 4514//4514 1116//1116 4567//4567
f 4567//4567 1116//1116 4529//4529 4570//4570
f 1133//1133 4567//4567 4570//4570 4558//4558
f 4558//4558 4570//4570 4569//4569 1134//1134
f 4570//4570 4529//4529 1122//1122 4569//4569
f 4562//4562 1134//1134 4569//4569 4573//4573
f 1135//1135 4562//4562 4573//4573 4571//4571
f 4571//4571 4573//4573 4572//4572 1138//1138
f 4573//4573 4569//4569 1122//1122 4572//4572
f 4574//4574 1138//1138 4572//4572 4576//4576
f 1139//1139 4574//4574 4576//4576 4575//4575
f 4575//4575 4576//4576 4530//4530 1121//1121
f 4576//4576 4572//4572 1122//1122 4530//4530
f 4478//4478 1102//1102 4539//4539 4579//4579
f 1103//1103 4478//4478 4579//4579 4577//4577
f 4577//4577 4579//4579 4578//4578 1140//1140
f 4579//4579 4539//4539 1127//1127 4578//4578
f 4482//4482 1103//1103 4577//4577 4582//4582
f 1104//1104 4482//4482 4582//4582 4580//4580
f 4580//4580 4582//4582 4581//4581 1141//1141
f 4582//4582 4577//4577 1140//1140 4581//4581
f 4583//4583 1141//1141 4581//4581 4586//4586
f 1143//1143 4583//4583 4586//4586 4584//4584
f 4584//4584 4586//4586 4585//4585 1142//1142
f 4586//4586 4581//4581 1140//1140 4585//4585
f 4584//4584 1142//1142 4589//4589 4590//4590
f 1143//1143 4584//4584 4590//4590 4587//4587
f 4587//4587 4590//4590 4588//4588 1145//1145
f 4590//4590 4589//4589 1144//1144 4588//4588
f 4580//4580 1141//1141 4592//4592 4593//4593
f 1104//1104 4580//4580 4593//4593 4485//4485
f 4485//4485 4593//4593 4591//4591 1105//1105
f 4593//4593 4592//4592 1146//1146 4591//4591
f 4592//4592 1141//1141 4583//4583 4596//4596
f 1146//1146 4592//4592 4596//4596 4594//4594
f 4594//4594 4596//4596 4595//4595 1147//1147
f 4596//4596 4583//4583 1143//1143 4595//4595
f 4595//4595 1143//1143 4587//4587 4599//4599
f 1147//1147 4595//4595 4599//4599 4597//4597
f 4597//4597 4599//4599 4598//4598 1148//1148
f 4599//4599 4587//4587 1145//1145 4598//4598
f 4591//4591 1146//1146 4601//4601 4602//4602
f 1105//1105 4591//4591 4602//4602 4488//4488
f 4488//4488 4602//4602 4600//4600 1106//1106
f 4602//4602 4601//4601 1149//1149 4600//4600
f 4597//4597 1148//1148 4605//4605 4606//4606
f 1147//1147 4597//4597 4606//4606 4603//4603
f 4603//4603 4606//4606 4604//4604 1151//1151
f 4606//4606 4605//4605 1150//1150 4604//4604
f 4594//4594 1147//1147 4603//4603 4609//4609
f 1146//1146 4594//4594 4609//4609 4607//4607
f 4607//4607 4609//4609 4608//4608 1152//1152
f 4609//4609 4603//4603 1151//1151 4608//4608
f 4601//4601 1146//1146 4607//4607 4612//4612
f 1149//1149 4601//4601 4612//4612 4610//4610
f 4610//4610 4612//4612 4611//4611 1153//1153
f 4612//4612 4607//4607 1152//1152 4611//4611
f 4600//4600 1149//1149 4610//4610 4614//4614
f 1106//1106 4600//4600 4614//4614 4491//4491
f 4491//4491 4614//4614 4613//4613 1107//1107
f 4614//4614 4610//4610 1153//1153 4613//4613
f 4615//4615 1135//1135 4571//4571 4618//4618
f 1155//1155 4615//4615 4618//4618 4616//4616
f 4616//4616 4618//4618 4617//4617 1154//1154
f 4618//4618 4571//4571 1138//1138 4617//4617
f 4619//4619 1155//1155 4616//4616 4622//4622
f 1157//1157 4619//4619 4622//4622 4620//4620
f 4620//4620 4622//4622 4621//4621 1156//1156
f 4622//4622 4616//4616 1154//1154 4621//4621
f 4623//4623 1157//1157 4620//4620 4626//4626
f 1159//1159 4623//4623 4626//4626 4624//4624
f 4624//4624 4626//4626 4625//4625 1158//1158
f 4626//4626 4620//4620 1156//1156 4625//4625
f 4627//4627 1159//1159 4624//4624 4630//4630
f 1161//1161 4627//4627 4630//4630 4628//4628
f 4628//4628 4630//4630 4629//4629 1160//1160
f 4630//4630 4624//4624 1158//1158 4629//4629
f 4631//4631 1161//1161 4628//4628 4633//4633
f 1150//1150 4631//4631 4633//4633 4604//4604
f 4604//4604 4633//4633 4632//4632 1151//1151
f 4633//4633 4628//4628 1160//1160 4632//4632
f 4608//4608 1151//1151 4632//4632 4636//4636
f 1152//1152 4608//4608 4636//4636 4634//4634
f 4634//4634 4636//4636 4635//4635 1162//1162
f 4636//4636 4632//4632 1160//1160 4635//4635
f 4635//4635 1160//1160 4629//4629 4639//4639
f 1162//1162 4635//4635 4639//4639 4637//4637
f 4637//4637 4639//4639 4638//4638 1163//1163
f 4639//4639 4629//4629 1158//1158 4638//4638
f 4638//4638 1158//1158 4625//4625 4642//4642
f 1163//1163 4638//4638 4642//4642 4640//4640
f 4640//4640 4642//4642 4641//4641 1164//1164
f 4642//4642 4625//4625 1156//1156 4641//4641
f 4641//4641 1156//1156 4621//4621 4645//4645
f 1164//1164 4641//4641 4645//4645 4643//4643
f 4643//4643 4645//4645 4644//4644 1165//1165
f 4645//4645 4621//4621 1154//1154 4644//4644
f 4644//4644 1154//1154 4617//4617 4647//4647
f 1165//1165 4644//4644 4647//4647 4646//4646
f 4646//4646 4647//4647 4574//4574 1139//1139
f 4647//4647 4617//4617 1138//1138 4574//4574
f 4648//4648 1153//1153 4611//4611 4650//4650
f 1166//1166 4648//4648 4650//4650 4649//4649
f 4649//4649 4650//4650 4634//4634 1162//1162
f 4650//4650 4611//4611 1152//1152 4634//4634
f 4651//4651 1166//1166 4649//4649 4653//4653
f 1167//1167 4651//4651 4653//4653 4652//4652
f 4652//4652 4653//4653 4637//4637 1163//1163
f 4653//4653 4649//4649 1162//1162 4637//4637
f 4654//4654 1167//1167 4652//4652 4656//4656
f 1168//1168 4654//4654 4656//4656 4655//4655
f 4655//4655 4656//4656 4640//4640 1164//1164
f 4656//4656 4652//4652 1163//1163 4640//4640
f 4657//4657 1168//1168 4655//4655 4659//4659
f 1169//1169 4657//4657 4659//4659 4658//4658
f 4658//4658 4659//4659 4643//4643 1165//1165
f 4659//4659 4655//4655 1164//1164 4643//4643
f 4660//4660 1169//1169 4658//4658 4662//4662
f 1170//1170 4660//4660 4662//4662 4661//4661
f 4661//4661 4662//4662 4646//4646 1139//1139
f 4662//4662 4658//4658 1165//1165 4646//4646
f 4663//4663 1170//1170 4661//4661 4664//4664
f 1120//1120 4663//4663 4664//4664 4527//4527
f 4527//4527 4664//4664 4575//4575 1121//1121
f 4664//4664 4661//4661 1139//1139 4575//4575
f 4523//4523 1119//1119 4666//4666 4667//4667
f 1120//1120 4523//4523 4667//4667 4663//4663
f 4663//4663 4667//4667 4665//4665 1170//1170
f 4667//4667 4666//4666 1171//1171 4665//4665
f 4668//4668 1171//1171 4666//4666 4670//4670
f 1172//1172 4668//4668 4670//4670 4669//4669
f 4669//4669 4670//4670 4524//4524 1118//1118
f 4670//4670 4666//4666 1119//1119 4524//4524
f 4519//4519 1114//1114 4512//4512 4672//4672
f 1117//1117 4519//4519 4672//4672 4521//4521
f 4521//4521 4672//4672 4671//4671 1118//1118
f 4672//4672 4512//4512 1113//1113 4671//4671
f 4669//4669 1118//1118 4671//4671 4674//4674
f 1172//1172 4669//4669 4674//4674 4673//4673
f 4673//4673 4674//4674 4509//4509 1112//1112
f 4674//4674 4671//4671 1113//1113 4509//4509
f 4673//4673 1112//1112 4506//4506 4677//4677
f 1172//1172 4673//4673 4677//4677 4675//4675
f 4675//4675 4677//4677 4676//4676 1173//1173
f 4677//4677 4506//4506 1111//1111 4676//4676
f 4676//4676 1111//1111 4503//4503 4680//4680
f 1173//1173 4676//4676 4680//4680 4678//4678
f 4678//4678 4680//4680 4679//4679 1174//1174
f 4680//4680 4503//4503 1110//1110 4679//4679
f 4679//4679 1110//1110 4500//4500 4683//4683
f 1174//1174 4679//4679 4683//4683 4681//4681
f 4681//4681 4683//4683 4682//4682 1175//1175
f 4683//4683 4500//4500 1109//1109 4682//4682
f 4682//4682 1109//1109 4497//4497 4686//4686
f 1175//1175 4682//4682 4686//4686 4684//4684
f 4684//4684 4686//4686 4685//4685 1176//1176
f 4686//4686 4497//4497 1108//1108 4685//4685
f 4685//4685 1108//1108 4494//4494 4688//4688
f 1176//1176 4685//4685 4688//4688 4687//4687
f 4687//4687 4688//4688 4613//4613 1153//1153
f 4688//4688 4494//4494 1107//1107 4613//4613
f 4689//4689 1169//1169 4660//4660 4691//4691
f 1177//1177 4689//4689 4691//4691 4690//4690
f 4690//4690 4691//4691 4665//4665 1171//1171
f 4691//4691 4660//4660 1170//1170 4665//4665
f 4692//4692 1177//1177 4690//4690 4693//4693
f 1173//1173 4692//4692 4693//4693 4675//4675
f 4675//4675 4693//4693 4668//4668 1172//1172
f 4693//4693 4690//4690 1171//1171 4668//4668
f 4689//4689 1177//1177 4695//4695 4696//4696
f 1169//1169 4689//4689 4696//4696 4657//4657
f 4657//4657 4696//4696 4694//4694 1168//1168
f 4696//4696 4695//4695 1178//1178 4694//4694
f 4695//4695 1177//1177 4692//4692 4698//4698
f 1178//1178 4695//4695 4698//4698 4697//4697
f 4697//4697 4698//4698 4678//4678 1174//1174
f 4698//4698 4692//4692 1173//1173 4678//4678
f 4699//4699 1167//1167 4654//4654 4701//4701
f 1179//1179 4699//4699 4701//4701 4700//4700
f 4700//4700 4701//4701 4694//4694 1178//1178
f 4701//4701 4654//4654 1168//1168 4694//4694
f 4702//4702 1179//1179 4700//4700 4703//4703
f 1175//1175 4702//4702 4703//4703 4681//4681
f 4681//4681 4703//4703 4697//4697 1174//1174
f 4703//4703 4700//4700 1178//1178 4697//4697
f 4699//4699 1179//1179 4705//4705 4706//4706
f 1167//1167 4699//4699 4706//4706 4651//4651
f 4651//4651 4706//4706 4704//4704 1166//1166
f 4706//4706 4705//4705 1180//1180 4704//4704
f 4705//4705 1179//1179 4702//4702 4708//4708
f 1180//1180 4705//4705 4708//4708 4707//4707
f 4707//4707 4708//4708 4684//4684 1176//1176
f 4708//4708 4702//4702 1175//1175 4684//4684
f 4704//4704 1180//1180 4707//4707 4709//4709
f 1166//1166 4704//4704 4709//4709 4648//4648
f 4648//4648 4709//4709 4687//4687 1153//1153
f 4709//4709 4707//4707 1176//1176 4687//4687
f 4598//4598 1145//1145 4712//4712 4713//4713
f 1148//1148 4598//4598 4713//4713 4710//4710
f 4710//4710 4713//4713 4711//4711 1182//1182
f 4713//4713 4712//4712 1181//1181 4711//4711
f 4605//4605 1148//1148 4710//4710 4716//4716
f 1150//1150 4605//4605 4716//4716 4714//4714
f 4714//4714 4716//4716 4715//4715 1183//1183
f 4716//4716 4710//4710 1182//1182 4715//4715
f 4631//4631 1150//1150 4714//4714 4719//4719
f 1161//1161 4631//4631 4719//4719 4717//4717
f 4717//4717 4719//4719 4718//4718 1184//1184
f 4719//4719 4714//4714 1183//1183 4718//4718
f 4627//4627 1161//1161 4717//4717 4722//4722
f 1159//1159 4627//4627 4722//4722 4720//4720
f 4720//4720 4722//4722 4721//4721 1185//1185
f 4722//4722 4717//4717 1184//1184 4721//4721
f 4623//4623 1159//1159 4720//4720 4725//4725
f 1157//1157 4623//4623 4725//4725 4723//4723
f 4723//4723 4725//4725 4724//4724 1186//1186
f 4725//4725 4720//4720 1185//1185 4724//4724
f 4619//4619 1157//1157 4723//4723 4728//4728
f 1155//1155 4619//4619 4728//4728 4726//4726
f 4726//4726 4728//4728 4727//4727 1187//1187
f 4728//4728 4723//4723 1186//1186 4727//4727
f 4615//4615 1155//1155 4726//4726 4730//4730
f 1135//1135 4615//4615 4730//4730 4561//4561
f 4561//4561 4730//4730 4729//4729 1136//1136
f 4730//4730 4726//4726 1187//1187 4729//4729
f 4565//4565 1136//1136 4729//4729 4733//4733
f 1137//1137 4565//4565 4733//4733 4731//4731
f 4731//4731 4733//4733 4732//4732 1188//1188
f 4733//4733 4729//4729 1187//1187 4732//4732
f 4732//4732 1187//1187 4727//4727 4736//4736
f 1188//1188 4732//4732 4736//4736 4734//4734
f 4734//4734 4736//4736 4735//4735 1189//1189
f 4736//4736 4727//4727 1186//1186 4735//4735
f 4735//4735 1186//1186 4724//4724 4739//4739
f 1189//1189 4735//4735 4739//4739 4737//4737
f 4737//4737 4739//4739 4738//4738 1190//1190
f 4739//4739 4724//4724 1185//1185 4738//4738
f 4740//4740 1184//1184 4718//4718 4742//4742
f 1191//1191 4740//4740 4742//4742 4741//4741
f 4741//4741 4742//4742 4715//4715 1182//1182
f 4742//4742 4718//4718 1183//1183 4715//4715
f 4743//4743 1191//1191 4741//4741 4745//4745
f 1192//1192 4743//4743 4745//4745 4744//4744
f 4744//4744 4745//4745 4711//4711 1181//1181
f 4745//4745 4741//4741 1182//1182 4711//4711
f 4743//4743 1192//1192 4748//4748 4749//4749
f 1191//1191 4743//4743 4749//4749 4746//4746
f 4746//4746 4749//4749 4747//4747 1190//1190
f 4749//4749 4748//4748 1193//1193 4747//4747
f 4748//4748 1192//1192 4744//4744 4752//4752
f 1193//1193 4748//4748 4752//4752 4750//4750
f 4750//4750 4752//4752 4751//4751 1194//1194
f 4752//4752 4744//4744 1181//1181 4751//4751
f 4751//4751 1181//1181 4712//4712 4754//4754
f 1194//1194 4751//4751 4754//4754 4753//4753
f 4753//4753 4754//4754 4588//4588 1144//1144
f 4754//4754 4712//4712 1145//1145 4588//4588
f 4740//4740 1191//1191 4746//4746 4755//4755
f 1184//1184 4740//4740 4755//4755 4721//4721
f 4721//4721 4755//4755 4738//4738 1185//1185
f 4755//4755 4746//4746 1190//1190 4738//4738
f 4747//4747 1193//1193 4757//4757 4758//4758
f 1190//1190 4747//4747 4758//4758 4737//4737
f 4737//4737 4758//4758 4756//4756 1189//1189
f 4758//4758 4757//4757 1195//1195 4756//4756
f 4756//4756 1195//1195 4760//4760 4761//4761
f 1189//1189 4756//4756 4761//4761 4734//4734
f 4734//4734 4761//4761 4759//4759 1188//1188
f 4761//4761 4760//4760 1196//1196 4759//4759
f 4759//4759 1196//1196 4763//4763 4764//4764
f 1188//1188 4759//4759 4764//4764 4731//4731
f 4731//4731 4764//4764 4762//4762 1137//1137
f 4764//4764 4763//4763 1197//1197 4762//4762
f 4765//4765 1132//1132 4564//4564 4767//4767
f 1198//1198 4765//4765 4767//4767 4766//4766
f 4766//4766 4767//4767 4762//4762 1197//1197
f 4767//4767 4564//4564 1137//1137 4762//4762
f 4550//4550 1132//1132 4765//4765 4770//4770
f 1130//1130 4550//4550 4770//4770 4768//4768
f 4768//4768 4770//4770 4769//4769 1199//1199
f 4770//4770 4765//4765 1198//1198 4769//4769
f 4546//4546 1130//1130 4768//4768 4773//4773
f 1128//1128 4546//4546 4773//4773 4771//4771
f 4771//4771 4773//4773 4772//4772 1200//1200
f 4773//4773 4768//4768 1199//1199 4772//4772
f 4774//4774 1200//1200 4772//4772 4777//4777
f 1202//1202 4774//4774 4777//4777 4775//4775
f 4775//4775 4777//4777 4776//4776 1201//1201
f 4777//4777 4772//4772 1199//1199 4776//4776
f 4776//4776 1199//1199 4769//4769 4780//4780
f 1201//1201 4776//4776 4780//4780 4778//4778
f 4778//4778 4780//4780 4779//4779 1203//1203
f 4780//4780 4769//4769 1198//1198 4779//4779
f 4779//4779 1198//1198 4766//4766 4783//4783
f 1203//1203 4779//4779 4783//4783 4781//4781
f 4781//4781 4783//4783 4782//4782 1204//1204
f 4783//4783 4766//4766 1197//1197 4782//4782
f 4782//4782 1197//1197 4763//4763 4786//4786
f 1204//1204 4782//4782 4786//4786 4784//4784
f 4784//4784 4786//4786 4785//4785 1205//1205
f 4786//4786 4763//4763 1196//1196 4785//4785
f 4785//4785 1196//1196 4760//4760 4788//4788
f 1205//1205 4785//4785 4788//4788 4787//4787
f 4787//4787 4788//4788 4757//4757 1193//1193
f 4788//4788 4760//4760 1195//1195 4757//4757
f 4787//4787 1193//1193 4791//4791 4792//4792
f 1205//1205 4787//4787 4792//4792 4789//4789
f 4789//4789 4792//4792 4790//4790 1207//1207
f 4792//4792 4791//4791 1206//1206 4790//4790
f 4784//4784 1205//1205 4789//4789 4795//4795
f 1204//1204 4784//4784 4795//4795 4793//4793
f 4793//4793 4795//4795 4794//4794 1208//1208
f 4795//4795 4789//4789 1207//1207 4794//4794
f 4781//4781 1204//1204 4793//4793 4798//4798
f 1203//1203 4781//4781 4798//4798 4796//4796
f 4796//4796 4798//4798 4797//4797 1209//1209
f 4798//4798 4793//4793 1208//1208 4797//4797
f 4796//4796 1209//1209 4800//4800 4801//4801
f 1203//1203 4796//4796 4801//4801 4778//4778
f 4778//4778 4801//4801 4799//4799 1201//1201
f 4801//4801 4800//4800 1210//1210 4799//4799
f 4802//4802 1210//1210 4800//4800 4805//4805
f 1212//1212 4802//4802 4805//4805 4803//4803
f 4803//4803 4805//4805 4804//4804 1211//1211
f 4805//4805 4800//4800 1209//1209 4804//4804
f 4802//4802 1212//1212 4806//4806 4807//4807
f 1210//1210 4802//4802 4807//4807 4799//4799
f 4799//4799 4807//4807 4775//4775 1201//1201
f 4807//4807 4806//4806 1202//1202 4775//4775
f 4804//4804 1209//1209 4797//4797 4810//4810
f 1211//1211 4804//4804 4810//4810 4808//4808
f 4808//4808 4810//4810 4809//4809 1213//1213
f 4810//4810 4797//4797 1208//1208 4809//4809
f 4811//4811 1194//1194 4753//4753 4814//4814
f 1215//1215 4811//4811 4814//4814 4812//4812
f 4812//4812 4814//4814 4813//4813 1214//1214
f 4814//4814 4753//4753 1144//1144 4813//4813
f 4750//4750 1194//1194 4811//4811 4816//4816
f 1193//1193 4750//4750 4816//4816 4791//4791
f 4791//4791 4816//4816 4815//4815 1206//1206
f 4816//4816 4811//4811 1215//1215 4815//4815
f 4812//4812 1214//1214 4818//4818 4819//4819
f 1215//1215 4812//4812 4819//4819 4815//4815
f 4815//4815 4819//4819 4817//4817 1206//1206
f 4819//4819 4818//4818 1216//1216 4817//4817
f 4817//4817 1216//1216 4821//4821 4822//4822
f 1206//1206 4817//4817 4822//4822 4790//4790
f 4790//4790 4822//4822 4820//4820 1207//1207
f 4822//4822 4821//4821 1217//1217 4820//4820
f 4820//4820 1217//1217 4823//4823 4824//4824
f 1207//1207 4820//4820 4824//4824 4794//4794
f 4794//4794 4824//4824 4809//4809 1208//1208
f 4824//4824 4823//4823 1213//1213 4809//4809
f 4589//4589 1142//1142 4826//4826 4827//4827
f 1144//1144 4589//4589 4827//4827 4813//4813
f 4813//4813 4827//4827 4825//4825 1214//1214
f 4827//4827 4826//4826 1218//1218 4825//4825
f 4825//4825 1218//1218 4829//4829 4830//4830
f 1214//1214 4825//4825 4830//4830 4818//4818
f 4818//4818 4830//4830 4828//4828 1216//1216
f 4830//4830 4829//4829 1219//1219 4828//4828
f 4828//4828 1219//1219 4831//4831 4832//4832
f 1216//1216 4828//4828 4832//4832 4821//4821
f 4821//4821 4832//4832 4823//4823 1217//1217
f 4832//4832 4831//4831 1213//1213 4823//4823
f 4808//4808 1213//1213 4831//4831 4835//4835
f 1211//1211 4808//4808 4835//4835 4833//4833
f 4833//4833 4835//4835 4834//4834 1220//1220
f 4835//4835 4831//4831 1219//1219 4834//4834
f 4834//4834 1219//1219 4829//4829 4838//4838
f 1220//1220 4834//4834 4838//4838 4836//4836
f 4836//4836 4838//4838 4837//4837 1221//1221
f 4838//4838 4829//4829 1218//1218 4837//4837
f 4837//4837 1218//1218 4826//4826 4840//4840
f 1221//1221 4837//4837 4840//4840 4839//4839
f 4839//4839 4840//4840 4585//4585 1140//1140
f 4840//4840 4826//4826 1142//1142 4585//4585
f 4833//4833 1220//1220 4842//4842 4843//4843
f 1211//1211 4833//4833 4843//4843 4803//4803
f 4803//4803 4843//4843 4841//4841 1212//1212
f 4843//4843 4842//4842 1222//1222 4841//4841
f 4806//4806 1212//1212 4841//4841 4846//4846
f 1202//1202 4806//4806 4846//4846 4844//4844
f 4844//4844 4846//4846 4845//4845 1223//1223
f 4846//4846 4841//4841 1222//1222 4845//4845
f 4774//4774 1202//1202 4844//4844 4849//4849
f 1200//1200 4774//4774 4849//4849 4847//4847
f 4847//4847 4849//4849 4848//4848 1224//1224
f 4849//4849 4844//4844 1223//1223 4848//4848
f 4771//4771 1200//1200 4847//4847 4851//4851
f 1128//1128 4771//4771 4851//4851 4543//4543
f 4543//4543 4851//4851 4850//4850 1126//1126
f 4851//4851 4847//4847 1224//1224 4850//4850
f 4540//4540 1126//1126 4850//4850 4854//4854
f 1127//1127 4540//4540 4854//4854 4852//4852
f 4852//4852 4854//4854 4853//4853 1225//1225
f 4854//4854 4850//4850 1224//1224 4853//4853
f 4853//4853 1224//1224 4848//4848 4857//4857
f 1225//1225 4853//4853 4857//4857 4855//4855
f 4855//4855 4857//4857 4856//4856 1226//1226
f 4857//4857 4848//4848 1223//1223 4856//4856
f 4836//4836 1221//1221 4859//4859 4860//4860
f 1220//1220 4836//4836 4860//4860 4842//4842
f 4842//4842 4860//4860 4858//4858 1222//1222
f 4860//4860 4859//4859 1227//1227 4858//4858
f 4858//4858 1227//1227 4861//4861 4862//4862
f 1222//1222 4858//4858 4862//4862 4845//4845
f 4845//4845 4862//4862 4856//4856 1223//1223
f 4862//4862 4861//4861 1226//1226 4856//4856
f 4839//4839 1140//1140 4864//4864 4865//4865
f 1221//1221 4839//4839 4865//4865 4859//4859
f 4859//4859 4865//4865 4863//4863 1227//1227
f 4865//4865 4864//4864 1228//1228 4863//4863
f 4864//4864 1140//1140 4578//4578 4867//4867
f 1228//1228 4864//4864 4867//4867 4866//4866
f 4866//4866 4867//4867 4852//4852 1225//1225
f 4867//4867 4578//4578 1127//1127 4852//4852
f 4863//4863 1228//1228 4866//4866 4868//4868
f 1227//1227 4863//4863 4868//4868 4861//4861
f 4861//4861 4868//4868 4855//4855 1226//1226
f 4868//4868 4866//4866 1225//1225 4855//4855
f 3578//3578 792//792 4870//4870 4871//4871
f 793//793 3578//3578 4871//4871 4869//4869
f 4869//4869 4871//4871 3590//3590 801//801
f 4871//4871 4870//4870 798//798 3590//3590
f 3582//3582 793//793 4869//4869 4873//4873
f 795//795 3582//3582 4873//4873 4872//4872
f 4872//4872 4873//4873 3591//3591 800//800
f 4873//4873 4869//4869 801//801 3591//3591
f 3588//3588 795//795 4872//4872 4875//4875
f 791//791 3588//3588 4875//4875 4874//4874
f 4874//4874 4875//4875 3592//3592 799//799
f 4875//4875 4872//4872 800//800 3592//3592
f 3573//3573 791//791 4874//4874 4876//4876
f 792//792 3573//3573 4876//4876 4870//4870
f 4870//4870 4876//4876 3593//3593 798//798
f 4876//4876 4874//4874 799//799 3593//3593
f 4877//4877 1229//1229 4880//4880 4881//4881
f 1232//1232 4877//4877 4881//4881 4878//4878
f 4878//4878 4881//4881 4879//4879 1231//1231
f 4881//4881 4880//4880 1230//1230 4879//4879
f 4882//4882 946//946 3991//3991 4885//4885
f 1234//1234 4882//4882 4885//4885 4883//4883
f 4883//4883 4885//4885 4884//4884 1233//1233
f 4885//4885 3991//3991 945//945 4884//4884
f 4884//4884 945//945 3988//3988 4888//4888
f 1233//1233 4884//4884 4888//4888 4886//4886
f 4886//4886 4888//4888 4887//4887 1235//1235
f 4888//4888 3988//3988 944//944 4887//4887
f 4887//4887 944//944 3985//3985 4891//4891
f 1235//1235 4887//4887 4891//4891 4889//4889
f 4889//4889 4891//4891 4890//4890 1236//1236
f 4891//4891 3985//3985 943//943 4890//4890
f 4890//4890 943//943 3982//3982 4894//4894
f 1236//1236 4890//4890 4894//4894 4892//4892
f 4892//4892 4894//4894 4893//4893 1237//1237
f 4894//4894 3982//3982 942//942 4893//4893
f 4893//4893 942//942 3979//3979 4897//4897
f 1237//1237 4893//4893 4897//4897 4895//4895
f 4895//4895 4897//4897 4896//4896 1238//1238
f 4897//4897 3979//3979 941//941 4896//4896
f 4896//4896 941//941 3976//3976 4900//4900
f 1238//1238 4896//4896 4900//4900 4898//4898
f 4898//4898 4900//4900 4899//4899 1239//1239
f 4900//4900 3976//3976 940//940 4899//4899
f 4899//4899 940//940 3973//3973 4903//4903
f 1239//1239 4899//4899 4903//4903 4901//4901
f 4901//4901 4903//4903 4902//4902 1240//1240
f 4903//4903 3973//3973 939//939 4902//4902
f 4902//4902 939//939 3970//3970 4906//4906
f 1240//1240 4902//4902 4906//4906 4904//4904
f 4904//4904 4906//4906 4905//4905 1241//1241
f 4906//4906 3970//3970 938//938 4905//4905
f 4905//4905 938//938 3967//3967 4909//4909
f 1241//1241 4905//4905 4909//4909 4907//4907
f 4907//4907 4909//4909 4908//4908 1242//1242
f 4909//4909 3967//3967 937//937 4908//4908
f 4908//4908 937//937 3964//3964 4912//4912
f 1242//1242 4908//4908 4912//4912 4910//4910
f 4910//4910 4912//4912 4911//4911 1243//1243
f 4912//4912 3964//3964 936//936 4911//4911
f 4911//4911 936//936 3999//3999 4915//4915
f 1243//1243 4911//4911 4915//4915 4913//4913
f 4913//4913 4915//4915 4914//4914 1244//1244
f 4915//4915 3999//3999 949//949 4914//4914
f 4914//4914 949//949 4002//4002 4918//4918
f 1244//1244 4914//4914 4918//4918 4916//4916
f 4916//4916 4918//4918 4917//4917 1245//1245
f 4918//4918 4002//4002 950//950 4917//4917
f 4919//4919 951//951 4006//4006 4922//4922
f 1247//1247 4919//4919 4922//4922 4920//4920
f 4920//4920 4922//4922 4921//4921 1246//1246
f 4922//4922 4006//4006 948//948 4921//4921
f 4921//4921 948//948 3997//3997 4925//4925
f 1246//1246 4921//4921 4925//4925 4923//4923
f 4923//4923 4925//4925 4924//4924 1248//1248
f 4925//4925 3997//3997 947//947 4924//4924
f 4924//4924 947//947 3994//3994 4927//4927
f 1248//1248 4924//4924 4927//4927 4926//4926
f 4926//4926 4927//4927 4882//4882 1234//1234
f 4927//4927 3994//3994 946//946 4882//4882
f 4928//4928 824//824 3668//3668 4930//4930
f 1249//1249 4928//4928 4930//4930 4929//4929
f 4929//4929 4930//4930 3012//3012 577//577
f 4930//4930 3668//3668 140//140 3012//3012
f 4931//4931 825//825 3671//3671 4933//4933
f 1250//1250 4931//4931 4933//4933 4932//4932
f 4932//4932 4933//4933 4928//4928 1249//1249
f 4933//4933 3671//3671 824//824 4928//4928
f 4934//4934 826//826 3674//3674 4936//4936
f 1251//1251 4934//4934 4936//4936 4935//4935
f 4935//4935 4936//4936 4931//4931 1250//1250
f 4936//4936 3674//3674 825//825 4931//4931
f 4937//4937 827//827 3677//3677 4939//4939
f 1252//1252 4937//4937 4939//4939 4938//4938
f 4938//4938 4939//4939 4934//4934 1251//1251
f 4939//4939 3677//3677 826//826 4934//4934
f 4940//4940 819//819 3681//3681 4942//4942
f 1253//1253 4940//4940 4942//4942 4941//4941
f 4941//4941 4942//4942 4937//4937 1252//1252
f 4942//4942 3681//3681 827//827 4937//4937
f 3030//3030 557//557 3640//3640 4945//4945
f 583//583 3030//3030 4945//4945 4943//4943
f 4943//4943 4945//4945 4944//4944 1254//1254
f 4945//4945 3640//3640 815//815 4944//4944
f 4944//4944 815//815 3643//3643 4948//4948
f 1254//1254 4944//4944 4948//4948 4946//4946
f 4946//4946 4948//4948 4947//4947 1255//1255
f 4948//4948 3643//3643 816//816 4947//4947
f 4947//4947 816//816 3646//3646 4951//4951
f 1255//1255 4947//4947 4951//4951 4949//4949
f 4949//4949 4951//4951 4950//4950 1256//1256
f 4951//4951 3646//3646 817//817 4950//4950
f 4950//4950 817//817 3649//3649 4954//4954
f 1256//1256 4950//4950 4954//4954 4952//4952
f 4952//4952 4954//4954 4953//4953 1257//1257
f 4954//4954 3649//3649 818//818 4953//4953
f 4953//4953 818//818 3652//3652 4956//4956
f 1257//1257 4953//4953 4956//4956 4955//4955
f 4955//4955 4956//4956 4940//4940 1253//1253
f 4956//4956 3652//3652 819//819 4940//4940
f 4957//4957 1249//1249 4929//4929 4959//4959
f 1258//1258 4957//4957 4959//4959 4958//4958
f 4958//4958 4959//4959 3043//3043 588//588
f 4959//4959 4929//4929 577//577 3043//3043
f 4960//4960 1250//1250 4932//4932 4962//4962
f 1259//1259 4960//4960 4962//4962 4961//4961
f 4961//4961 4962//4962 4957//4957 1258//1258
f 4962//4962 4932//4932 1249//1249 4957//4957
f 4963//4963 1251//1251 4935//4935 4965//4965
f 1260//1260 4963//4963 4965//4965 4964//4964
f 4964//4964 4965//4965 4960//4960 1259//1259
f 4965//4965 4935//4935 1250//1250 4960//4960
f 4966//4966 1252//1252 4938//4938 4968//4968
f 1261//1261 4966//4966 4968//4968 4967//4967
f 4967//4967 4968//4968 4963//4963 1260//1260
f 4968//4968 4938//4938 1251//1251 4963//4963
f 4969//4969 1253//1253 4941//4941 4971//4971
f 1262//1262 4969//4969 4971//4971 4970//4970
f 4970//4970 4971//4971 4966//4966 1261//1261
f 4971//4971 4941//4941 1252//1252 4966//4966
f 3061//3061 583//583 4943//4943 4974//4974
f 594//594 3061//3061 4974//4974 4972//4972
f 4972//4972 4974//4974 4973//4973 1263//1263
f 4974//4974 4943//4943 1254//1254 4973//4973
f 4973//4973 1254//1254 4946//4946 4977//4977
f 1263//1263 4973//4973 4977//4977 4975//4975
f 4975//4975 4977//4977 4976//4976 1264//1264
f 4977//4977 4946//4946 1255//1255 4976//4976
f 4976//4976 1255//1255 4949//4949 4980//4980
f 1264//1264 4976//4976 4980//4980 4978//4978
f 4978//4978 4980//4980 4979//4979 1265//1265
f 4980//4980 4949//4949 1256//1256 4979//4979
f 4979//4979 1256//1256 4952//4952 4983//4983
f 1265//1265 4979//4979 4983//4983 4981//4981
f 4981//4981 4983//4983 4982//4982 1266//1266
f 4983//4983 4952//4952 1257//1257 4982//4982
f 4982//4982 1257//1257 4955//4955 4985//4985
f 1266//1266 4982//4982 4985//4985 4984//4984
f 4984//4984 4985//4985 4969//4969 1262//1262
f 4985//4985 4955//4955 1253//1253 4969//4969
f 4986//4986 1267//1267 4988//4988 4989//4989
f 1268//1268 4986//4986 4989//4989 4987//4987
f 4987//4987 4989//4989 3075//3075 599//599
f 4989//4989 4988//4988 620//620 3075//3075
f 4990//4990 1269//1269 4992//4992 4993//4993
f 1270//1270 4990//4990 4993//4993 4991//4991
f 4991//4991 4993//4993 4986//4986 1268//1268
f 4993//4993 4992//4992 1267//1267 4986//4986
f 4994//4994 1271//1271 4996//4996 4997//4997
f 1272//1272 4994//4994 4997//4997 4995//4995
f 4995//4995 4997//4997 4990//4990 1270//1270
f 4997//4997 4996//4996 1269//1269 4990//4990
f 4998//4998 1273//1273 5000//5000 5001//5001
f 1274//1274 4998//4998 5001//5001 4999//4999
f 4999//4999 5001//5001 4994//4994 1272//1272
f 5001//5001 5000//5000 1271//1271 4994//4994
f 5002//5002 1275//1275 5004//5004 5005//5005
f 1276//1276 5002//5002 5005//5005 5003//5003
f 5003//5003 5005//5005 4998//4998 1274//1274
f 5005//5005 5004//5004 1273//1273 4998//4998
f 3098//3098 610//610 5008//5008 5009//5009
f 605//605 3098//3098 5009//5009 5006//5006
f 5006//5006 5009//5009 5007//5007 1278//1278
f 5009//5009 5008//5008 1277//1277 5007//5007
f 5007//5007 1277//1277 5012//5012 5013//5013
f 1278//1278 5007//5007 5013//5013 5010//5010
f 5010//5010 5013//5013 5011//5011 1280//1280
f 5013//5013 5012//5012 1279//1279 5011//5011
f 5011//5011 1279//1279 5016//5016 5017//5017
f 1280//1280 5011//5011 5017//5017 5014//5014
f 5014//5014 5017//5017 5015//5015 1282//1282
f 5017//5017 5016//5016 1281//1281 5015//5015
f 5015//5015 1281//1281 5020//5020 5021//5021
f 1282//1282 5015//5015 5021//5021 5018//5018
f 5018//5018 5021//5021 5019//5019 1284//1284
f 5021//5021 5020//5020 1283//1283 5019//5019
f 5019//5019 1283//1283 5023//5023 5024//5024
f 1284//1284 5019//5019 5024//5024 5022//5022
f 5022//5022 5024//5024 5002//5002 1276//1276
f 5024//5024 5023//5023 1275//1275 5002//5002
f 3116//3116 594//594 4972//4972 5026//5026
f 610//610 3116//3116 5026//5026 5008//5008
f 5008//5008 5026//5026 5025//5025 1277//1277
f 5026//5026 4972//4972 1263//1263 5025//5025
f 5025//5025 1263//1263 4975//4975 5028//5028
f 1277//1277 5025//5025 5028//5028 5012//5012
f 5012//5012 5028//5028 5027//5027 1279//1279
f 5028//5028 4975//4975 1264//1264 5027//5027
f 5027//5027 1264//1264 4978//4978 5030//5030
f 1279//1279 5027//5027 5030//5030 5016//5016
f 5016//5016 5030//5030 5029//5029 1281//1281
f 5030//5030 4978//4978 1265//1265 5029//5029
f 5029//5029 1265//1265 4981//4981 5032//5032
f 1281//1281 5029//5029 5032//5032 5020//5020
f 5020//5020 5032//5032 5031//5031 1283//1283
f 5032//5032 4981//4981 1266//1266 5031//5031
f 5031//5031 1266//1266 4984//4984 5034//5034
f 1283//1283 5031//5031 5034//5034 5023//5023
f 5023//5023 5034//5034 5033//5033 1275//1275
f 5034//5034 4984//4984 1262//1262 5033//5033
f 5033//5033 1262//1262 4970//4970 5036//5036
f 1275//1275 5033//5033 5036//5036 5004//5004
f 5004//5004 5036//5036 5035//5035 1273//1273
f 5036//5036 4970//4970 1261//1261 5035//5035
f 5035//5035 1261//1261 4967//4967 5038//5038
f 1273//1273 5035//5035 5038//5038 5000//5000
f 5000//5000 5038//5038 5037//5037 1271//1271
f 5038//5038 4967//4967 1260//1260 5037//5037
f 5037//5037 1260//1260 4964//4964 5040//5040
f 1271//1271 5037//5037 5040//5040 4996//4996
f 4996//4996 5040//5040 5039//5039 1269//1269
f 5040//5040 4964//4964 1259//1259 5039//5039
f 5039//5039 1259//1259 4961//4961 5042//5042
f 1269//1269 5039//5039 5042//5042 4992//4992
f 4992//4992 5042//5042 5041//5041 1267//1267
f 5042//5042 4961//4961 1258//1258 5041//5041
f 5041//5041 1258//1258 4958//4958 5043//5043
f 1267//1267 5041//5041 5043//5043 4988//4988
f 4988//4988 5043//5043 3134//3134 620//620
f 5043//5043 4958//4958 588//588 3134//3134
f 3747//3747 848//848 5045//5045 5046//5046
f 850//850 3747//3747 5046//5046 5044//5044
f 5044//5044 5046//5046 3907//3907 911//911
f 5046//5046 5045//5045 909//909 3907//3907
f 3743//3743 843//843 5047//5047 5048//5048
f 848//848 3743//3743 5048//5048 5045//5045
f 5045//5045 5048//5048 3903//3903 909//909
f 5048//5048 5047//5047 907//907 3903//3903
f 3727//3727 842//842 5049//5049 5050//5050
f 843//843 3727//3727 5050//5050 5047//5047
f 5047//5047 5050//5050 3898//3898 907//907
f 5050//5050 5049//5049 904//904 3898//3898
f 5051//5051 935//935 3959//3959 5052//5052
f 841//841 5051//5051 5052//5052 3724//3724
f 3724//3724 5052//5052 5049//5049 842//842
f 5052//5052 3959//3959 904//904 5049//5049
f 5053//5053 933//933 3955//3955 5054//5054
f 847//847 5053//5053 5054//5054 3738//3738
f 3738//3738 5054//5054 5051//5051 841//841
f 5054//5054 3955//3955 935//935 5051//5051
f 5055//5055 931//931 3951//3951 5056//5056
f 870//870 5055//5055 5056//5056 3790//3790
f 3790//3790 5056//5056 5053//5053 847//847
f 5056//5056 3951//3951 933//933 5053//5053
f 5057//5057 929//929 3947//3947 5058//5058
f 868//868 5057//5057 5058//5058 3787//3787
f 3787//3787 5058//5058 5055//5055 870//870
f 5058//5058 3947//3947 931//931 5055//5055
f 5059//5059 927//927 3943//3943 5060//5060
f 866//866 5059//5059 5060//5060 3783//3783
f 3783//3783 5060//5060 5057//5057 868//868
f 5060//5060 3943//3943 929//929 5057//5057
f 5061//5061 925//925 3939//3939 5062//5062
f 864//864 5061//5061 5062//5062 3779//3779
f 3779//3779 5062//5062 5059//5059 866//866
f 5062//5062 3939//3939 927//927 5059//5059
f 3775//3775 862//862 5063//5063 5064//5064
f 864//864 3775//3775 5064//5064 5061//5061
f 5061//5061 5064//5064 3935//3935 925//925
f 5064//5064 5063//5063 923//923 3935//3935
f 3771//3771 860//860 5065//5065 5066//5066
f 862//862 3771//3771 5066//5066 5063//5063
f 5063//5063 5066//5066 3931//3931 923//923
f 5066//5066 5065//5065 921//921 3931//3931
f 3767//3767 858//858 5067//5067 5068//5068
f 860//860 3767//3767 5068//5068 5065//5065
f 5065//5065 5068//5068 3927//3927 921//921
f 5068//5068 5067//5067 919//919 3927//3927
f 3761//3761 856//856 5069//5069 5070//5070
f 858//858 3761//3761 5070//5070 5067//5067
f 5067//5067 5070//5070 3923//3923 919//919
f 5070//5070 5069//5069 917//917 3923//3923
f 3759//3759 854//854 5071//5071 5072//5072
f 856//856 3759//3759 5072//5072 5069//5069
f 5069//5069 5072//5072 3919//3919 917//917
f 5072//5072 5071//5071 915//915 3919//3919
f 3755//3755 852//852 5073//5073 5074//5074
f 854//854 3755//3755 5074//5074 5071//5071
f 5071//5071 5074//5074 3915//3915 915//915
f 5074//5074 5073//5073 912//912 3915//3915
f 3751//3751 850//850 5044//5044 5075//5075
f 852//852 3751//3751 5075//5075 5073//5073
f 5073//5073 5075//5075 3913//3913 912//912
f 5075//5075 5044//5044 911//911 3913//3913
f 4003//4003 922//922 3933//3933 5077//5077
f 950//950 4003//4003 5077//5077 5076//5076
f 5076//5076 5077//5077 4005//4005 951//951
f 5077//5077 3933//3933 920//920 4005//4005
f 5078//5078 1245//1245 4917//4917 5079//5079
f 1247//1247 5078//5078 5079//5079 4919//4919
f 4919//4919 5079//5079 5076//5076 951//951
f 5079//5079 4917//4917 950//950 5076//5076
f 5080//5080 1234//1234 4883//4883 5082//5082
f 1229//1229 5080//5080 5082//5082 4880//4880
f 4880//4880 5082//5082 5081//5081 1230//1230
f 5082//5082 4883//4883 1233//1233 5081//5081
f 5081//5081 1233//1233 4886//4886 5085//5085
f 1230//1230 5081//5081 5085//5085 5083//5083
f 5083//5083 5085//5085 5084//5084 1285//1285
f 5085//5085 4886//4886 1235//1235 5084//5084
f 5084//5084 1235//1235 4889//4889 5088//5088
f 1285//1285 5084//5084 5088//5088 5086//5086
f 5086//5086 5088//5088 5087//5087 1286//1286
f 5088//5088 4889//4889 1236//1236 5087//5087
f 5087//5087 1236//1236 4892//4892 5091//5091
f 1286//1286 5087//5087 5091//5091 5089//5089
f 5089//5089 5091//5091 5090//5090 1287//1287
f 5091//5091 4892//4892 1237//1237 5090//5090
f 5090//5090 1237//1237 4895//4895 5094//5094
f 1287//1287 5090//5090 5094//5094 5092//5092
f 5092//5092 5094//5094 5093//5093 1288//1288
f 5094//5094 4895//4895 1238//1238 5093//5093
f 5093//5093 1238//1238 4898//4898 5097//5097
f 1288//1288 5093//5093 5097//5097 5095//5095
f 5095//5095 5097//5097 5096//5096 1289//1289
f 5097//5097 4898//4898 1239//1239 5096//5096
f 5096//5096 1239//1239 4901//4901 5100//5100
f 1289//1289 5096//5096 5100//5100 5098//5098
f 5098//5098 5100//5100 5099//5099 1290//1290
f 5100//5100 4901//4901 1240//1240 5099//5099
f 5099//5099 1240//1240 4904//4904 5103//5103
f 1290//1290 5099//5099 5103//5103 5101//5101
f 5101//5101 5103//5103 5102//5102 1291//1291
f 5103//5103 4904//4904 1241//1241 5102//5102
f 5102//5102 1241//1241 4907//4907 5106//5106
f 1291//1291 5102//5102 5106//5106 5104//5104
f 5104//5104 5106//5106 5105//5105 1292//1292
f 5106//5106 4907//4907 1242//1242 5105//5105
f 5105//5105 1242//1242 4910//4910 5109//5109
f 1292//1292 5105//5105 5109//5109 5107//5107
f 5107//5107 5109//5109 5108//5108 1293//1293
f 5109//5109 4910//4910 1243//1243 5108//5108
f 5108//5108 1243//1243 4913//4913 5112//5112
f 1293//1293 5108//5108 5112//5112 5110//5110
f 5110//5110 5112//5112 5111//5111 1294//1294
f 5112//5112 4913//4913 1244//1244 5111//5111
f 5111//5111 1244//1244 4916//4916 5115//5115
f 1294//1294 5111//5111 5115//5115 5113//5113
f 5113//5113 5115//5115 5114//5114 1295//1295
f 5115//5115 4916//4916 1245//1245 5114//5114
f 5114//5114 1245//1245 5078//5078 5118//5118
f 1295//1295 5114//5114 5118//5118 5116//5116
f 5116//5116 5118//5118 5117//5117 1296//1296
f 5118//5118 5078//5078 1247//1247 5117//5117
f 5117//5117 1247//1247 4920//4920 5121//5121
f 1296//1296 5117//5117 5121//5121 5119//5119
f 5119//5119 5121//5121 5120//5120 1297//1297
f 5121//5121 4920//4920 1246//1246 5120//5120
f 5120//5120 1246//1246 4923//4923 5124//5124
f 1297//1297 5120//5120 5124//5124 5122//5122
f 5122//5122 5124//5124 5123//5123 1298//1298
f 5124//5124 4923//4923 1248//1248 5123//5123
f 5123//5123 1248//1248 4926//4926 5126//5126
f 1298//1298 5123//5123 5126//5126 5125//5125
f 5125//5125 5126//5126 5080//5080 1229//1229
f 5126//5126 4926//4926 1234//1234 5080//5080
f 5127//5127 1299//1299 5129//5129 5130//5130
f 1300//1300 5127//5127 5130//5130 5128//5128
f 5128//5128 5130//5130 5086//5086 1286//1286
f 5130//5130 5129//5129 1285//1285 5086//5086
f 5131//5131 1231//1231 4879//4879 5132//5132
f 1299//1299 5131//5131 5132//5132 5129//5129
f 5129//5129 5132//5132 5083//5083 1285//1285
f 5132//5132 4879//4879 1230//1230 5083//5083
f 5133//5133 1300//1300 5128//5128 5134//5134
f 1288//1288 5133//5133 5134//5134 5092//5092
f 5092//5092 5134//5134 5089//5089 1287//1287
f 5134//5134 5128//5128 1286//1286 5089//5089
f 5122//5122 1298//1298 5136//5136 5137//5137
f 1297//1297 5122//5122 5137//5137 5119//5119
f 5119//5119 5137//5137 5135//5135 1296//1296
f 5137//5137 5136//5136 1301//1301 5135//5135
f 5098//5098 1290//1290 5138//5138 5139//5139
f 1289//1289 5098//5098 5139//5139 5095//5095
f 5095//5095 5139//5139 5133//5133 1288//1288
f 5139//5139 5138//5138 1300//1300 5133//5133
f 5101//5101 1291//1291 5140//5140 5141//5141
f 1290//1290 5101//5101 5141//5141 5138//5138
f 5138//5138 5141//5141 5127//5127 1300//1300
f 5141//5141 5140//5140 1299//1299 5127//5127
f 5104//5104 1292//1292 5142//5142 5143//5143
f 1291//1291 5104//5104 5143//5143 5140//5140
f 5140//5140 5143//5143 5131//5131 1299//1299
f 5143//5143 5142//5142 1231//1231 5131//5131
f 5144//5144 1232//1232 4878//4878 5145//5145
f 1293//1293 5144//5144 5145//5145 5107//5107
f 5107//5107 5145//5145 5142//5142 1292//1292
f 5145//5145 4878//4878 1231//1231 5142//5142
f 5116//5116 1296//1296 5135//5135 5147//5147
f 1295//1295 5116//5116 5147//5147 5113//5113
f 5113//5113 5147//5147 5146//5146 1294//1294
f 5147//5147 5135//5135 1301//1301 5146//5146
f 5125//5125 1229//1229 4877//4877 5149//5149
f 1298//1298 5125//5125 5149//5149 5136//5136
f 5136//5136 5149//5149 5148//5148 1301//1301
f 5149//5149 4877//4877 1232//1232 5148//5148
f 5110//5110 1294//1294 5146//5146 5150//5150
f 1293//1293 5110//5110 5150//5150 5144//5144
f 5144//5144 5150//5150 5148//5148 1232//1232
f 5150//5150 5146//5146 1301//1301 5148//5148
f 5151//5151 1302//1302 5152//5152 5153//5153
f 972//972 5151//5151 5153//5153 4055//4055
f 4055//4055 5153//5153 3244//3244 283//283
f 5153//5153 5152//5152 673//673 3244//3244
f 5154//5154 1303//1303 5156//5156 5157//5157
f 974//974 5154//5154 5157//5157 4058//4058
f 4058//4058 5157//5157 5155//5155 973//973
f 5157//5157 5156//5156 1304//1304 5155//5155
f 5158//5158 1305//1305 5160//5160 5161//5161
f 976//976 5158//5158 5161//5161 4062//4062
f 4062//4062 5161//5161 5159//5159 975//975
f 5161//5161 5160//5160 1306//1306 5159//5159
f 5159//5159 1306//1306 5163//5163 5164//5164
f 975//975 5159//5159 5164//5164 4066//4066
f 4066//4066 5164//5164 5162//5162 977//977
f 5164//5164 5163//5163 1307//1307 5162//5162
f 4025//4025 959//959 5165//5165 5166//5166
f 958//958 4025//4025 5166//5166 4069//4069
f 4069//4069 5166//5166 5154//5154 974//974
f 5166//5166 5165//5165 1303//1303 5154//5154
f 5155//5155 1304//1304 5167//5167 5168//5168
f 973//973 5155//5155 5168//5168 4071//4071
f 4071//4071 5168//5168 5158//5158 976//976
f 5168//5168 5167//5167 1305//1305 5158//5158
f 5162//5162 1307//1307 5169//5169 5170//5170
f 977//977 5162//5162 5170//5170 4073//4073
f 4073//4073 5170//5170 5151//5151 972//972
f 5170//5170 5169//5169 1302//1302 5151//5151
